ply
format ascii 1.0
comment Created by Blender 3.3.1 - www.blender.org
element vertex 7234
property float x
property float y
property float z
property float nx
property float ny
property float nz
property uchar red
property uchar green
property uchar blue
property uchar alpha
element face 14464
property list uchar uint vertex_indices
end_header
27.213379 38.460938 -37.500000 -0.337770 -0.742664 -0.578240 30 42 86 255
37.264168 42.131348 -37.500000 0.242558 -0.664203 -0.707107 30 42 86 255
27.213379 38.460938 -18.750000 -0.414001 -0.910276 0.000000 30 42 86 255
27.213379 38.460938 37.500000 -0.337770 -0.742664 0.578240 30 42 86 255
37.264168 42.131348 18.750000 0.343029 -0.939325 0.000000 30 42 86 255
37.264168 42.131348 37.500000 0.242558 -0.664203 0.707107 30 42 86 255
1.360657 62.554688 -37.500000 -0.058728 -0.664311 -0.745146 30 42 86 255
2.553795 62.250488 -37.500000 -0.174694 -0.685188 -0.707107 30 42 86 255
1.360657 62.554688 -18.750000 -0.088061 -0.996115 0.000000 30 42 86 255
1.360657 62.554688 37.500000 -0.058728 -0.664311 0.745146 30 42 86 255
2.553795 62.250488 18.750000 -0.247054 -0.969002 0.000000 30 42 86 255
2.553795 62.250488 37.500000 -0.174694 -0.685188 0.707107 30 42 86 255
6.133209 61.337891 37.500000 -0.186934 -0.677305 0.711558 30 42 86 255
6.133209 61.337891 18.750000 -0.266050 -0.963959 0.000000 30 42 86 255
6.713036 61.165527 18.750000 -0.284944 -0.958544 0.000000 30 42 86 255
6.713036 61.165527 37.500000 -0.201486 -0.677794 0.707106 30 42 86 255
8.452515 60.648438 37.500000 -0.215643 -0.667810 0.712410 30 42 86 255
8.452515 60.648438 18.750000 -0.307287 -0.951617 0.000000 30 42 86 255
9.012238 60.453125 18.750000 -0.329463 -0.944169 0.000000 30 42 86 255
9.012238 60.453125 37.500000 -0.232966 -0.667628 0.707106 30 42 86 255
10.691406 59.867188 37.500000 -0.252197 -0.652452 0.714635 30 42 86 255
10.691406 59.867188 18.750000 -0.360540 -0.932744 0.000000 30 42 86 255
11.224365 59.640625 18.750000 -0.391221 -0.920297 0.000000 30 42 86 255
11.224365 59.640625 37.500000 -0.276635 -0.650748 0.707107 30 42 86 255
12.823242 58.960938 37.500000 -0.300088 -0.629266 0.716918 30 42 86 255
12.823242 58.960938 18.750000 -0.430445 -0.902617 0.000000 30 42 86 255
13.322708 58.695801 18.750000 -0.468873 -0.883266 0.000000 30 42 86 255
13.322708 58.695801 37.500000 -0.331543 -0.624563 0.707107 30 42 86 255
14.821106 57.900391 37.500000 -0.358451 -0.594788 0.719542 30 42 86 255
14.821106 57.900391 18.750000 -0.516166 -0.856489 0.000000 30 42 86 255
15.280396 57.588379 18.750000 -0.561934 -0.827182 0.000000 30 42 86 255
15.280396 57.588379 37.500000 -0.397348 -0.584907 0.707106 30 42 86 255
16.658264 56.652344 37.500000 -0.424395 -0.546995 0.721586 30 42 86 255
16.658264 56.652344 18.750000 -0.612999 -0.790084 0.000000 30 42 86 255
17.072197 56.287109 18.750000 -0.661621 -0.749838 0.000000 30 42 86 255
17.072197 56.287109 37.500000 -0.467837 -0.530216 0.707106 30 42 86 255
18.313995 55.191406 37.500000 -0.488476 -0.492138 0.720550 30 42 86 255
18.313995 55.191406 18.750000 -0.704461 -0.709742 0.000000 30 42 86 255
18.685318 54.776855 18.750000 -0.744876 -0.667203 0.000000 30 42 86 255
18.685318 54.776855 37.500000 -0.526707 -0.471784 0.707107 30 42 86 255
19.799286 53.533203 37.500000 -0.540578 -0.437629 0.718509 30 42 86 255
19.799286 53.533203 18.750000 -0.777232 -0.629214 0.000000 30 42 86 255
20.133316 53.075684 18.750000 -0.807653 -0.589659 0.000000 30 42 86 255
20.133316 53.075684 37.500000 -0.571096 -0.416951 0.707107 30 42 86 255
21.135406 51.703125 37.500000 -0.579915 -0.387639 0.716544 30 42 86 255
21.135406 51.703125 18.750000 -0.831369 -0.555721 0.000000 30 42 86 255
21.437485 51.208008 18.750000 -0.853660 -0.520831 0.000000 30 42 86 255
21.437485 51.208008 37.500000 -0.603629 -0.368283 0.707107 30 42 86 255
22.343719 49.722656 37.500000 -0.608778 -0.344812 0.714489 30 42 86 255
22.343719 49.722656 18.750000 -0.870122 -0.492837 0.000000 30 42 86 255
22.619164 49.197266 18.750000 -0.885666 -0.464324 0.000000 30 42 86 255
22.619164 49.197266 37.500000 -0.626260 -0.328326 0.707107 30 42 86 255
23.445496 47.621094 37.500000 -0.629156 -0.309957 0.712803 30 42 86 255
23.445496 47.621094 18.750000 -0.897047 -0.441935 0.000000 30 42 86 255
23.699631 47.070801 18.750000 -0.907863 -0.419267 0.000000 30 42 86 255
23.699631 47.070801 37.500000 -0.641956 -0.296467 0.707107 30 42 86 255
24.462036 45.419922 37.500000 -0.643466 -0.282928 0.711269 30 42 86 255
24.462036 45.419922 18.750000 -0.915418 -0.402504 0.000000 30 42 86 255
24.700180 44.850098 18.750000 -0.922664 -0.385605 0.000000 30 42 86 255
24.700180 44.850098 37.500000 -0.652422 -0.272664 0.707107 30 42 86 255
25.414612 43.140625 37.500000 -0.653248 -0.261988 0.710373 30 42 86 255
25.414612 43.140625 18.750000 -0.928139 -0.372234 0.000000 30 42 86 255
25.864304 41.970703 18.750000 -0.933420 -0.358786 0.000000 30 42 86 255
25.864304 41.970703 37.500000 -0.660028 -0.253700 0.707107 30 42 86 255
-11.429596 58.080078 -37.500000 0.456462 -0.497136 -0.737901 30 42 86 255
-10.711609 58.583008 -37.500000 0.405683 -0.579156 -0.707106 30 42 86 255
-11.429596 58.080078 -18.750000 0.676332 -0.736597 0.000000 30 42 86 255
-11.429596 58.080078 37.500000 0.456462 -0.497136 0.737901 30 42 86 255
-10.711609 58.583008 18.750000 0.573722 -0.819050 0.000000 30 42 86 255
-10.711609 58.583008 37.500000 0.405683 -0.579156 0.707106 30 42 86 255
-8.557648 60.091797 37.500000 0.371105 -0.588629 0.718190 30 42 86 255
-8.557648 60.091797 18.750000 0.533314 -0.845917 0.000000 30 42 86 255
-8.184044 60.302734 18.750000 0.491651 -0.870792 0.000000 30 42 86 255
-8.184044 60.302734 37.500000 0.347650 -0.615743 0.707106 30 42 86 255
-7.063232 60.935547 37.500000 0.305121 -0.622741 0.720483 30 42 86 255
-7.063232 60.935547 18.750000 0.439990 -0.898003 0.000000 30 42 86 255
-6.672127 61.099609 18.750000 0.386828 -0.922152 0.000000 30 42 86 255
-6.672127 61.099609 37.500000 0.273529 -0.652060 0.707107 30 42 86 255
-5.498810 61.591797 37.500000 0.222655 -0.654016 0.722972 30 42 86 255
-5.498810 61.591797 18.750000 0.322278 -0.946645 0.000000 30 42 86 255
-5.087975 61.700684 18.750000 0.256192 -0.966626 0.000000 30 42 86 255
-5.087975 61.700684 37.500000 0.181155 -0.683508 0.707107 30 42 86 255
-3.855469 62.027344 37.500000 0.143530 -0.680246 0.718794 30 42 86 255
-3.855469 62.027344 18.750000 0.206452 -0.978457 0.000000 30 42 86 255
-3.429298 62.094727 18.750000 0.156172 -0.987730 0.000000 30 42 86 255
-3.429298 62.094727 37.500000 0.110431 -0.698431 0.707107 30 42 86 255
-2.150787 62.296875 37.500000 0.080067 -0.692847 0.716626 30 42 86 255
-2.150787 62.296875 18.750000 0.114798 -0.993389 0.000000 30 42 86 255
-1.272926 62.361328 18.750000 0.073224 -0.997316 0.000000 30 42 86 255
-1.272926 62.361328 37.500000 0.051777 -0.705209 0.707107 30 42 86 255
-16.037750 47.640625 -37.500000 0.674118 0.002301 -0.738620 30 42 86 255
-15.940651 48.375977 -37.500000 0.701022 -0.092566 -0.707107 30 42 86 255
-16.037750 47.640625 -18.750000 0.999994 0.003413 0.000000 30 42 86 255
-16.037750 47.640625 37.500000 0.674118 0.002301 0.738620 30 42 86 255
-15.940651 48.375977 18.750000 0.991394 -0.130908 0.000000 30 42 86 255
-15.940651 48.375977 37.500000 0.701022 -0.092566 0.707107 30 42 86 255
-15.649353 50.582031 37.500000 0.684901 -0.123961 0.718014 30 42 86 255
-15.649353 50.582031 18.750000 0.984013 -0.178098 0.000000 30 42 86 255
-15.567764 50.935547 18.750000 0.974386 -0.224881 0.000000 30 42 86 255
-15.567764 50.935547 37.500000 0.688995 -0.159015 0.707107 30 42 86 255
-15.322998 51.996094 37.500000 0.664967 -0.195804 0.720749 30 42 86 255
-15.322998 51.996094 18.750000 0.959277 -0.282465 0.000000 30 42 86 255
-15.201752 52.332520 18.750000 0.940769 -0.339049 0.000000 30 42 86 255
-15.201752 52.332520 37.500000 0.665224 -0.239744 0.707107 30 42 86 255
-14.838013 53.341797 37.500000 0.630486 -0.280385 0.723790 30 42 86 255
-14.838013 53.341797 18.750000 0.913721 -0.406343 0.000000 30 42 86 255
-14.669365 53.657227 18.750000 0.881867 -0.471499 0.000000 30 42 86 255
-14.669365 53.657227 37.500000 0.623574 -0.333400 0.707107 30 42 86 255
-14.163422 54.603516 37.500000 0.592185 -0.361484 0.720171 30 42 86 255
-14.163422 54.603516 18.750000 0.853543 -0.521023 0.000000 30 42 86 255
-13.956734 54.902344 18.750000 0.822441 -0.568851 0.000000 30 42 86 255
-13.956734 54.902344 37.500000 0.581554 -0.402238 0.707106 30 42 86 255
-13.336670 55.798828 37.500000 0.554214 -0.421930 0.717511 30 42 86 255
-13.336670 55.798828 18.750000 0.795659 -0.605745 0.000000 30 42 86 255
-12.859901 56.369141 18.750000 0.767223 -0.641381 0.000000 30 42 86 255
-12.859901 56.369141 37.500000 0.542508 -0.453525 0.707107 30 42 86 255
-10.350159 36.390625 -37.500000 0.413386 0.537662 -0.734868 30 42 86 255
-10.945374 36.973145 -37.500000 0.494582 0.505361 -0.707106 30 42 86 255
-10.350159 36.390625 -18.750000 0.609526 0.792766 0.000000 30 42 86 255
-10.350159 36.390625 37.500000 0.413387 0.537662 0.734868 30 42 86 255
-10.945374 36.973145 18.750000 0.699444 0.714687 0.000000 30 42 86 255
-10.945374 36.973145 37.500000 0.494582 0.505361 0.707106 30 42 86 255
-12.731018 38.720703 37.500000 0.511637 0.469972 0.719273 30 42 86 255
-12.731018 38.720703 18.750000 0.736457 0.676484 0.000000 30 42 86 255
-12.988014 39.032227 18.750000 0.771386 0.636367 0.000000 30 42 86 255
-12.988014 39.032227 37.500000 0.545453 0.449980 0.707107 30 42 86 255
-13.759003 39.966797 37.500000 0.561736 0.402746 0.722668 30 42 86 255
-13.759003 39.966797 18.750000 0.812702 0.582680 0.000000 30 42 86 255
-13.967247 40.303223 18.750000 0.850287 0.526319 0.000000 30 42 86 255
-13.967247 40.303223 37.500000 0.601244 0.372165 0.707106 30 42 86 255
-14.591980 41.312500 37.500000 0.612661 0.310744 0.726694 30 42 86 255
-14.591980 41.312500 18.750000 0.891842 0.452346 0.000000 30 42 86 255
-14.740173 41.678711 18.750000 0.926978 0.375117 0.000000 30 42 86 255
-14.740173 41.678711 37.500000 0.655472 0.265248 0.707107 30 42 86 255
-15.184753 42.777344 37.500000 0.656788 0.214566 0.722904 30 42 86 255
-15.184753 42.777344 18.750000 0.950561 0.310539 0.000000 30 42 86 255
-15.283371 43.168457 18.750000 0.969651 0.244493 0.000000 30 42 86 255
-15.283371 43.168457 37.500000 0.685647 0.172883 0.707107 30 42 86 255
-15.579224 44.341797 37.500000 0.681594 0.132891 0.719562 30 42 86 255
-15.579224 44.341797 18.750000 0.981519 0.191367 0.000000 30 42 86 255
-15.693855 45.166504 18.750000 0.990478 0.137673 0.000000 30 42 86 255
-15.693855 45.166504 37.500000 0.700374 0.097350 0.707107 30 42 86 255
13.779053 24.470703 -37.500000 0.253475 0.654816 -0.712016 30 42 86 255
12.219048 25.113770 -37.500000 0.269486 0.653741 -0.707107 30 42 86 255
13.779053 24.470703 -18.750000 0.360991 0.932569 0.000000 30 42 86 255
13.779053 24.470703 37.500000 0.253474 0.654816 0.712016 30 42 86 255
12.219048 25.113770 18.750000 0.381110 0.924530 0.000000 30 42 86 255
12.219048 25.113770 37.500000 0.269486 0.653741 0.707107 30 42 86 255
7.539032 27.042969 37.500000 0.278500 0.645980 0.710738 30 42 86 255
7.539032 27.042969 18.750000 0.395902 0.918293 0.000000 30 42 86 255
6.003593 27.734375 18.750000 0.410591 0.911819 0.000000 30 42 86 255
6.003593 27.734375 37.500000 0.290332 0.644754 0.707107 30 42 86 255
1.397278 29.808594 37.500000 0.302215 0.633745 0.712063 30 42 86 255
1.397278 29.808594 18.750000 0.430434 0.902622 0.000000 30 42 86 255
0.646454 30.187012 18.750000 0.450071 0.892993 0.000000 30 42 86 255
0.646454 30.187012 37.500000 0.318249 0.631441 0.707107 30 42 86 255
-1.606018 31.322266 37.500000 0.327762 0.621873 0.711229 30 42 86 255
-1.606018 31.322266 18.750000 0.466258 0.884649 0.000000 30 42 86 255
-2.343025 31.728027 18.750000 0.482291 0.876011 0.000000 30 42 86 255
-2.343025 31.728027 37.500000 0.341031 0.619434 0.707106 30 42 86 255
-4.554047 32.945312 37.500000 0.349350 0.610455 0.710844 30 42 86 255
-4.554047 32.945312 18.750000 0.496695 0.867925 0.000000 30 42 86 255
-6.003075 33.806641 18.750000 0.510963 0.859603 0.000000 30 42 86 255
-6.003075 33.806641 37.500000 0.361306 0.607831 0.707107 30 42 86 255
45.950897 10.080078 -37.500000 0.392855 0.607270 -0.690571 30 42 86 255
44.011925 11.136719 -37.500000 0.338358 0.620898 -0.707107 30 42 86 255
45.950897 10.080078 -18.750000 0.543169 0.839624 0.000000 30 42 86 255
45.950897 10.080078 37.500000 0.392855 0.607270 0.690571 30 42 86 255
44.011925 11.136719 18.750000 0.478510 0.878082 0.000000 30 42 86 255
44.011925 11.136719 37.500000 0.338357 0.620898 0.707107 30 42 86 255
38.195007 14.306641 37.500000 0.330766 0.628660 0.703833 30 42 86 255
38.195007 14.306641 18.750000 0.465628 0.884980 0.000000 30 42 86 255
37.211960 14.805664 18.750000 0.452648 0.891690 0.000000 30 42 86 255
37.211960 14.805664 37.500000 0.320070 0.630520 0.707107 30 42 86 255
34.262817 16.302734 37.500000 0.310561 0.639650 0.703136 30 42 86 255
34.262817 16.302734 18.750000 0.436760 0.899578 0.000000 30 42 86 255
33.263687 16.766113 18.750000 0.420736 0.907183 0.000000 30 42 86 255
33.263687 16.766113 37.500000 0.297505 0.641475 0.707107 30 42 86 255
30.266296 18.156250 37.500000 0.287273 0.650614 0.702976 30 42 86 255
30.266296 18.156250 18.750000 0.403920 0.914794 0.000000 30 42 86 255
29.250549 18.582520 18.750000 0.386967 0.922094 0.000000 30 42 86 255
29.250549 18.582520 37.500000 0.273627 0.652019 0.707107 30 42 86 255
26.203308 19.861328 37.500000 0.265966 0.658416 0.704096 30 42 86 255
26.203308 19.861328 18.750000 0.374545 0.927209 0.000000 30 42 86 255
25.174965 20.260742 18.750000 0.362055 0.932157 0.000000 30 42 86 255
25.174965 20.260742 37.500000 0.256011 0.659134 0.707107 30 42 86 255
22.089935 21.458984 37.500000 0.249374 0.664397 0.704549 30 42 86 255
22.089935 21.458984 18.750000 0.351401 0.936225 0.000000 30 42 86 255
20.012215 22.211914 18.750000 0.340702 0.940171 0.000000 30 42 86 255
20.012215 22.211914 37.500000 0.240913 0.664802 0.707107 30 42 86 255
64.169098 -9.474609 -37.500000 0.632180 0.350767 -0.690877 30 42 86 255
63.239311 -8.056641 -37.500000 0.591320 0.387739 -0.707106 30 42 86 255
64.169098 -9.474609 -18.750000 0.874418 0.485174 0.000000 30 42 86 255
64.169098 -9.474609 37.500000 0.632180 0.350767 0.690877 30 42 86 255
63.239311 -8.056641 18.750000 0.836252 0.548345 0.000000 30 42 86 255
63.239311 -8.056641 37.500000 0.591320 0.387739 0.707106 30 42 86 255
60.449951 -3.802734 37.500000 0.585244 0.407898 0.700791 30 42 86 255
60.449951 -3.802734 18.750000 0.820398 0.571793 0.000000 30 42 86 255
59.949951 -3.126953 18.750000 0.803886 0.594783 0.000000 30 42 86 255
59.949951 -3.126953 37.500000 0.568434 0.420575 0.707107 30 42 86 255
58.449951 -1.099609 37.500000 0.559629 0.444429 0.699498 30 42 86 255
58.449951 -1.099609 18.750000 0.783099 0.621897 0.000000 30 42 86 255
57.907822 -0.462891 18.750000 0.761397 0.648286 0.000000 30 42 86 255
57.907822 -0.462891 37.500000 0.538389 0.458407 0.707107 30 42 86 255
56.281433 1.447266 37.500000 0.525001 0.487718 0.697499 30 42 86 255
56.281433 1.447266 18.750000 0.732643 0.680614 0.000000 30 42 86 255
55.686874 2.034180 18.750000 0.702517 0.711667 0.000000 30 42 86 255
55.686874 2.034180 37.500000 0.496754 0.503225 0.707107 30 42 86 255
53.903198 3.794922 37.500000 0.483869 0.526293 0.699204 30 42 86 255
53.903198 3.794922 18.750000 0.676814 0.736154 0.000000 30 42 86 255
53.264839 4.341309 18.750000 0.650257 0.759714 0.000000 30 42 86 255
53.264839 4.341309 37.500000 0.459801 0.537199 0.707107 30 42 86 255
51.349762 5.980469 37.500000 0.447959 0.555438 0.700587 30 42 86 255
51.349762 5.980469 18.750000 0.627774 0.778396 0.000000 30 42 86 255
50.000046 7.005371 18.750000 0.604753 0.796413 0.000000 30 42 86 255
50.000046 7.005371 37.500000 0.427625 0.563149 0.707107 30 42 86 255
71.190155 -38.080078 -37.500000 0.722433 -0.013797 -0.691303 30 42 86 255
71.140717 -37.143555 -37.500000 0.706124 0.037276 -0.707107 30 42 86 255
71.190155 -38.080078 -18.750000 0.999818 -0.019094 0.000000 30 42 86 255
71.190155 -38.080078 37.500000 0.722433 -0.013797 0.691303 30 42 86 255
71.140717 -37.143555 18.750000 0.998609 0.052716 0.000000 30 42 86 255
71.140717 -37.143555 37.500000 0.706124 0.037276 0.707107 30 42 86 255
70.992401 -34.333984 37.500000 0.708215 0.045568 0.704525 30 42 86 255
70.992401 -34.333984 18.750000 0.997936 0.064210 0.000000 30 42 86 255
70.921715 -33.402832 18.750000 0.997131 0.075695 0.000000 30 42 86 255
70.921715 -33.402832 37.500000 0.705078 0.053524 0.707107 30 42 86 255
70.709656 -30.609375 37.500000 0.708780 0.070429 0.701905 30 42 86 255
70.709656 -30.609375 18.750000 0.995099 0.098879 0.000000 30 42 86 255
70.596512 -29.688965 18.750000 0.992529 0.122009 0.000000 30 42 86 255
70.596512 -29.688965 37.500000 0.701824 0.086274 0.707107 30 42 86 255
70.257080 -26.927734 37.500000 0.706023 0.112256 0.699235 30 42 86 255
70.257080 -26.927734 18.750000 0.987595 0.157026 0.000000 30 42 86 255
70.080215 -26.022949 18.750000 0.981425 0.191846 0.000000 30 42 86 255
70.080215 -26.022949 37.500000 0.693972 0.135656 0.707107 30 42 86 255
69.549622 -23.308594 37.500000 0.696732 0.168979 0.697144 30 42 86 255
69.549622 -23.308594 18.750000 0.971827 0.235697 0.000000 30 42 86 255
69.292633 -22.424316 18.750000 0.960270 0.279073 0.000000 30 42 86 255
69.292633 -22.424316 37.500000 0.679013 0.197335 0.707107 30 42 86 255
68.521667 -19.771484 37.500000 0.678959 0.225370 0.698729 30 42 86 255
68.521667 -19.771484 18.750000 0.949081 0.315033 0.000000 30 42 86 255
68.196716 -18.903320 18.750000 0.936545 0.350546 0.000000 30 42 86 255
68.196716 -18.903320 37.500000 0.662238 0.247874 0.707107 30 42 86 255
67.221863 -16.298828 37.500000 0.660962 0.266543 0.701487 30 42 86 255
67.221863 -16.298828 18.750000 0.927429 0.373999 0.000000 30 42 86 255
66.851593 -15.443359 18.750000 0.917725 0.397216 0.000000 30 42 86 255
66.851593 -15.443359 37.500000 0.648930 0.280874 0.707107 30 42 86 255
65.740784 -12.876953 37.500000 0.647949 0.289831 0.704387 30 42 86 255
65.740784 -12.876953 18.750000 0.912840 0.408318 0.000000 30 42 86 255
65.347862 -12.026367 18.750000 0.907820 0.419360 0.000000 30 42 86 255
65.347862 -12.026367 37.500000 0.641926 0.296533 0.707106 30 42 86 255
51.548889 -84.755859 -37.500000 0.494351 -0.540148 -0.681071 30 42 86 255
52.630280 -83.496094 -37.500000 0.536540 -0.460570 -0.707107 30 42 86 255
51.548889 -84.755859 -18.750000 0.675143 -0.737687 0.000000 30 42 86 255
51.548889 -84.755859 37.500000 0.494351 -0.540148 0.681071 30 42 86 255
52.630280 -83.496094 18.750000 0.758783 -0.651344 0.000000 30 42 86 255
52.630280 -83.496094 37.500000 0.536540 -0.460570 0.707107 30 42 86 255
55.874451 -79.716797 37.500000 0.544058 -0.455835 0.704425 30 42 86 255
55.874451 -79.716797 18.750000 0.766518 -0.642222 0.000000 30 42 86 255
56.396286 -79.078613 18.750000 0.774144 -0.633009 0.000000 30 42 86 255
56.396286 -79.078613 37.500000 0.547402 -0.447605 0.707107 30 42 86 255
57.961792 -77.164062 37.500000 0.556138 -0.441789 0.703942 30 42 86 255
57.961792 -77.164062 18.750000 0.783008 -0.622012 0.000000 30 42 86 255
58.460999 -76.517090 18.750000 0.791715 -0.610890 0.000000 30 42 86 255
58.460999 -76.517090 37.500000 0.559827 -0.431965 0.707107 30 42 86 255
59.958618 -74.576172 37.500000 0.571978 -0.423290 0.702614 30 42 86 255
59.958618 -74.576172 18.750000 0.803824 -0.594867 0.000000 30 42 86 255
60.427635 -73.915039 18.750000 0.815608 -0.578604 0.000000 30 42 86 255
60.427635 -73.915039 37.500000 0.576722 -0.409135 0.707107 30 42 86 255
61.834686 -71.931641 37.500000 0.591157 -0.397851 0.701604 30 42 86 255
61.834686 -71.931641 18.750000 0.829616 -0.558335 0.000000 30 42 86 255
62.265999 -71.255371 18.750000 0.843119 -0.537726 0.000000 30 42 86 255
62.265999 -71.255371 37.500000 0.596175 -0.380230 0.707107 30 42 86 255
63.559937 -69.226562 37.500000 0.613339 -0.365265 0.700283 30 42 86 255
63.559937 -69.226562 18.750000 0.859180 -0.511673 0.000000 30 42 86 255
63.945969 -68.530762 18.750000 0.874437 -0.485140 0.000000 30 42 86 255
63.945969 -68.530762 37.500000 0.618320 -0.343046 0.707107 30 42 86 255
65.104065 -66.443359 37.500000 0.637361 -0.324125 0.699081 30 42 86 255
65.104065 -66.443359 18.750000 0.891361 -0.453295 0.000000 30 42 86 255
65.437302 -65.725098 18.750000 0.907126 -0.420860 0.000000 30 42 86 255
65.437302 -65.725098 37.500000 0.641435 -0.297593 0.707107 30 42 86 255
66.437012 -63.570312 37.500000 0.660428 -0.275693 0.698447 30 42 86 255
66.437012 -63.570312 18.750000 0.922822 -0.385228 0.000000 30 42 86 255
66.713425 -62.828125 18.750000 0.937119 -0.349011 0.000000 30 42 86 255
66.713425 -62.828125 37.500000 0.662643 -0.246788 0.707107 30 42 86 255
67.542664 -60.601562 37.500000 0.678115 -0.225984 0.699350 30 42 86 255
67.542664 -60.601562 18.750000 0.948706 -0.316160 0.000000 30 42 86 255
67.767929 -59.837891 18.750000 0.959142 -0.282925 0.000000 30 42 86 255
67.767929 -59.837891 37.500000 0.678216 -0.200058 0.707107 30 42 86 255
68.443726 -57.546875 37.500000 0.690142 -0.181600 0.700518 30 42 86 255
68.443726 -57.546875 18.750000 0.967080 -0.254472 0.000000 30 42 86 255
68.625145 -56.764160 18.750000 0.974175 -0.225796 0.000000 30 42 86 255
68.625145 -56.764160 37.500000 0.688846 -0.159662 0.707107 30 42 86 255
69.169403 -54.416016 37.500000 0.697751 -0.144050 0.701707 30 42 86 255
69.169403 -54.416016 18.750000 0.979347 -0.202186 0.000000 30 42 86 255
69.314285 -53.617188 18.750000 0.983948 -0.178457 0.000000 30 42 86 255
69.314285 -53.617188 37.500000 0.695756 -0.126188 0.707107 30 42 86 255
69.748932 -51.220703 37.500000 0.702148 -0.113726 0.702890 30 42 86 255
69.748932 -51.220703 18.750000 0.987136 -0.159885 0.000000 30 42 86 255
69.864586 -50.410156 18.750000 0.989973 -0.141256 0.000000 30 42 86 255
69.864586 -50.410156 37.500000 0.700017 -0.099883 0.707107 30 42 86 255
70.211548 -47.978516 37.500000 0.704420 -0.090525 0.703987 30 42 86 255
70.211548 -47.978516 18.750000 0.991843 -0.127462 0.000000 30 42 86 255
70.305267 -47.159180 18.750000 0.993522 -0.113644 0.000000 30 42 86 255
70.305267 -47.159180 37.500000 0.702526 -0.080358 0.707107 30 42 86 255
70.586426 -44.701172 37.500000 0.705954 -0.072551 0.704532 30 42 86 255
70.586426 -44.701172 18.750000 0.994761 -0.102232 0.000000 30 42 86 255
70.737358 -43.045898 18.750000 0.995869 -0.090806 0.000000 30 42 86 255
70.737358 -43.045898 37.500000 0.704186 -0.064210 0.707107 30 42 86 255
-0.784637 -103.048828 -37.500000 -0.036646 -0.729880 -0.682593 30 42 86 255
1.016632 -102.935547 -37.500000 0.044382 -0.705712 -0.707107 30 42 86 255
-0.784637 -103.048828 -18.750000 -0.050145 -0.998742 0.000000 30 42 86 255
-0.784637 -103.048828 37.500000 -0.036646 -0.729880 0.682593 30 42 86 255
1.016632 -102.935547 18.750000 0.062766 -0.998028 0.000000 30 42 86 255
1.016632 -102.935547 37.500000 0.044382 -0.705712 0.707107 30 42 86 255
6.420441 -102.595703 37.500000 0.051403 -0.707418 0.704924 30 42 86 255
6.420441 -102.595703 18.750000 0.072472 -0.997370 0.000000 30 42 86 255
7.314690 -102.521973 18.750000 0.082171 -0.996618 0.000000 30 42 86 255
7.314690 -102.521973 37.500000 0.058104 -0.704715 0.707107 30 42 86 255
9.997437 -102.300781 37.500000 0.067070 -0.706693 0.704335 30 42 86 255
9.997437 -102.300781 18.750000 0.094482 -0.995526 0.000000 30 42 86 255
10.884033 -102.205566 18.750000 0.106780 -0.994283 0.000000 30 42 86 255
10.884033 -102.205566 37.500000 0.075505 -0.703064 0.707107 30 42 86 255
13.543823 -101.919922 37.500000 0.087768 -0.705410 0.703345 30 42 86 255
13.543823 -101.919922 18.750000 0.123469 -0.992348 0.000000 30 42 86 255
14.420197 -101.795898 18.750000 0.140123 -0.990134 0.000000 30 42 86 255
14.420197 -101.795898 37.500000 0.099082 -0.700131 0.707107 30 42 86 255
17.049316 -101.423828 37.500000 0.114196 -0.702456 0.702506 30 42 86 255
17.049316 -101.423828 18.750000 0.160461 -0.987042 0.000000 30 42 86 255
17.912910 -101.265137 18.750000 0.180731 -0.983533 0.000000 30 42 86 255
17.912910 -101.265137 37.500000 0.127796 -0.695462 0.707107 30 42 86 255
20.503693 -100.789062 37.500000 0.146492 -0.697492 0.701459 30 42 86 255
20.503693 -100.789062 18.750000 0.205543 -0.978648 0.000000 30 42 86 255
21.351967 -100.588379 18.750000 0.230224 -0.973138 0.000000 30 42 86 255
21.351967 -100.588379 37.500000 0.162793 -0.688113 0.707106 30 42 86 255
23.896790 -99.986328 37.500000 0.185524 -0.689334 0.700285 30 42 86 255
23.896790 -99.986328 18.750000 0.259888 -0.965639 0.000000 30 42 86 255
24.727196 -99.735352 18.750000 0.289309 -0.957236 0.000000 30 42 86 255
24.727196 -99.735352 37.500000 0.204572 -0.676868 0.707107 30 42 86 255
27.218414 -98.982422 37.500000 0.230002 -0.676611 0.699497 30 42 86 255
27.218414 -98.982422 18.750000 0.321845 -0.946792 0.000000 30 42 86 255
28.028526 -98.675781 18.750000 0.354005 -0.935244 0.000000 30 42 86 255
28.028526 -98.675781 37.500000 0.250319 -0.661317 0.707107 30 42 86 255
30.458862 -97.755859 37.500000 0.275170 -0.659376 0.699646 30 42 86 255
30.458862 -97.755859 18.750000 0.385128 -0.922863 0.000000 30 42 86 255
31.249130 -97.394531 18.750000 0.415819 -0.909447 0.000000 30 42 86 255
31.249130 -97.394531 37.500000 0.294029 -0.643076 0.707107 30 42 86 255
33.619934 -96.310547 37.500000 0.315537 -0.640005 0.700593 30 42 86 255
33.619934 -96.310547 18.750000 0.442200 -0.896916 0.000000 30 42 86 255
34.393082 -95.900879 18.750000 0.468204 -0.883620 0.000000 30 42 86 255
34.393082 -95.900879 37.500000 0.331070 -0.624813 0.707107 30 42 86 255
36.712524 -94.671875 37.500000 0.348108 -0.621431 0.701887 30 42 86 255
36.712524 -94.671875 18.750000 0.488717 -0.872442 0.000000 30 42 86 255
37.471443 -94.223145 18.750000 0.508963 -0.860788 0.000000 30 42 86 255
37.471443 -94.223145 37.500000 0.359891 -0.608669 0.707107 30 42 86 255
39.748199 -92.876953 37.500000 0.373018 -0.605471 0.703038 30 42 86 255
39.748199 -92.876953 18.750000 0.524526 -0.851394 0.000000 30 42 86 255
40.495720 -92.397461 18.750000 0.539916 -0.841719 0.000000 30 42 86 255
40.495720 -92.397461 37.500000 0.381778 -0.595185 0.707107 30 42 86 255
42.738281 -90.958984 37.500000 0.391848 -0.592372 0.703954 30 42 86 255
42.738281 -90.958984 18.750000 0.551707 -0.834038 0.000000 30 42 86 255
43.477242 -90.455078 18.750000 0.563390 -0.826191 0.000000 30 42 86 255
43.477242 -90.455078 37.500000 0.398376 -0.584204 0.707108 30 42 86 255
45.694122 -88.943359 37.500000 0.406325 -0.581760 0.704595 30 42 86 255
45.694122 -88.943359 18.750000 0.572604 -0.819832 0.000000 30 42 86 255
47.157814 -87.896484 18.750000 0.581746 -0.813370 0.000000 30 42 86 255
47.157814 -87.896484 37.500000 0.411357 -0.575140 0.707106 30 42 86 255
-71.190125 -44.826172 -37.500000 -0.731539 0.370608 -0.572277 30 42 86 255
-70.599106 -46.366211 -37.500000 -0.660162 -0.253349 -0.707107 30 42 86 255
-71.190125 -44.826172 -18.750000 -0.892055 0.451928 0.000000 30 42 86 255
-71.190125 -44.826172 37.500000 -0.731539 0.370608 0.572277 30 42 86 255
-70.599106 -46.366211 18.750000 -0.933610 -0.358290 0.000000 30 42 86 255
-70.599106 -46.366211 37.500000 -0.660162 -0.253349 0.707107 30 42 86 255
-68.826050 -50.986328 37.500000 -0.659859 -0.258163 0.705648 30 42 86 255
-68.826050 -50.986328 18.750000 -0.931263 -0.364347 0.000000 30 42 86 255
-68.219360 -52.507812 18.750000 -0.928877 -0.370388 0.000000 30 42 86 255
-68.219360 -52.507812 37.500000 -0.656815 -0.261904 0.707107 30 42 86 255
-66.399292 -57.072266 37.500000 -0.656003 -0.271903 0.704080 30 42 86 255
-66.399292 -57.072266 18.750000 -0.923791 -0.382897 0.000000 30 42 86 255
-65.761261 -58.554688 18.750000 -0.918536 -0.395336 0.000000 30 42 86 255
-65.761261 -58.554688 37.500000 -0.649503 -0.279545 0.707107 30 42 86 255
-63.847168 -63.001953 37.500000 -0.648315 -0.290419 0.703807 30 42 86 255
-63.847168 -63.001953 18.750000 -0.912617 -0.408815 0.000000 30 42 86 255
-63.511497 -63.722656 18.750000 -0.906500 -0.422206 0.000000 30 42 86 255
-63.511497 -63.722656 37.500000 -0.640992 -0.298545 0.707107 30 42 86 255
-62.504486 -65.884766 37.500000 -0.639711 -0.307845 0.704273 30 42 86 255
-62.504486 -65.884766 18.750000 -0.901092 -0.433628 0.000000 30 42 86 255
-62.155113 -66.587891 18.750000 -0.895540 -0.444981 0.000000 30 42 86 255
-62.155113 -66.587891 37.500000 -0.633242 -0.314649 0.707107 30 42 86 255
-61.106995 -68.697266 37.500000 -0.631486 -0.325293 0.703853 30 42 86 255
-61.106995 -68.697266 18.750000 -0.888985 -0.457937 0.000000 30 42 86 255
-60.741943 -69.381348 18.750000 -0.882242 -0.470797 0.000000 30 42 86 255
-60.741943 -69.381348 37.500000 -0.623839 -0.332904 0.707107 30 42 86 255
-59.646790 -71.433594 37.500000 -0.621433 -0.345137 0.703351 30 42 86 255
-59.646790 -71.433594 18.750000 -0.874219 -0.485531 0.000000 30 42 86 255
-59.264107 -72.096191 18.750000 -0.865951 -0.500129 0.000000 30 42 86 255
-59.264107 -72.096191 37.500000 -0.612319 -0.353645 0.707107 30 42 86 255
-58.116058 -74.083984 37.500000 -0.609017 -0.367766 0.702742 30 42 86 255
-58.116058 -74.083984 18.750000 -0.856029 -0.516928 0.000000 30 42 86 255
-57.713791 -74.721680 18.750000 -0.845781 -0.533531 0.000000 30 42 86 255
-57.713791 -74.721680 37.500000 -0.598057 -0.377263 0.707107 30 42 86 255
-56.506989 -76.634766 37.500000 -0.593707 -0.392951 0.702211 30 42 86 255
-56.506989 -76.634766 18.750000 -0.833895 -0.551923 0.000000 30 42 86 255
-56.083176 -77.245605 18.750000 -0.821610 -0.570050 0.000000 30 42 86 255
-56.083176 -77.245605 37.500000 -0.580966 -0.403086 0.707107 30 42 86 255
-54.811737 -79.078125 37.500000 -0.575385 -0.420159 0.701711 30 42 86 255
-54.811737 -79.078125 18.750000 -0.807602 -0.589728 0.000000 30 42 86 255
-54.364403 -79.660645 18.750000 -0.793122 -0.609062 0.000000 30 42 86 255
-54.364403 -79.660645 37.500000 -0.560822 -0.430672 0.707107 30 42 86 255
-53.022400 -81.408203 37.500000 -0.553504 -0.449732 0.700981 30 42 86 255
-53.022400 -81.408203 18.750000 -0.776107 -0.630601 0.000000 30 42 86 255
-52.549622 -81.958496 18.750000 -0.758508 -0.651664 0.000000 30 42 86 255
-52.549622 -81.958496 37.500000 -0.536346 -0.460796 0.707107 30 42 86 255
-51.131287 -83.609375 37.500000 -0.527331 -0.480821 0.700523 30 42 86 255
-51.131287 -83.609375 18.750000 -0.738942 -0.673769 0.000000 30 42 86 255
-50.631065 -84.126465 18.750000 -0.718733 -0.695286 0.000000 30 42 86 255
-50.631065 -84.126465 37.500000 -0.508221 -0.491641 0.707107 30 42 86 255
-49.130402 -85.677734 37.500000 -0.496748 -0.513433 0.699734 30 42 86 255
-49.130402 -85.677734 18.750000 -0.695333 -0.718688 0.000000 30 42 86 255
-48.600807 -86.157227 18.750000 -0.671171 -0.741302 0.000000 30 42 86 255
-48.600807 -86.157227 37.500000 -0.474590 -0.524180 0.707106 30 42 86 255
-47.012024 -87.595703 37.500000 -0.461236 -0.545880 0.699483 30 42 86 255
-47.012024 -87.595703 18.750000 -0.645402 -0.763843 0.000000 30 42 86 255
-46.451164 -88.037598 18.750000 -0.618877 -0.785488 0.000000 30 42 86 255
-46.451164 -88.037598 37.500000 -0.437612 -0.555424 0.707107 30 42 86 255
-44.768585 -89.363281 37.500000 -0.422497 -0.576568 0.699332 30 42 86 255
-44.768585 -89.363281 18.750000 -0.591073 -0.806618 0.000000 30 42 86 255
-44.176552 -89.766113 18.750000 -0.562548 -0.826765 0.000000 30 42 86 255
-44.176552 -89.766113 37.500000 -0.397781 -0.584610 0.707108 30 42 86 255
-42.400452 -90.974609 37.500000 -0.382463 -0.603222 0.699889 30 42 86 255
-42.400452 -90.974609 18.750000 -0.535474 -0.844552 0.000000 30 42 86 255
-41.779243 -91.340820 18.750000 -0.507838 -0.861452 0.000000 30 42 86 255
-41.779243 -91.340820 37.500000 -0.359096 -0.609139 0.707107 30 42 86 255
-39.915619 -92.439453 37.500000 -0.344487 -0.624795 0.700685 30 42 86 255
-39.915619 -92.439453 18.750000 -0.482833 -0.875713 0.000000 30 42 86 255
-39.267296 -92.772949 18.750000 -0.457427 -0.889247 0.000000 30 42 86 255
-39.267296 -92.772949 37.500000 -0.323450 -0.628793 0.707107 30 42 86 255
-37.322327 -93.773438 37.500000 -0.309174 -0.642470 0.701173 30 42 86 255
-37.322327 -93.773438 18.750000 -0.433630 -0.901091 0.000000 30 42 86 255
-36.649017 -94.075684 18.750000 -0.409527 -0.912298 0.000000 30 42 86 255
-36.649017 -94.075684 37.500000 -0.289579 -0.645092 0.707107 30 42 86 255
-34.629089 -94.982422 37.500000 -0.276159 -0.656692 0.701777 30 42 86 255
-34.629089 -94.982422 18.750000 -0.387648 -0.921807 0.000000 30 42 86 255
-33.932838 -95.255859 18.750000 -0.365549 -0.930792 0.000000 30 42 86 255
-33.932838 -95.255859 37.500000 -0.258482 -0.658170 0.707107 30 42 86 255
-31.844086 -96.076172 37.500000 -0.246456 -0.667647 0.702500 30 42 86 255
-31.844086 -96.076172 18.750000 -0.346300 -0.938124 0.000000 30 42 86 255
-31.126999 -96.324219 18.750000 -0.326904 -0.945058 0.000000 30 42 86 255
-31.126999 -96.324219 37.500000 -0.231156 -0.668257 0.707107 30 42 86 255
-28.975739 -97.068359 37.500000 -0.220098 -0.676283 0.702993 30 42 86 255
-28.975739 -97.068359 18.750000 -0.309475 -0.950908 0.000000 30 42 86 255
-28.239891 -97.292969 18.750000 -0.291942 -0.956436 0.000000 30 42 86 255
-28.239891 -97.292969 37.500000 -0.206434 -0.676302 0.707107 30 42 86 255
-26.032349 -97.966797 37.500000 -0.196760 -0.682822 0.703590 30 42 86 255
-26.032349 -97.966797 18.750000 -0.276890 -0.960902 0.000000 30 42 86 255
-25.279839 -98.170898 18.750000 -0.261770 -0.965130 0.000000 30 42 86 255
-25.279839 -98.170898 37.500000 -0.185099 -0.682450 0.707107 30 42 86 255
-23.022308 -98.783203 37.500000 -0.176639 -0.687792 0.704088 30 42 86 255
-23.022308 -98.783203 18.750000 -0.248749 -0.968568 0.000000 30 42 86 255
-22.255196 -98.969238 18.750000 -0.235682 -0.971830 0.000000 30 42 86 255
-22.255196 -98.969238 37.500000 -0.166652 -0.687188 0.707107 30 42 86 255
-19.953857 -99.527344 37.500000 -0.156376 -0.693270 0.703508 30 42 86 255
-19.953857 -99.527344 18.750000 -0.220034 -0.975492 0.000000 30 42 86 255
-18.384216 -99.854980 18.750000 -0.204330 -0.978902 0.000000 30 42 86 255
-18.384216 -99.854980 37.500000 -0.144483 -0.692188 0.707107 30 42 86 255
-13.675293 -100.837891 37.500000 -0.135000 -0.697410 0.703842 30 42 86 255
-13.675293 -100.837891 18.750000 -0.190046 -0.981775 0.000000 30 42 86 255
-12.072304 -101.124023 18.750000 -0.175722 -0.984440 0.000000 30 42 86 255
-12.072304 -101.124023 37.500000 -0.124254 -0.696104 0.707107 30 42 86 255
-7.263336 -101.982422 37.500000 -0.119809 -0.698418 0.705590 30 42 86 255
-7.263336 -101.982422 18.750000 -0.169073 -0.985604 0.000000 30 42 86 255
-5.643661 -102.249023 18.750000 -0.162416 -0.986722 0.000000 30 42 86 255
-5.643661 -102.249023 37.500000 -0.114846 -0.697718 0.707107 30 42 86 255
-28.737305 -33.236328 -37.500000 0.395677 0.713157 -0.578660 30 42 86 255
-39.350510 -36.133789 -37.500000 -0.186229 0.682143 -0.707107 30 42 86 255
-28.737305 -33.236328 -18.750000 0.485154 0.874429 0.000000 30 42 86 255
-28.737305 -33.236328 37.500000 0.395677 0.713157 0.578660 30 42 86 255
-39.350510 -36.133789 18.750000 -0.263367 0.964696 0.000000 30 42 86 255
-39.350510 -36.133789 37.500000 -0.186229 0.682143 0.707107 30 42 86 255
0.233582 -62.554688 -37.500000 0.061866 0.664414 -0.744800 30 42 86 255
-1.183464 -62.188477 -37.500000 0.176927 0.684614 -0.707107 30 42 86 255
0.233582 -62.554688 -18.750000 0.092713 0.995693 0.000000 30 42 86 255
0.233582 -62.554688 37.500000 0.061866 0.664414 0.744800 30 42 86 255
-1.183464 -62.188477 18.750000 0.250212 0.968191 0.000000 30 42 86 255
-1.183464 -62.188477 37.500000 0.176927 0.684614 0.707107 30 42 86 255
-5.434601 -61.089844 37.500000 0.189372 0.676538 0.711642 30 42 86 255
-5.434601 -61.089844 18.750000 0.269552 0.962986 0.000000 30 42 86 255
-6.120964 -60.882812 18.750000 0.288784 0.957394 0.000000 30 42 86 255
-6.120964 -60.882812 37.500000 0.204201 0.676981 0.707106 30 42 86 255
-8.180054 -60.261719 37.500000 0.219182 0.666303 0.712741 30 42 86 255
-8.180054 -60.261719 18.750000 0.312480 0.949925 0.000000 30 42 86 255
-8.839821 -60.026367 18.750000 0.335982 0.941868 0.000000 30 42 86 255
-8.839821 -60.026367 37.500000 0.237576 0.666002 0.707107 30 42 86 255
-10.819122 -59.320312 37.500000 0.257812 0.649757 0.715087 30 42 86 255
-10.819122 -59.320312 18.750000 0.368810 0.929505 0.000000 30 42 86 255
-11.443443 -59.046875 18.750000 0.401185 0.915997 0.000000 30 42 86 255
-11.443443 -59.046875 37.500000 0.283681 0.647708 0.707106 30 42 86 255
-13.316406 -58.226562 37.500000 0.308718 0.624149 0.717726 30 42 86 255
-13.316406 -58.226562 18.750000 0.443353 0.896347 0.000000 30 42 86 255
-13.896416 -57.905273 18.750000 0.484561 0.874757 0.000000 30 42 86 255
-13.896416 -57.905273 37.500000 0.342637 0.618547 0.707106 30 42 86 255
-15.636444 -56.941406 37.500000 0.363553 0.594967 0.716829 30 42 86 255
-15.636444 -56.941406 18.750000 0.521411 0.853306 0.000000 30 42 86 255
-15.907059 -56.759766 18.750000 0.557312 0.830303 0.000000 30 42 86 255
-15.907059 -56.759766 37.500000 0.394079 0.587113 0.707107 30 42 86 255
-16.718903 -56.214844 37.500000 0.408333 0.568294 0.714358 30 42 86 255
-16.718903 -56.214844 18.750000 0.583515 0.812102 0.000000 30 42 86 255
-16.975105 -56.018066 18.750000 0.609124 0.793075 0.000000 30 42 86 255
-16.975105 -56.018066 37.500000 0.430716 0.560789 0.707106 30 42 86 255
-17.743713 -55.427734 37.500000 0.444960 0.539148 0.715074 30 42 86 255
-17.743713 -55.427734 18.750000 0.636522 0.771259 0.000000 30 42 86 255
-17.984558 -55.214355 18.750000 0.663139 0.748497 0.000000 30 42 86 255
-17.984558 -55.214355 37.500000 0.468910 0.529267 0.707106 30 42 86 255
-18.707092 -54.574219 37.500000 0.481364 0.507136 0.714914 30 42 86 255
-18.707092 -54.574219 18.750000 0.688437 0.725296 0.000000 30 42 86 255
-18.932823 -54.344727 18.750000 0.712925 0.701240 0.000000 30 42 86 255
-18.932823 -54.344727 37.500000 0.504113 0.495851 0.707108 30 42 86 255
-19.610016 -53.656250 37.500000 0.518944 0.463862 0.718004 30 42 86 255
-19.610016 -53.656250 18.750000 0.745566 0.666431 0.000000 30 42 86 255
-20.019707 -53.151367 18.750000 0.776510 0.630105 0.000000 30 42 86 255
-20.019707 -53.151367 37.500000 0.549076 0.445551 0.707107 30 42 86 255
-21.248779 -51.636719 37.500000 0.562248 0.407551 0.719569 30 42 86 255
-21.248779 -51.636719 18.750000 0.809664 0.586894 0.000000 30 42 86 255
-21.608673 -51.078613 18.750000 0.840416 0.541942 0.000000 30 42 86 255
-21.608673 -51.078613 37.500000 0.594264 0.383211 0.707107 30 42 86 255
-22.688354 -49.404297 37.500000 0.601765 0.351518 0.717158 30 42 86 255
-22.688354 -49.404297 18.750000 0.863474 0.504394 0.000000 30 42 86 255
-23.005585 -48.801758 18.750000 0.884855 0.465866 0.000000 30 42 86 255
-23.005585 -48.801758 37.500000 0.625687 0.329417 0.707107 30 42 86 255
-23.957275 -46.994141 37.500000 0.629647 0.303278 0.715239 30 42 86 255
-23.957275 -46.994141 18.750000 0.900938 0.433948 0.000000 30 42 86 255
-24.238953 -46.351562 18.750000 0.915870 0.401476 0.000000 30 42 86 255
-24.238953 -46.351562 37.500000 0.647618 0.283886 0.707106 30 42 86 255
-25.083984 -44.423828 37.500000 0.649294 0.264360 0.713113 30 42 86 255
-25.083984 -44.423828 18.750000 0.926176 0.377093 0.000000 30 42 86 255
-25.337204 -43.751465 18.750000 0.935833 0.352445 0.000000 30 42 86 255
-25.337204 -43.751465 37.500000 0.661734 0.249216 0.707107 30 42 86 255
-26.096863 -41.734375 37.500000 0.662275 0.234970 0.711464 30 42 86 255
-26.096863 -41.734375 18.750000 0.942442 0.334370 0.000000 30 42 86 255
-26.328751 -41.038574 18.750000 0.948702 0.316172 0.000000 30 42 86 255
-26.328751 -41.038574 37.500000 0.670834 0.223567 0.707107 30 42 86 255
-27.024414 -38.951172 37.500000 0.670861 0.212271 0.710554 30 42 86 255
-27.024414 -38.951172 18.750000 0.953411 0.301675 0.000000 30 42 86 255
-27.452637 -37.522461 18.750000 0.957898 0.287108 0.000000 30 42 86 255
-27.452637 -37.522461 37.500000 0.677336 0.203016 0.707107 30 42 86 255
16.270203 -57.537109 -37.500000 -0.427430 0.520009 -0.739523 30 42 86 255
15.349464 -58.101074 -37.500000 -0.369336 0.602985 -0.707107 30 42 86 255
16.270203 -57.537109 -18.750000 -0.634987 0.772523 0.000000 30 42 86 255
16.270203 -57.537109 37.500000 -0.427430 0.520009 0.739523 30 42 86 255
15.349464 -58.101074 18.750000 -0.522321 0.852749 0.000000 30 42 86 255
15.349464 -58.101074 37.500000 -0.369336 0.602985 0.707107 30 42 86 255
12.587250 -59.792969 37.500000 -0.337860 0.609680 0.717036 30 42 86 255
12.587250 -59.792969 18.750000 -0.484709 0.874676 0.000000 30 42 86 255
12.112244 -60.029785 18.750000 -0.446178 0.894944 0.000000 30 42 86 255
12.112244 -60.029785 37.500000 -0.315496 0.632821 0.707106 30 42 86 255
10.687225 -60.740234 37.500000 -0.276409 0.637350 0.719294 30 42 86 255
10.687225 -60.740234 18.750000 -0.397878 0.917438 0.000000 30 42 86 255
10.194672 -60.923340 18.750000 -0.348449 0.937328 0.000000 30 42 86 255
10.194672 -60.923340 37.500000 -0.246390 0.662790 0.707107 30 42 86 255
8.717010 -61.472656 37.500000 -0.201714 0.662944 0.720984 30 42 86 255
8.717010 -61.472656 18.750000 -0.291093 0.956695 0.000000 30 42 86 255
8.204720 -61.595215 18.750000 -0.232671 0.972556 0.000000 30 42 86 255
8.204720 -61.595215 37.500000 -0.164523 0.687701 0.707107 30 42 86 255
6.667847 -61.962891 37.500000 -0.130263 0.684006 0.717752 30 42 86 255
6.667847 -61.962891 18.750000 -0.187079 0.982345 0.000000 30 42 86 255
6.140182 -62.038086 18.750000 -0.141081 0.989998 0.000000 30 42 86 255
6.140182 -62.038086 37.500000 -0.099759 0.700035 0.707106 30 42 86 255
4.557190 -62.263672 37.500000 -0.072782 0.694741 0.715568 30 42 86 255
4.557190 -62.263672 18.750000 -0.104191 0.994557 0.000000 30 42 86 255
3.476288 -62.336426 18.750000 -0.067157 0.997743 0.000000 30 42 86 255
3.476288 -62.336426 37.500000 -0.047487 0.705511 0.707106 30 42 86 255
22.278687 -44.507812 -37.500000 -0.677949 0.000972 -0.735109 30 42 86 255
22.164429 -45.442871 -37.500000 -0.701886 0.085766 -0.707107 30 42 86 255
22.278687 -44.507812 -18.750000 -0.999999 0.001434 0.000000 30 42 86 255
22.278687 -44.507812 37.500000 -0.677949 0.000972 0.735109 30 42 86 255
22.164429 -45.442871 18.750000 -0.992617 0.121291 0.000000 30 42 86 255
22.164429 -45.442871 37.500000 -0.701886 0.085766 0.707107 30 42 86 255
21.821655 -48.248047 37.500000 -0.685026 0.119219 0.718698 30 42 86 255
21.821655 -48.248047 18.750000 -0.985191 0.171458 0.000000 30 42 86 255
21.720215 -48.695312 18.750000 -0.975232 0.221184 0.000000 30 42 86 255
21.720215 -48.695312 37.500000 -0.689593 0.156401 0.707107 30 42 86 255
21.415894 -50.037109 37.500000 -0.663820 0.195909 0.721777 30 42 86 255
21.415894 -50.037109 18.750000 -0.959104 0.283054 0.000000 30 42 86 255
21.261276 -50.459473 18.750000 -0.939055 0.343766 0.000000 30 42 86 255
21.261276 -50.459473 37.500000 -0.664013 0.243079 0.707107 30 42 86 255
20.797424 -51.726562 37.500000 -0.625277 0.287444 0.725538 30 42 86 255
20.797424 -51.726562 18.750000 -0.908592 0.417685 0.000000 30 42 86 255
20.577385 -52.119141 18.750000 -0.872321 0.488934 0.000000 30 42 86 255
20.577385 -52.119141 37.500000 -0.616824 0.345729 0.707107 30 42 86 255
19.917267 -53.296875 37.500000 -0.580424 0.376658 0.721967 30 42 86 255
19.917267 -53.296875 18.750000 -0.838851 0.544361 0.000000 30 42 86 255
19.643295 -53.664551 18.750000 -0.801865 0.597505 0.000000 30 42 86 255
19.643295 -53.664551 37.500000 -0.567004 0.422500 0.707107 30 42 86 255
18.821381 -54.767578 37.500000 -0.534971 0.443680 0.718995 30 42 86 255
18.821381 -54.767578 18.750000 -0.769726 0.638374 0.000000 30 42 86 255
18.183586 -55.459961 18.750000 -0.735506 0.677518 0.000000 30 42 86 255
18.183586 -55.459961 37.500000 -0.520081 0.479078 0.707107 30 42 86 255
18.036804 -33.564453 -37.500000 -0.477339 -0.467222 -0.744211 30 42 86 255
18.475357 -34.182617 -37.500000 -0.576714 -0.409146 -0.707107 30 42 86 255
18.036804 -33.564453 -18.750000 -0.714639 -0.699493 0.000000 30 42 86 255
18.036804 -33.564453 37.500000 -0.477339 -0.467222 0.744211 30 42 86 255
18.475357 -34.182617 18.750000 -0.815597 -0.578620 0.000000 30 42 86 255
18.475357 -34.182617 37.500000 -0.576714 -0.409146 0.707107 30 42 86 255
19.791016 -36.037109 37.500000 -0.584873 -0.380737 0.716214 30 42 86 255
19.791016 -36.037109 18.750000 -0.838071 -0.545562 0.000000 30 42 86 255
19.981171 -36.356445 18.750000 -0.859205 -0.511631 0.000000 30 42 86 255
19.981171 -36.356445 37.500000 -0.607550 -0.361778 0.707107 30 42 86 255
20.551636 -37.314453 37.500000 -0.614692 -0.325006 0.718697 30 42 86 255
20.551636 -37.314453 18.750000 -0.884037 -0.467417 0.000000 30 42 86 255
20.706871 -37.647949 18.750000 -0.906595 -0.422001 0.000000 30 42 86 255
20.706871 -37.647949 37.500000 -0.641060 -0.298400 0.707107 30 42 86 255
21.172577 -38.648438 37.500000 -0.644842 -0.251917 0.721607 30 42 86 255
21.172577 -38.648438 18.750000 -0.931445 -0.363882 0.000000 30 42 86 255
21.284264 -38.998047 18.750000 -0.952573 -0.304310 0.000000 30 42 86 255
21.284264 -38.998047 37.500000 -0.673571 -0.215180 0.707107 30 42 86 255
21.619324 -40.046875 37.500000 -0.672113 -0.176307 0.719152 30 42 86 255
21.619324 -40.046875 18.750000 -0.967274 -0.253733 0.000000 30 42 86 255
21.694527 -40.410645 18.750000 -0.979292 -0.202451 0.000000 30 42 86 255
21.694527 -40.410645 37.500000 -0.692464 -0.143155 0.707107 30 42 86 255
21.920135 -41.501953 37.500000 -0.688217 -0.111976 0.716812 30 42 86 255
21.920135 -41.501953 18.750000 -0.987021 -0.160593 0.000000 30 42 86 255
22.009773 -42.253418 18.750000 -0.992961 -0.118444 0.000000 30 42 86 255
22.009773 -42.253418 37.500000 -0.702129 -0.083753 0.707107 30 42 86 255
-2.886871 -22.625000 -37.500000 -0.241392 -0.665384 -0.706395 30 42 86 255
-1.479965 -23.130371 -37.500000 -0.239044 -0.665475 -0.707107 30 42 86 255
-2.886871 -22.625000 -18.750000 -0.341037 -0.940050 0.000000 30 42 86 255
-2.886871 -22.625000 37.500000 -0.241392 -0.665384 0.706395 30 42 86 255
-1.479965 -23.130371 18.750000 -0.338059 -0.941125 0.000000 30 42 86 255
-1.479965 -23.130371 37.500000 -0.239044 -0.665475 0.707107 30 42 86 255
2.740753 -24.646484 37.500000 -0.250784 -0.656218 0.711678 30 42 86 255
2.740753 -24.646484 18.750000 -0.356985 -0.934110 0.000000 30 42 86 255
3.429558 -24.925781 18.750000 -0.375765 -0.926715 0.000000 30 42 86 255
3.429558 -24.925781 37.500000 -0.265706 -0.655286 0.707107 30 42 86 255
5.495972 -25.763672 37.500000 -0.279366 -0.643518 0.712628 30 42 86 255
5.495972 -25.763672 18.750000 -0.398217 -0.917291 0.000000 30 42 86 255
6.167206 -26.074707 18.750000 -0.420434 -0.907323 0.000000 30 42 86 255
6.167206 -26.074707 37.500000 -0.297291 -0.641574 0.707107 30 42 86 255
8.180908 -27.007812 37.500000 -0.314634 -0.624897 0.714499 30 42 86 255
8.180908 -27.007812 18.750000 -0.449711 -0.893174 0.000000 30 42 86 255
8.828720 -27.360840 18.750000 -0.478513 -0.878080 0.000000 30 42 86 255
8.828720 -27.360840 37.500000 -0.338360 -0.620897 0.707106 30 42 86 255
10.772156 -28.419922 37.500000 -0.356345 -0.601091 0.715338 30 42 86 255
10.772156 -28.419922 18.750000 -0.509953 -0.860202 0.000000 30 42 86 255
11.393517 -28.819336 18.750000 -0.540727 -0.841198 0.000000 30 42 86 255
11.393517 -28.819336 37.500000 -0.382352 -0.594817 0.707107 30 42 86 255
13.257599 -30.017578 37.500000 -0.397716 -0.575297 0.714742 30 42 86 255
13.257599 -30.017578 18.750000 -0.568662 -0.822571 0.000000 30 42 86 255
14.452400 -30.904297 18.750000 -0.595957 -0.803017 0.000000 30 42 86 255
14.452400 -30.904297 37.500000 -0.421405 -0.567818 0.707107 30 42 86 255
-36.948914 -7.818359 -37.500000 -0.372469 -0.618352 -0.692032 30 42 86 255
-34.880089 -8.878906 -37.500000 -0.322571 -0.629244 -0.707107 30 42 86 255
-36.948914 -7.818359 -18.750000 -0.515980 -0.856601 0.000000 30 42 86 255
-36.948914 -7.818359 37.500000 -0.372469 -0.618352 0.692032 30 42 86 255
-34.880089 -8.878906 18.750000 -0.456184 -0.889885 0.000000 30 42 86 255
-34.880089 -8.878906 37.500000 -0.322571 -0.629244 0.707107 30 42 86 255
-28.673615 -12.060547 37.500000 -0.316194 -0.635468 0.704416 30 42 86 255
-28.673615 -12.060547 18.750000 -0.445477 -0.895294 0.000000 30 42 86 255
-27.627655 -12.565430 18.750000 -0.434705 -0.900573 0.000000 30 42 86 255
-27.627655 -12.565430 37.500000 -0.307383 -0.636801 0.707107 30 42 86 255
-24.489777 -14.080078 37.500000 -0.299386 -0.644209 0.703820 30 42 86 255
-24.489777 -14.080078 18.750000 -0.421446 -0.906853 0.000000 30 42 86 255
-23.430229 -14.553711 18.750000 -0.408097 -0.912939 0.000000 30 42 86 255
-23.430229 -14.553711 37.500000 -0.288568 -0.645545 0.707107 30 42 86 255
-20.251587 -15.974609 37.500000 -0.280563 -0.652540 0.703900 30 42 86 255
-20.251587 -15.974609 18.750000 -0.394992 -0.918684 0.000000 30 42 86 255
-19.178345 -16.417969 18.750000 -0.381807 -0.924242 0.000000 30 42 86 255
-19.178345 -16.417969 37.500000 -0.269978 -0.653538 0.707107 30 42 86 255
-15.958618 -17.748047 37.500000 -0.263451 -0.658944 0.704547 30 42 86 255
-15.958618 -17.748047 18.750000 -0.371237 -0.928538 0.000000 30 42 86 255
-14.875046 -18.166992 18.750000 -0.360618 -0.932713 0.000000 30 42 86 255
-14.875046 -18.166992 37.500000 -0.254996 -0.659528 0.707107 30 42 86 255
-11.624329 -19.423828 37.500000 -0.249834 -0.663623 0.705115 30 42 86 255
-11.624329 -19.423828 18.750000 -0.352329 -0.935876 0.000000 30 42 86 255
-9.439964 -20.224121 18.750000 -0.344012 -0.938965 0.000000 30 42 86 255
-9.439964 -20.224121 37.500000 -0.243253 -0.663949 0.707107 30 42 86 255
-55.853119 11.580078 -37.500000 -0.624910 -0.363259 -0.691035 30 42 86 255
-54.882790 10.160645 -37.500000 -0.583745 -0.399050 -0.707107 30 42 86 255
-55.853119 11.580078 -18.750000 -0.864544 -0.502557 0.000000 30 42 86 255
-55.853119 11.580078 37.500000 -0.624910 -0.363258 0.691036 30 42 86 255
-54.882790 10.160645 18.750000 -0.825541 -0.564342 0.000000 30 42 86 255
-54.882790 10.160645 37.500000 -0.583745 -0.399050 0.707107 30 42 86 255
-51.971802 5.902344 37.500000 -0.577237 -0.419224 0.700749 30 42 86 255
-51.971802 5.902344 18.750000 -0.809126 -0.587636 0.000000 30 42 86 255
-51.451340 5.227051 18.750000 -0.792053 -0.610452 0.000000 30 42 86 255
-51.451340 5.227051 37.500000 -0.560067 -0.431655 0.707107 30 42 86 255
-49.889954 3.201172 37.500000 -0.550623 -0.455742 0.699367 30 42 86 255
-49.889954 3.201172 18.750000 -0.770357 -0.637613 0.000000 30 42 86 255
-49.327133 2.567383 18.750000 -0.747730 -0.664003 0.000000 30 42 86 255
-49.327133 2.567383 37.500000 -0.528725 -0.469521 0.707107 30 42 86 255
-47.638672 0.666016 37.500000 -0.514418 -0.499144 0.697302 30 42 86 255
-47.638672 0.666016 18.750000 -0.717681 -0.696372 0.000000 30 42 86 255
-47.022774 0.084961 18.750000 -0.686232 -0.727383 0.000000 30 42 86 255
-47.022774 0.084961 37.500000 -0.485239 -0.514337 0.707107 30 42 86 255
-45.175079 -1.658203 37.500000 -0.471483 -0.537672 0.699008 30 42 86 255
-45.175079 -1.658203 18.750000 -0.659313 -0.751869 0.000000 30 42 86 255
-44.514435 -2.196289 18.750000 -0.631520 -0.775360 0.000000 30 42 86 255
-44.514435 -2.196289 37.500000 -0.446552 -0.548262 0.707107 30 42 86 255
-42.532501 -3.810547 37.500000 -0.436326 -0.563311 0.701641 30 42 86 255
-42.532501 -3.810547 18.750000 -0.612361 -0.790579 0.000000 30 42 86 255
-41.842010 -4.318848 18.750000 -0.592835 -0.805324 0.000000 30 42 86 255
-41.842010 -4.318848 37.500000 -0.419197 -0.569450 0.707107 30 42 86 255
-39.770538 -5.843750 37.500000 -0.413903 -0.576610 0.704418 30 42 86 255
-39.770538 -5.843750 18.750000 -0.583139 -0.812372 0.000000 30 42 86 255
-39.065132 -6.337402 18.750000 -0.573359 -0.819304 0.000000 30 42 86 255
-39.065132 -6.337402 37.500000 -0.405427 -0.579336 0.707106 30 42 86 255
-63.352692 40.501953 -37.500000 -0.722028 0.008754 -0.691809 30 42 86 255
-63.298073 39.550781 -37.500000 -0.705944 -0.040537 -0.707107 30 42 86 255
-63.352692 40.501953 -18.750000 -0.999927 0.012124 0.000000 30 42 86 255
-63.352692 40.501953 37.500000 -0.722028 0.008754 0.691809 30 42 86 255
-63.298073 39.550781 18.750000 -0.998355 -0.057328 0.000000 30 42 86 255
-63.298073 39.550781 37.500000 -0.705944 -0.040537 0.707107 30 42 86 255
-63.134216 36.697266 37.500000 -0.708088 -0.049223 0.704406 30 42 86 255
-63.134216 36.697266 18.750000 -0.997593 -0.069348 0.000000 30 42 86 255
-63.057053 35.751953 18.750000 -0.996685 -0.081357 0.000000 30 42 86 255
-63.057053 35.751953 37.500000 -0.704763 -0.057528 0.707107 30 42 86 255
-62.825562 32.916016 37.500000 -0.708530 -0.075287 0.701653 30 42 86 255
-62.825562 32.916016 18.750000 -0.994402 -0.105664 0.000000 30 42 86 255
-62.703308 31.982910 18.750000 -0.991526 -0.129908 0.000000 30 42 86 255
-62.703308 31.982910 37.500000 -0.701115 -0.091859 0.707107 30 42 86 255
-62.336548 29.183594 37.500000 -0.705273 -0.119184 0.698846 30 42 86 255
-62.336548 29.183594 18.750000 -0.986020 -0.166627 0.000000 30 42 86 255
-62.146629 28.268066 18.750000 -0.979154 -0.203117 0.000000 30 42 86 255
-62.146629 28.268066 37.500000 -0.692367 -0.143626 0.707106 30 42 86 255
-61.576874 25.521484 37.500000 -0.694419 -0.169871 0.699233 30 42 86 255
-61.576874 25.521484 18.750000 -0.971359 -0.237618 0.000000 30 42 86 255
-61.449989 25.072266 18.750000 -0.962348 -0.271821 0.000000 30 42 86 255
-61.449989 25.072266 37.500000 -0.680483 -0.192206 0.707106 30 42 86 255
-61.069336 23.724609 37.500000 -0.680760 -0.209148 0.702013 30 42 86 255
-61.069336 23.724609 18.750000 -0.955904 -0.293680 0.000000 30 42 86 255
-60.921661 23.280273 18.750000 -0.948963 -0.315387 0.000000 30 42 86 255
-60.921661 23.280273 37.500000 -0.671019 -0.223012 0.707106 30 42 86 255
-60.478638 21.947266 37.500000 -0.670333 -0.243803 0.700867 30 42 86 255
-60.478638 21.947266 18.750000 -0.939773 -0.341800 0.000000 30 42 86 255
-60.132782 21.073242 18.750000 -0.929847 -0.367945 0.000000 30 42 86 255
-60.132782 21.073242 37.500000 -0.657502 -0.260177 0.707106 30 42 86 255
-59.095215 18.451172 37.500000 -0.655835 -0.279220 0.701368 30 42 86 255
-59.095215 18.451172 18.750000 -0.920083 -0.391723 0.000000 30 42 86 255
-58.701836 17.589355 18.750000 -0.909711 -0.415241 0.000000 30 42 86 255
-58.701836 17.589355 37.500000 -0.643263 -0.293620 0.707107 30 42 86 255
-57.521698 15.003906 37.500000 -0.642054 -0.302925 0.704275 30 42 86 255
-57.521698 15.003906 18.750000 -0.904394 -0.426699 0.000000 30 42 86 255
-57.104553 14.147949 18.750000 -0.898932 -0.438088 0.000000 30 42 86 255
-57.104553 14.147949 37.500000 -0.635641 -0.309775 0.707107 30 42 86 255
-45.624298 85.486328 -37.500000 -0.512810 0.522536 -0.681162 30 42 86 255
-46.610664 84.253906 -37.500000 -0.552064 0.441843 -0.707107 30 42 86 255
-45.624298 85.486328 -18.750000 -0.700434 0.713718 0.000000 30 42 86 255
-45.624298 85.486328 37.500000 -0.512810 0.522536 0.681162 30 42 86 255
-46.610664 84.253906 18.750000 -0.780736 0.624861 0.000000 30 42 86 255
-46.610664 84.253906 37.500000 -0.552064 0.441843 0.707107 30 42 86 255
-49.569763 80.556641 37.500000 -0.559235 0.436977 0.704490 30 42 86 255
-49.569763 80.556641 18.750000 -0.787973 0.615709 0.000000 30 42 86 255
-50.045372 79.933105 18.750000 -0.795103 0.606474 0.000000 30 42 86 255
-50.045372 79.933105 37.500000 -0.562223 0.428842 0.707107 30 42 86 255
-51.472198 78.062500 37.500000 -0.570573 0.422868 0.704010 30 42 86 255
-51.472198 78.062500 18.750000 -0.803408 0.595429 0.000000 30 42 86 255
-51.926727 77.431152 18.750000 -0.811560 0.584270 0.000000 30 42 86 255
-51.926727 77.431152 37.500000 -0.573859 0.413141 0.707107 30 42 86 255
-53.290314 75.537109 37.500000 -0.585316 0.404382 0.702766 30 42 86 255
-53.290314 75.537109 18.750000 -0.822742 0.568415 0.000000 30 42 86 255
-53.716728 74.893555 18.750000 -0.833614 0.552347 0.000000 30 42 86 255
-53.716728 74.893555 37.500000 -0.589454 0.390568 0.707107 30 42 86 255
-54.995972 72.962891 37.500000 -0.603119 0.379179 0.701762 30 42 86 255
-54.995972 72.962891 18.750000 -0.846589 0.532248 0.000000 30 42 86 255
-55.387260 72.306152 18.750000 -0.859078 0.511844 0.000000 30 42 86 255
-55.387260 72.306152 37.500000 -0.607460 0.361928 0.707107 30 42 86 255
-56.561127 70.335938 37.500000 -0.623728 0.346868 0.700462 30 42 86 255
-56.561127 70.335938 18.750000 -0.873947 0.486020 0.000000 30 42 86 255
-56.910240 69.661621 18.750000 -0.888041 0.459765 0.000000 30 42 86 255
-56.910240 69.661621 37.500000 -0.627940 0.325103 0.707107 30 42 86 255
-57.957581 67.638672 37.500000 -0.645759 0.306383 0.699375 30 42 86 255
-57.957581 67.638672 18.750000 -0.903469 0.428654 0.000000 30 42 86 255
-58.257515 66.945312 18.750000 -0.917807 0.397026 0.000000 30 42 86 255
-58.257515 66.945312 37.500000 -0.648988 0.280740 0.707107 30 42 86 255
-59.157318 64.865234 37.500000 -0.666665 0.259296 0.698801 30 42 86 255
-59.157318 64.865234 18.750000 -0.931987 0.362491 0.000000 30 42 86 255
-59.405052 64.150391 18.750000 -0.944868 0.327451 0.000000 30 42 86 255
-59.405052 64.150391 37.500000 -0.668123 0.231543 0.707107 30 42 86 255
-60.148254 62.005859 37.500000 -0.682347 0.211528 0.699756 30 42 86 255
-60.148254 62.005859 18.750000 -0.955157 0.296100 0.000000 30 42 86 255
-60.349342 61.272461 18.750000 -0.964406 0.264427 0.000000 30 42 86 255
-60.349342 61.272461 37.500000 -0.681938 0.186978 0.707107 30 42 86 255
-60.952606 59.072266 37.500000 -0.692876 0.169358 0.700886 30 42 86 255
-60.952606 59.072266 18.750000 -0.971403 0.237438 0.000000 30 42 86 255
-61.113701 58.323242 18.750000 -0.977644 0.210265 0.000000 30 42 86 255
-61.113701 58.323242 37.500000 -0.691299 0.148680 0.707107 30 42 86 255
-61.596985 56.076172 37.500000 -0.699542 0.133710 0.701970 30 42 86 255
-61.596985 56.076172 18.750000 -0.982219 0.187741 0.000000 30 42 86 255
-61.724754 55.312988 18.750000 -0.986274 0.165118 0.000000 30 42 86 255
-61.724754 55.312988 37.500000 -0.697401 0.116756 0.707106 30 42 86 255
-62.108063 53.023438 37.500000 -0.703318 0.104844 0.703101 30 42 86 255
-62.108063 53.023438 18.750000 -0.989071 0.147442 0.000000 30 42 86 255
-62.209183 52.250488 18.750000 -0.991551 0.129718 0.000000 30 42 86 255
-62.209183 52.250488 37.500000 -0.701132 0.091725 0.707107 30 42 86 255
-62.512543 49.931641 37.500000 -0.705242 0.082732 0.704123 30 42 86 255
-62.512543 49.931641 18.750000 -0.993189 0.116511 0.000000 30 42 86 255
-62.593666 49.150391 18.750000 -0.994652 0.103283 0.000000 30 42 86 255
-62.593666 49.150391 37.500000 -0.703325 0.073032 0.707107 30 42 86 255
-62.837036 46.806641 37.500000 -0.706514 0.065566 0.704655 30 42 86 255
-62.837036 46.806641 18.750000 -0.995721 0.092405 0.000000 30 42 86 255
-62.965950 45.230469 18.750000 -0.996672 0.081517 0.000000 30 42 86 255
-62.965950 45.230469 37.500000 -0.704753 0.057641 0.707107 30 42 86 255
1.104401 103.048828 -37.500000 0.019913 0.727773 -0.685529 30 42 86 255
-0.522385 102.932129 -37.500000 -0.050595 0.705294 -0.707107 30 42 86 255
1.104401 103.048828 -18.750000 0.027352 0.999626 0.000000 30 42 86 255
1.104401 103.048828 37.500000 0.019913 0.727773 0.685529 30 42 86 255
-0.522385 102.932129 18.750000 -0.071552 0.997437 0.000000 30 42 86 255
-0.522385 102.932129 37.500000 -0.050595 0.705294 0.707107 30 42 86 255
-5.402740 102.582031 37.500000 -0.058518 0.707138 0.704650 30 42 86 255
-5.402740 102.582031 18.750000 -0.082471 0.996593 0.000000 30 42 86 255
-6.209686 102.506348 18.750000 -0.093380 0.995631 0.000000 30 42 86 255
-6.209686 102.506348 37.500000 -0.066030 0.704017 0.707107 30 42 86 255
-8.630524 102.279297 37.500000 -0.075144 0.705917 0.704297 30 42 86 255
-8.630524 102.279297 18.750000 -0.105851 0.994382 0.000000 30 42 86 255
-9.429703 102.184082 18.750000 -0.118304 0.992977 0.000000 30 42 86 255
-9.429703 102.184082 37.500000 -0.083654 0.702141 0.707107 30 42 86 255
-11.827240 101.898438 37.500000 -0.096437 0.704427 0.703195 30 42 86 255
-11.827240 101.898438 18.750000 -0.135636 0.990759 0.000000 30 42 86 255
-12.616081 101.776367 18.750000 -0.152926 0.988238 0.000000 30 42 86 255
-12.616081 101.776367 37.500000 -0.108135 0.698789 0.707107 30 42 86 255
-14.982605 101.410156 37.500000 -0.124773 0.701105 0.702057 30 42 86 255
-14.982605 101.410156 18.750000 -0.175214 0.984530 0.000000 30 42 86 255
-15.758522 101.253906 18.750000 -0.197412 0.980321 0.000000 30 42 86 255
-15.758522 101.253906 37.500000 -0.139591 0.693192 0.707107 30 42 86 255
-18.086273 100.785156 37.500000 -0.159109 0.694960 0.701224 30 42 86 255
-18.086273 100.785156 18.750000 -0.223173 0.974779 0.000000 30 42 86 255
-18.846672 100.589844 18.750000 -0.248780 0.968560 0.000000 30 42 86 255
-18.846672 100.589844 37.500000 -0.175914 0.684875 0.707107 30 42 86 255
-21.127869 100.003906 37.500000 -0.199912 0.685677 0.699916 30 42 86 255
-21.127869 100.003906 18.750000 -0.279901 0.960029 0.000000 30 42 86 255
-21.870193 99.761230 18.750000 -0.310730 0.950498 0.000000 30 42 86 255
-21.870193 99.761230 37.500000 -0.219720 0.672104 0.707107 30 42 86 255
-24.097168 99.033203 37.500000 -0.247103 0.671160 0.698916 30 42 86 255
-24.097168 99.033203 18.750000 -0.345501 0.938418 0.000000 30 42 86 255
-24.819061 98.736816 18.750000 -0.379804 0.925067 0.000000 30 42 86 255
-24.819061 98.736816 37.500000 -0.268562 0.654121 0.707107 30 42 86 255
-26.984741 97.847656 37.500000 -0.294085 0.651395 0.699427 30 42 86 255
-26.984741 97.847656 18.750000 -0.411479 0.911419 0.000000 30 42 86 255
-27.686996 97.500977 18.750000 -0.442664 0.896687 0.000000 30 42 86 255
-27.686996 97.500977 37.500000 -0.313011 0.634054 0.707107 30 42 86 255
-29.793762 96.460938 37.500000 -0.334603 0.630309 0.700537 30 42 86 255
-29.793762 96.460938 18.750000 -0.468884 0.883260 0.000000 30 42 86 255
-30.479141 96.070801 18.750000 -0.494696 0.869066 0.000000 30 42 86 255
-30.479141 96.070801 37.500000 -0.349803 0.614523 0.707107 30 42 86 255
-32.535278 94.900391 37.500000 -0.367471 0.610442 0.701659 30 42 86 255
-32.535278 94.900391 18.750000 -0.515740 0.856745 0.000000 30 42 86 255
-33.206596 94.473633 18.750000 -0.536478 0.843915 0.000000 30 42 86 255
-33.206596 94.473633 37.500000 -0.379347 0.596738 0.707107 30 42 86 255
-35.220551 93.193359 37.500000 -0.393072 0.592910 0.702817 30 42 86 255
-35.220551 93.193359 18.750000 -0.552556 0.833476 0.000000 30 42 86 255
-35.880630 92.737305 18.750000 -0.568431 0.822731 0.000000 30 42 86 255
-35.880630 92.737305 37.500000 -0.401942 0.581758 0.707107 30 42 86 255
-37.860870 91.369141 37.500000 -0.411968 0.578583 0.703934 30 42 86 255
-37.860870 91.369141 18.750000 -0.580021 0.814601 0.000000 30 42 86 255
-38.512505 90.891113 18.750000 -0.591494 0.806309 0.000000 30 42 86 255
-38.512505 90.891113 37.500000 -0.418249 0.570147 0.707107 30 42 86 255
-40.467407 89.457031 37.500000 -0.426412 0.567322 0.704499 30 42 86 255
-40.467407 89.457031 18.750000 -0.600830 0.799377 0.000000 30 42 86 255
-41.756630 88.464355 18.750000 -0.610084 0.792337 0.000000 30 42 86 255
-41.756630 88.464355 37.500000 -0.431394 0.560267 0.707107 30 42 86 255
67.416534 53.142578 -37.500000 0.750877 -0.325524 -0.574646 30 42 86 255
66.831108 54.517578 -37.500000 0.650593 0.277000 -0.707107 30 42 86 255
67.416534 53.142578 -18.750000 0.917491 -0.397756 0.000000 30 42 86 255
67.416534 53.142578 37.500000 0.750878 -0.325525 0.574644 30 42 86 255
66.831108 54.517578 18.750000 0.920077 0.391736 0.000000 30 42 86 255
66.831108 54.517578 37.500000 0.650593 0.276999 0.707107 30 42 86 255
65.074829 58.642578 37.500000 0.650067 0.282277 0.705501 30 42 86 255
65.074829 58.642578 18.750000 0.917256 0.398298 0.000000 30 42 86 255
64.475136 59.997070 18.750000 0.914388 0.404840 0.000000 30 42 86 255
64.475136 59.997070 37.500000 0.646570 0.286265 0.707107 30 42 86 255
62.676056 64.060547 37.500000 0.645344 0.296537 0.703986 30 42 86 255
62.676056 64.060547 18.750000 0.908662 0.417532 0.000000 30 42 86 255
62.047890 65.378906 18.750000 0.902761 0.430143 0.000000 30 42 86 255
62.047890 65.378906 37.500000 0.638348 0.304157 0.707107 30 42 86 255
60.163391 69.333984 37.500000 0.635850 0.320410 0.702163 30 42 86 255
60.163391 69.333984 18.750000 0.893027 0.450003 0.000000 30 42 86 255
59.492470 70.595215 18.750000 0.882857 0.469642 0.000000 30 42 86 255
59.492470 70.595215 37.500000 0.624274 0.332087 0.707107 30 42 86 255
57.479706 74.378906 37.500000 0.621107 0.347990 0.702231 30 42 86 255
57.479706 74.378906 18.750000 0.872404 0.488785 0.000000 30 42 86 255
57.123772 74.982910 18.750000 0.861536 0.507696 0.000000 30 42 86 255
57.123772 74.982910 37.500000 0.609198 0.358995 0.707107 30 42 86 255
56.055969 76.794922 37.500000 0.606071 0.371921 0.703102 30 42 86 255
56.055969 76.794922 18.750000 0.852314 0.523030 0.000000 30 42 86 255
55.683990 77.377441 18.750000 0.842819 0.538198 0.000000 30 42 86 255
55.683990 77.377441 37.500000 0.595963 0.380563 0.707107 30 42 86 255
54.568054 79.125000 37.500000 0.591877 0.395055 0.702576 30 42 86 255
54.568054 79.125000 18.750000 0.831745 0.555158 0.000000 30 42 86 255
54.178291 79.684082 18.750000 0.820330 0.571891 0.000000 30 42 86 255
54.178291 79.684082 37.500000 0.580061 0.404388 0.707107 30 42 86 255
53.009003 81.361328 37.500000 0.574731 0.420618 0.701972 30 42 86 255
53.009003 81.361328 18.750000 0.806975 0.590586 0.000000 30 42 86 255
52.599640 81.894531 18.750000 0.793194 0.608969 0.000000 30 42 86 255
52.599640 81.894531 37.500000 0.560873 0.430606 0.707107 30 42 86 255
51.371552 83.494141 37.500000 0.554025 0.448513 0.701351 30 42 86 255
51.371552 83.494141 18.750000 0.777233 0.629213 0.000000 30 42 86 255
50.940811 83.999023 18.750000 0.760756 0.649038 0.000000 30 42 86 255
50.940811 83.999023 37.500000 0.537936 0.458939 0.707107 30 42 86 255
49.648590 85.513672 37.500000 0.529353 0.478225 0.700775 30 42 86 255
49.648590 85.513672 18.750000 0.742033 0.670363 0.000000 30 42 86 255
49.194710 85.988281 18.750000 0.722713 0.691148 0.000000 30 42 86 255
49.194710 85.988281 37.500000 0.511036 0.488716 0.707106 30 42 86 255
47.833069 87.412109 37.500000 0.500268 0.509515 0.700091 30 42 86 255
47.833069 87.412109 18.750000 0.700602 0.713552 0.000000 30 42 86 255
47.354248 87.853516 18.750000 0.677797 0.735249 0.000000 30 42 86 255
47.354248 87.853516 37.500000 0.479275 0.519900 0.707107 30 42 86 255
45.917786 89.177734 37.500000 0.466365 0.541329 0.699619 30 42 86 255
45.917786 89.177734 18.750000 0.652701 0.757616 0.000000 30 42 86 255
45.412254 89.584473 18.750000 0.626867 0.779127 0.000000 30 42 86 255
45.412254 89.584473 37.500000 0.443262 0.550926 0.707107 30 42 86 255
43.895660 90.804688 37.500000 0.428041 0.572660 0.699172 30 42 86 255
43.895660 90.804688 18.750000 0.598698 0.800975 0.000000 30 42 86 255
43.362526 91.174316 18.750000 0.569768 0.821806 0.000000 30 42 86 255
43.362526 91.174316 37.500000 0.402887 0.581104 0.707107 30 42 86 255
41.763123 92.283203 37.500000 0.387590 0.600017 0.699824 30 42 86 255
41.763123 92.283203 18.750000 0.542604 0.839989 0.000000 30 42 86 255
41.203766 92.619141 18.750000 0.514860 0.857274 0.000000 30 42 86 255
41.203766 92.619141 37.500000 0.364061 0.606184 0.707107 30 42 86 255
39.525696 93.626953 37.500000 0.348312 0.623280 0.700143 30 42 86 255
39.525696 93.626953 18.750000 0.487831 0.872938 0.000000 30 42 86 255
38.941864 93.929688 18.750000 0.460325 0.887750 0.000000 30 42 86 255
38.941864 93.929688 37.500000 0.325499 0.627735 0.707106 30 42 86 255
37.190369 94.837891 37.500000 0.310811 0.641882 0.700988 30 42 86 255
37.190369 94.837891 18.750000 0.435814 0.900037 0.000000 30 42 86 255
36.583817 95.111328 18.750000 0.410976 0.911646 0.000000 30 42 86 255
36.583817 95.111328 37.500000 0.290604 0.644631 0.707107 30 42 86 255
34.764160 95.931641 37.500000 0.276221 0.657073 0.701397 30 42 86 255
34.764160 95.931641 18.750000 0.387532 0.921856 0.000000 30 42 86 255
34.136627 96.176758 18.750000 0.363834 0.931464 0.000000 30 42 86 255
34.136627 96.176758 37.500000 0.257270 0.658645 0.707107 30 42 86 255
32.254028 96.912109 37.500000 0.244535 0.668625 0.702241 30 42 86 255
32.254028 96.912109 18.750000 0.343478 0.939161 0.000000 30 42 86 255
31.607269 97.132812 18.750000 0.322959 0.946413 0.000000 30 42 86 255
31.607269 97.132812 37.500000 0.228366 0.669215 0.707107 30 42 86 255
29.666992 97.794922 37.500000 0.216236 0.677920 0.702614 30 42 86 255
29.666992 97.794922 18.750000 0.303885 0.952709 0.000000 30 42 86 255
29.002747 97.992188 18.750000 0.284688 0.958620 0.000000 30 42 86 255
29.002747 97.992188 37.500000 0.201305 0.677846 0.707107 30 42 86 255
27.010010 98.583984 37.500000 0.190445 0.685026 0.703185 30 42 86 255
27.010010 98.583984 18.750000 0.267852 0.963460 0.000000 30 42 86 255
26.330032 98.760254 18.750000 0.250934 0.968004 0.000000 30 42 86 255
26.330032 98.760254 37.500000 0.177437 0.684482 0.707107 30 42 86 255
24.290100 99.289062 37.500000 0.163766 0.692793 0.702295 30 42 86 255
24.290100 99.289062 18.750000 0.230045 0.973180 0.000000 30 42 86 255
22.889938 99.588379 18.750000 0.209049 0.977905 0.000000 30 42 86 255
22.889938 99.588379 37.500000 0.147820 0.691483 0.707107 30 42 86 255
18.689453 100.486328 37.500000 0.133851 0.699173 0.702311 30 42 86 255
18.689453 100.486328 18.750000 0.188028 0.982164 0.000000 30 42 86 255
17.247345 100.730469 18.750000 0.166919 0.985971 0.000000 30 42 86 255
17.247345 100.730469 37.500000 0.118030 0.697187 0.707107 30 42 86 255
12.921021 101.462891 37.500000 0.109022 0.701717 0.704065 30 42 86 255
12.921021 101.462891 18.750000 0.153523 0.988145 0.000000 30 42 86 255
11.450935 101.670898 18.750000 0.140098 0.990138 0.000000 30 42 86 255
11.450935 101.670898 37.500000 0.099064 0.700133 0.707107 30 42 86 255
7.040680 102.294922 37.500000 0.094290 0.702402 0.705508 30 42 86 255
7.040680 102.294922 18.750000 0.133046 0.991110 0.000000 30 42 86 255
5.556610 102.483398 18.750000 0.125988 0.992032 0.000000 30 42 86 255
5.556610 102.483398 37.500000 0.089087 0.701472 0.707107 30 42 86 255
52.511398 58.457031 37.500000 0.000000 0.000000 1.000000 30 42 86 255
65.660255 57.267578 37.500000 0.650593 0.276999 0.707107 30 42 86 255
54.267677 54.332031 37.500000 0.000000 0.000000 1.000000 30 42 86 255
54.726967 54.020020 37.500000 0.000000 0.000000 1.000000 30 42 86 255
55.140900 53.654785 37.500000 0.000000 0.000000 1.000000 30 42 86 255
47.347206 63.684082 37.500000 0.000000 0.000000 1.000000 30 42 86 255
63.275749 62.706055 37.500000 0.646570 0.286265 0.707107 30 42 86 255
49.146286 59.620605 37.500000 0.000000 0.000000 1.000000 30 42 86 255
50.339424 59.316406 37.500000 0.000000 0.000000 1.000000 30 42 86 255
50.919250 59.144043 37.500000 0.000000 0.000000 1.000000 30 42 86 255
16.061340 64.249512 37.500000 0.000000 0.000000 1.000000 30 42 86 255
15.390419 65.510742 37.500000 0.000000 0.000000 1.000000 30 42 86 255
15.034485 66.114746 37.500000 0.000000 0.000000 1.000000 30 42 86 255
42.382141 73.234863 37.500000 0.000000 0.000000 1.000000 30 42 86 255
14.662506 66.697266 37.500000 0.000000 0.000000 1.000000 30 42 86 255
14.272743 67.256348 37.500000 0.000000 0.000000 1.000000 30 42 86 255
13.863380 67.789551 37.500000 0.000000 0.000000 1.000000 30 42 86 255
38.868828 78.259277 37.500000 0.000000 0.000000 1.000000 30 42 86 255
13.432640 68.294434 37.500000 0.000000 0.000000 1.000000 30 42 86 255
12.978760 68.769043 37.500000 0.000000 0.000000 1.000000 30 42 86 255
12.499939 69.210449 37.500000 0.000000 0.000000 1.000000 30 42 86 255
34.778503 82.521973 37.500000 0.000000 0.000000 1.000000 30 42 86 255
11.994408 69.617188 37.500000 0.000000 0.000000 1.000000 30 42 86 255
11.461273 69.986816 37.500000 0.000000 0.000000 1.000000 30 42 86 255
10.901917 70.322754 37.500000 0.000000 0.000000 1.000000 30 42 86 255
29.984436 85.858887 37.500000 0.000000 0.000000 1.000000 30 42 86 255
10.318085 70.625488 37.500000 0.000000 0.000000 1.000000 30 42 86 255
9.711533 70.898926 37.500000 0.000000 0.000000 1.000000 30 42 86 255
9.084000 71.144043 37.500000 0.000000 0.000000 1.000000 30 42 86 255
24.530685 88.322754 37.500000 0.000000 0.000000 1.000000 30 42 86 255
8.437241 71.364746 37.500000 0.000000 0.000000 1.000000 30 42 86 255
7.772995 71.562012 37.500000 0.000000 0.000000 1.000000 30 42 86 255
7.093018 71.738281 37.500000 0.000000 0.000000 1.000000 30 42 86 255
18.557739 90.105469 37.500000 0.000000 0.000000 1.000000 30 42 86 255
5.692856 72.037598 37.500000 0.000000 0.000000 1.000000 30 42 86 255
4.250748 72.281738 37.500000 0.000000 0.000000 1.000000 30 42 86 255
2.780663 72.489746 37.500000 0.000000 0.000000 1.000000 30 42 86 255
5.620674 92.359863 37.500000 0.000000 0.000000 1.000000 30 42 86 255
1.296593 72.678223 37.500000 0.000000 0.000000 1.000000 30 42 86 255
0.482796 62.490234 37.500000 0.051777 -0.705209 0.707107 30 42 86 255
-1.336990 72.484863 37.500000 0.000000 0.000000 1.000000 30 42 86 255
-2.963776 72.368164 37.500000 0.000000 0.000000 1.000000 30 42 86 255
-2.576958 62.229492 37.500000 0.110431 -0.698431 0.707107 30 42 86 255
-4.242287 72.166016 37.500000 0.000000 0.000000 1.000000 30 42 86 255
-5.049232 72.090332 37.500000 0.000000 0.000000 1.000000 30 42 86 255
-4.266304 61.918457 37.500000 0.181155 -0.683508 0.707107 30 42 86 255
-6.281738 71.763672 37.500000 0.000000 0.000000 1.000000 30 42 86 255
-7.080917 71.668457 37.500000 0.000000 0.000000 1.000000 30 42 86 255
-5.889915 61.427734 37.500000 0.273529 -0.652060 0.707107 30 42 86 255
-8.254234 71.176270 37.500000 0.000000 0.000000 1.000000 30 42 86 255
-9.043076 71.054199 37.500000 0.000000 0.000000 1.000000 30 42 86 255
-7.436836 60.724609 37.500000 0.347650 -0.615743 0.707106 30 42 86 255
-10.163887 70.421387 37.500000 0.000000 0.000000 1.000000 30 42 86 255
-10.939804 70.265137 37.500000 0.000000 0.000000 1.000000 30 42 86 255
-9.275635 59.588867 37.500000 0.405683 -0.579156 0.707106 30 42 86 255
-13.093765 68.756348 37.500000 0.000000 0.000000 1.000000 30 42 86 255
-13.854164 68.561035 37.500000 0.000000 0.000000 1.000000 30 42 86 255
-14.596489 68.318359 37.500000 0.000000 0.000000 1.000000 30 42 86 255
-20.930275 88.794922 37.500000 0.000000 0.000000 1.000000 30 42 86 255
-15.318382 68.021973 37.500000 0.000000 0.000000 1.000000 30 42 86 255
-11.906364 57.509766 37.500000 0.542508 -0.453525 0.707107 30 42 86 255
-16.748688 66.311035 37.500000 0.000000 0.000000 1.000000 30 42 86 255
-17.450943 65.964355 37.500000 0.000000 0.000000 1.000000 30 42 86 255
-18.136322 65.574219 37.500000 0.000000 0.000000 1.000000 30 42 86 255
-13.543358 55.500000 37.500000 0.581554 -0.402238 0.707106 30 42 86 255
-18.756386 64.677734 37.500000 0.000000 0.000000 1.000000 30 42 86 255
-19.427704 64.250977 37.500000 0.000000 0.000000 1.000000 30 42 86 255
-14.332069 54.288086 37.500000 0.623574 -0.333400 0.707107 30 42 86 255
-19.933647 63.304688 37.500000 0.000000 0.000000 1.000000 30 42 86 255
-20.593727 62.848633 37.500000 0.000000 0.000000 1.000000 30 42 86 255
-21.245361 62.370605 37.500000 0.000000 0.000000 1.000000 30 42 86 255
-14.959259 53.005371 37.500000 0.665224 -0.239744 0.707107 30 42 86 255
-21.609100 61.361328 37.500000 0.000000 0.000000 1.000000 30 42 86 255
-22.898323 60.368652 37.500000 0.000000 0.000000 1.000000 30 42 86 255
-23.884689 59.136230 37.500000 0.000000 0.000000 1.000000 30 42 86 255
-15.404587 51.642578 37.500000 0.688995 -0.159015 0.707107 30 42 86 255
-24.129456 58.075684 37.500000 0.000000 0.000000 1.000000 30 42 86 255
-24.605064 57.452148 37.500000 0.000000 0.000000 1.000000 30 42 86 255
-15.746452 49.846680 37.500000 0.701022 -0.092566 0.707107 30 42 86 255
-24.896362 55.246094 37.500000 0.000000 0.000000 1.000000 30 42 86 255
-25.350891 54.614746 37.500000 0.000000 0.000000 1.000000 30 42 86 255
-25.777306 53.971191 37.500000 0.000000 0.000000 1.000000 30 42 86 255
-45.256416 66.632324 37.500000 0.000000 0.000000 1.000000 30 42 86 255
-26.168594 53.314453 37.500000 0.000000 0.000000 1.000000 30 42 86 255
-26.517708 52.640137 37.500000 0.000000 0.000000 1.000000 30 42 86 255
-26.817642 51.946777 37.500000 0.000000 0.000000 1.000000 30 42 86 255
-48.377426 60.559082 37.500000 0.000000 0.000000 1.000000 30 42 86 255
-27.065376 51.231934 37.500000 0.000000 0.000000 1.000000 30 42 86 255
-27.266464 50.498535 37.500000 0.000000 0.000000 1.000000 30 42 86 255
-27.427559 49.749512 37.500000 0.000000 0.000000 1.000000 30 42 86 255
-50.207176 53.967285 37.500000 0.000000 0.000000 1.000000 30 42 86 255
-27.555328 48.986328 37.500000 0.000000 0.000000 1.000000 30 42 86 255
-27.656448 48.213379 37.500000 0.000000 0.000000 1.000000 30 42 86 255
-27.737572 47.432129 37.500000 0.000000 0.000000 1.000000 30 42 86 255
-63.223778 42.078125 37.500000 -0.704753 0.057641 0.707107 30 42 86 255
-62.911331 44.279297 37.500000 0.000000 0.000000 1.000000 30 42 86 255
-51.137215 47.015137 37.500000 0.000000 0.000000 1.000000 30 42 86 255
-27.811867 44.904785 37.500000 0.000000 0.000000 1.000000 30 42 86 255
-15.923119 46.815918 37.500000 0.700374 0.097350 0.707107 30 42 86 255
-27.467972 42.430664 37.500000 0.000000 0.000000 1.000000 30 42 86 255
-27.390808 41.485352 37.500000 0.000000 0.000000 1.000000 30 42 86 255
-27.268555 40.552246 37.500000 0.000000 0.000000 1.000000 30 42 86 255
-50.647217 32.973145 37.500000 0.000000 0.000000 1.000000 30 42 86 255
-27.078636 39.636719 37.500000 0.000000 0.000000 1.000000 30 42 86 255
-26.951752 39.187500 37.500000 0.000000 0.000000 1.000000 30 42 86 255
-26.804077 38.743164 37.500000 0.000000 0.000000 1.000000 30 42 86 255
-49.253784 27.545898 37.500000 0.000000 0.000000 1.000000 30 42 86 255
-26.458221 37.869141 37.500000 0.000000 0.000000 1.000000 30 42 86 255
-26.064842 37.007324 37.500000 0.000000 0.000000 1.000000 30 42 86 255
-25.647697 36.151367 37.500000 0.000000 0.000000 1.000000 30 42 86 255
-45.784645 19.770508 37.500000 0.000000 0.000000 1.000000 30 42 86 255
-24.677368 34.731934 37.500000 0.000000 0.000000 1.000000 30 42 86 255
-15.480606 43.950684 37.500000 0.685647 0.172883 0.707107 30 42 86 255
-24.381516 33.558594 37.500000 0.000000 0.000000 1.000000 30 42 86 255
-23.861053 32.883301 37.500000 0.000000 0.000000 1.000000 30 42 86 255
-23.298233 32.249512 37.500000 0.000000 0.000000 1.000000 30 42 86 255
-39.525192 11.193848 37.500000 0.000000 0.000000 1.000000 30 42 86 255
-22.682335 31.668457 37.500000 0.000000 0.000000 1.000000 30 42 86 255
-15.036560 42.411133 37.500000 0.655472 0.265248 0.707107 30 42 86 255
-22.237755 30.569824 37.500000 0.000000 0.000000 1.000000 30 42 86 255
-21.577110 30.031738 37.500000 0.000000 0.000000 1.000000 30 42 86 255
-20.886620 29.523438 37.500000 0.000000 0.000000 1.000000 30 42 86 255
-14.383736 40.976074 37.500000 0.601244 0.372165 0.707106 30 42 86 255
-20.261887 28.514160 37.500000 0.000000 0.000000 1.000000 30 42 86 255
-19.556480 28.020508 37.500000 0.000000 0.000000 1.000000 30 42 86 255
-17.487656 26.959961 37.500000 0.000000 0.000000 1.000000 30 42 86 255
-20.954872 -1.462402 37.500000 0.000000 0.000000 1.000000 30 42 86 255
-25.535736 -13.575195 37.500000 -0.307383 -0.636801 0.707107 30 42 86 255
-24.092751 0.052246 37.500000 0.000000 0.000000 1.000000 30 42 86 255
-24.687965 0.634766 37.500000 0.000000 0.000000 1.000000 30 42 86 255
-24.944962 0.946289 37.500000 0.000000 0.000000 1.000000 30 42 86 255
-12.825516 23.299316 37.500000 0.000000 0.000000 1.000000 30 42 86 255
-8.901131 35.529297 37.500000 0.361306 0.607831 0.707107 30 42 86 255
-8.478432 20.715332 37.500000 0.000000 0.000000 1.000000 30 42 86 255
-7.405190 20.271973 37.500000 0.000000 0.000000 1.000000 30 42 86 255
-3.817039 32.539551 37.500000 0.341031 0.619434 0.707106 30 42 86 255
-5.194168 19.054688 37.500000 0.000000 0.000000 1.000000 30 42 86 255
-4.110596 18.635742 37.500000 0.000000 0.000000 1.000000 30 42 86 255
-0.855194 30.943848 37.500000 0.318249 0.631441 0.707107 30 42 86 255
-1.858124 17.500488 37.500000 0.000000 0.000000 1.000000 30 42 86 255
0.326241 16.700195 37.500000 0.000000 0.000000 1.000000 30 42 86 255
2.932716 29.117188 37.500000 0.290332 0.644754 0.707107 30 42 86 255
4.932556 14.625977 37.500000 0.000000 0.000000 1.000000 30 42 86 255
9.099037 26.399902 37.500000 0.269486 0.653741 0.707107 30 42 86 255
9.612572 12.696777 37.500000 0.000000 0.000000 1.000000 30 42 86 255
15.856773 23.717773 37.500000 0.240913 0.664802 0.707107 30 42 86 255
15.845734 10.437988 37.500000 0.000000 0.000000 1.000000 30 42 86 255
23.118279 21.059570 37.500000 0.256011 0.659134 0.707107 30 42 86 255
18.930763 9.239746 37.500000 0.000000 0.000000 1.000000 30 42 86 255
27.219055 19.435059 37.500000 0.273627 0.652019 0.707107 30 42 86 255
21.978004 7.960938 37.500000 0.000000 0.000000 1.000000 30 42 86 255
31.265427 17.692871 37.500000 0.297505 0.641475 0.707107 30 42 86 255
24.975395 6.570801 37.500000 0.000000 0.000000 1.000000 30 42 86 255
35.245865 15.803711 37.500000 0.320070 0.630520 0.707107 30 42 86 255
27.924538 5.073730 37.500000 0.000000 0.000000 1.000000 30 42 86 255
40.133980 13.250000 37.500000 0.338357 0.620898 0.707107 30 42 86 255
33.741455 1.903809 37.500000 0.000000 0.000000 1.000000 30 42 86 255
47.300613 9.055176 37.500000 0.427625 0.563149 0.707107 30 42 86 255
37.790604 -1.170898 37.500000 0.000000 0.000000 1.000000 30 42 86 255
55.642738 -0.457520 37.500000 0.000000 0.000000 1.000000 30 42 86 255
55.317787 0.410645 37.500000 0.000000 0.000000 1.000000 30 42 86 255
50.669533 -20.484863 37.500000 0.000000 0.000000 1.000000 30 42 86 255
68.778656 -20.655762 37.500000 0.679013 0.197335 0.707107 30 42 86 255
51.440498 -23.137695 37.500000 0.000000 0.000000 1.000000 30 42 86 255
52.847404 -23.643066 37.500000 0.000000 0.000000 1.000000 30 42 86 255
69.726486 -24.213379 37.500000 0.693972 0.135656 0.707107 30 42 86 255
53.377998 -26.357422 37.500000 0.000000 0.000000 1.000000 30 42 86 255
54.066803 -26.636719 37.500000 0.000000 0.000000 1.000000 30 42 86 255
54.738037 -26.947754 37.500000 0.000000 0.000000 1.000000 30 42 86 255
70.370224 -27.848145 37.500000 0.701824 0.086274 0.707107 30 42 86 255
55.077469 -29.708984 37.500000 0.000000 0.000000 1.000000 30 42 86 255
55.725281 -30.062012 37.500000 0.000000 0.000000 1.000000 30 42 86 255
56.346642 -30.461426 37.500000 0.000000 0.000000 1.000000 30 42 86 255
27.620613 -30.165527 37.500000 0.000000 0.000000 1.000000 30 42 86 255
57.541443 -31.348145 37.500000 0.000000 0.000000 1.000000 30 42 86 255
70.780342 -31.540527 37.500000 0.705078 0.053524 0.707107 30 42 86 255
57.753502 -34.141602 37.500000 0.000000 0.000000 1.000000 30 42 86 255
58.192055 -34.759766 37.500000 0.000000 0.000000 1.000000 30 42 86 255
71.041840 -35.270508 37.500000 0.706124 0.037276 0.707107 30 42 86 255
58.340370 -37.569336 37.500000 0.000000 0.000000 1.000000 30 42 86 255
58.530525 -37.888672 37.500000 0.000000 0.000000 1.000000 30 42 86 255
58.685760 -38.222168 37.500000 0.000000 0.000000 1.000000 30 42 86 255
71.039223 -39.735352 37.500000 0.704186 -0.064210 0.707107 30 42 86 255
58.232964 -43.187988 37.500000 0.000000 0.000000 1.000000 30 42 86 255
58.344650 -43.537598 37.500000 0.000000 0.000000 1.000000 30 42 86 255
58.419853 -43.901367 37.500000 0.000000 0.000000 1.000000 30 42 86 255
34.086708 -42.301758 37.500000 0.000000 0.000000 1.000000 30 42 86 255
58.509491 -44.652832 37.500000 0.000000 0.000000 1.000000 30 42 86 255
58.395233 -45.587891 37.500000 0.000000 0.000000 1.000000 30 42 86 255
70.492706 -45.520508 37.500000 0.702526 -0.080358 0.707107 30 42 86 255
58.114075 -48.045898 37.500000 0.000000 0.000000 1.000000 30 42 86 255
70.095894 -48.789062 37.500000 0.700017 -0.099883 0.707107 30 42 86 255
57.767113 -50.477539 37.500000 0.000000 0.000000 1.000000 30 42 86 255
57.665672 -50.924805 37.500000 0.000000 0.000000 1.000000 30 42 86 255
57.511055 -51.347168 37.500000 0.000000 0.000000 1.000000 30 42 86 255
69.604050 -52.019531 37.500000 0.695756 -0.126188 0.707107 30 42 86 255
57.076408 -53.743652 37.500000 0.000000 0.000000 1.000000 30 42 86 255
56.856369 -54.136230 37.500000 0.000000 0.000000 1.000000 30 42 86 255
56.582397 -54.503906 37.500000 0.000000 0.000000 1.000000 30 42 86 255
68.987984 -55.198730 37.500000 0.688846 -0.159662 0.707107 30 42 86 255
56.038139 -56.852051 37.500000 0.000000 0.000000 1.000000 30 42 86 255
55.400345 -57.544434 37.500000 0.000000 0.000000 1.000000 30 42 86 255
54.479607 -58.108398 37.500000 0.000000 0.000000 1.000000 30 42 86 255
68.218460 -58.310547 37.500000 0.678216 -0.200058 0.707107 30 42 86 255
53.803810 -60.399414 37.500000 0.000000 0.000000 1.000000 30 42 86 255
53.328804 -60.636230 37.500000 0.000000 0.000000 1.000000 30 42 86 255
67.266251 -61.343750 37.500000 0.662643 -0.246788 0.707107 30 42 86 255
52.499565 -62.862793 37.500000 0.000000 0.000000 1.000000 30 42 86 255
52.007011 -63.045898 37.500000 0.000000 0.000000 1.000000 30 42 86 255
51.494720 -63.168457 37.500000 0.000000 0.000000 1.000000 30 42 86 255
21.610138 -62.364746 37.500000 0.000000 0.000000 1.000000 30 42 86 255
50.967056 -63.243652 37.500000 0.000000 0.000000 1.000000 30 42 86 255
49.886154 -63.316406 37.500000 0.000000 0.000000 1.000000 30 42 86 255
33.865967 -63.428223 37.500000 0.000000 0.000000 1.000000 30 42 86 255
-47.826981 -62.890137 37.500000 0.000000 0.000000 1.000000 30 42 86 255
-49.244026 -62.523926 37.500000 0.000000 0.000000 1.000000 30 42 86 255
-49.930389 -62.316895 37.500000 0.000000 0.000000 1.000000 30 42 86 255
-22.096832 -60.946777 37.500000 0.000000 0.000000 1.000000 30 42 86 255
-50.590157 -62.081543 37.500000 0.000000 0.000000 1.000000 30 42 86 255
-51.214478 -61.808105 37.500000 0.000000 0.000000 1.000000 30 42 86 255
-51.794487 -61.486816 37.500000 0.000000 0.000000 1.000000 30 42 86 255
-27.689125 -58.456543 37.500000 0.000000 0.000000 1.000000 30 42 86 255
-52.065102 -61.305176 37.500000 0.000000 0.000000 1.000000 30 42 86 255
-52.321304 -61.108398 37.500000 0.000000 0.000000 1.000000 30 42 86 255
-52.562149 -60.895020 37.500000 0.000000 0.000000 1.000000 30 42 86 255
-29.992111 -56.681152 37.500000 0.000000 0.000000 1.000000 30 42 86 255
-52.787880 -60.665527 37.500000 0.000000 0.000000 1.000000 30 42 86 255
-53.197571 -60.160645 37.500000 0.000000 0.000000 1.000000 30 42 86 255
-53.557465 -59.602539 37.500000 0.000000 0.000000 1.000000 30 42 86 255
-32.978058 -52.803711 37.500000 0.000000 0.000000 1.000000 30 42 86 255
-53.874695 -59.000000 37.500000 0.000000 0.000000 1.000000 30 42 86 255
-54.156372 -58.357422 37.500000 0.000000 0.000000 1.000000 30 42 86 255
-54.409592 -57.685059 37.500000 0.000000 0.000000 1.000000 30 42 86 255
-35.534439 -47.051270 37.500000 0.000000 0.000000 1.000000 30 42 86 255
-54.641479 -56.989258 37.500000 0.000000 0.000000 1.000000 30 42 86 255
-55.069702 -55.560547 37.500000 0.000000 0.000000 1.000000 30 42 86 255
-64.485199 -61.519531 37.500000 -0.649503 -0.279545 0.707107 30 42 86 255
-56.983795 -51.113281 37.500000 0.000000 0.000000 1.000000 30 42 86 255
-67.005981 -55.550781 37.500000 -0.656815 -0.261904 0.707107 30 42 86 255
-58.803864 -46.548828 37.500000 0.000000 0.000000 1.000000 30 42 86 255
-69.417068 -49.446289 37.500000 -0.660162 -0.253349 0.707107 30 42 86 255
-31.276123 -63.144043 37.500000 0.000000 0.000000 1.000000 30 42 86 255
34.201637 -64.148926 37.500000 0.000000 0.000000 1.000000 30 42 86 255
66.103775 -64.288574 37.500000 0.641435 -0.297593 0.707107 30 42 86 255
33.201927 -66.303711 37.500000 0.000000 0.000000 1.000000 30 42 86 255
33.551300 -67.006836 37.500000 0.000000 0.000000 1.000000 30 42 86 255
64.718033 -67.139160 37.500000 0.618320 -0.343046 0.707107 30 42 86 255
32.393204 -69.094238 37.500000 0.000000 0.000000 1.000000 30 42 86 255
32.758255 -69.778320 37.500000 0.000000 0.000000 1.000000 30 42 86 255
63.128624 -69.902832 37.500000 0.596175 -0.380230 0.707107 30 42 86 255
31.464317 -71.807129 37.500000 0.000000 0.000000 1.000000 30 42 86 255
31.847000 -72.469727 37.500000 0.000000 0.000000 1.000000 30 42 86 255
61.365669 -72.592773 37.500000 0.576722 -0.409135 0.707107 30 42 86 255
30.439949 -74.453125 37.500000 0.000000 0.000000 1.000000 30 42 86 255
30.842216 -75.090820 37.500000 0.000000 0.000000 1.000000 30 42 86 255
59.459412 -75.223145 37.500000 0.559827 -0.431965 0.707107 30 42 86 255
29.344597 -77.031738 37.500000 0.000000 0.000000 1.000000 30 42 86 255
29.768410 -77.642578 37.500000 0.000000 0.000000 1.000000 30 42 86 255
57.439957 -77.802246 37.500000 0.547402 -0.447605 0.707107 30 42 86 255
28.202904 -79.557129 37.500000 0.000000 0.000000 1.000000 30 42 86 255
28.650238 -80.139648 37.500000 0.000000 0.000000 1.000000 30 42 86 255
54.793060 -80.976562 37.500000 0.536540 -0.460570 0.707107 30 42 86 255
25.406067 -83.918945 37.500000 0.000000 0.000000 1.000000 30 42 86 255
25.878845 -84.469238 37.500000 0.000000 0.000000 1.000000 30 42 86 255
26.379066 -84.986328 37.500000 0.000000 0.000000 1.000000 30 42 86 255
50.085197 -85.802734 37.500000 0.411357 -0.575140 0.707106 30 42 86 255
21.987991 -88.126953 37.500000 0.000000 0.000000 1.000000 30 42 86 255
22.517586 -88.606445 37.500000 0.000000 0.000000 1.000000 30 42 86 255
23.078445 -89.048340 37.500000 0.000000 0.000000 1.000000 30 42 86 255
44.955162 -89.447266 37.500000 0.398376 -0.584204 0.707108 30 42 86 255
20.861565 -90.560059 37.500000 0.000000 0.000000 1.000000 30 42 86 255
21.453598 -90.962891 37.500000 0.000000 0.000000 1.000000 30 42 86 255
41.990761 -91.438477 37.500000 0.381778 -0.595185 0.707107 30 42 86 255
19.211037 -92.401367 37.500000 0.000000 0.000000 1.000000 30 42 86 255
19.832245 -92.767578 37.500000 0.000000 0.000000 1.000000 30 42 86 255
20.480568 -93.101074 37.500000 0.000000 0.000000 1.000000 30 42 86 255
38.989281 -93.325684 37.500000 0.359891 -0.608669 0.707107 30 42 86 255
18.203812 -94.447266 37.500000 0.000000 0.000000 1.000000 30 42 86 255
18.877121 -94.749512 37.500000 0.000000 0.000000 1.000000 30 42 86 255
35.939377 -95.081543 37.500000 0.331070 -0.624813 0.707107 30 42 86 255
16.557678 -95.978516 37.500000 0.000000 0.000000 1.000000 30 42 86 255
17.253929 -96.251953 37.500000 0.000000 0.000000 1.000000 30 42 86 255
17.971016 -96.500000 37.500000 0.000000 0.000000 1.000000 30 42 86 255
32.829666 -96.671875 37.500000 0.294029 -0.643076 0.707107 30 42 86 255
15.600212 -97.583984 37.500000 0.000000 0.000000 1.000000 30 42 86 255
16.336060 -97.808594 37.500000 0.000000 0.000000 1.000000 30 42 86 255
29.648750 -98.062500 37.500000 0.250319 -0.661317 0.707107 30 42 86 255
13.905724 -98.728516 37.500000 0.000000 0.000000 1.000000 30 42 86 255
14.658234 -98.932617 37.500000 0.000000 0.000000 1.000000 30 42 86 255
15.425346 -99.118652 37.500000 0.000000 0.000000 1.000000 30 42 86 255
26.388008 -99.233398 37.500000 0.204572 -0.676868 0.707107 30 42 86 255
12.934128 -99.871582 37.500000 0.000000 0.000000 1.000000 30 42 86 255
14.503769 -100.199219 37.500000 0.000000 0.000000 1.000000 30 42 86 255
23.048515 -100.187012 37.500000 0.162793 -0.688113 0.707106 30 42 86 255
11.958946 -100.801270 37.500000 0.000000 0.000000 1.000000 30 42 86 255
19.640099 -100.947754 37.500000 0.127796 -0.695462 0.707107 30 42 86 255
9.368164 -101.277344 37.500000 0.000000 0.000000 1.000000 30 42 86 255
10.971153 -101.563477 37.500000 0.000000 0.000000 1.000000 30 42 86 255
16.172943 -101.547852 37.500000 0.099082 -0.700131 0.707107 30 42 86 255
8.342033 -101.935547 37.500000 0.000000 0.000000 1.000000 30 42 86 255
12.657227 -102.015137 37.500000 0.075505 -0.703064 0.707107 30 42 86 255
5.682243 -102.221191 37.500000 0.000000 0.000000 1.000000 30 42 86 255
7.301918 -102.487793 37.500000 0.000000 0.000000 1.000000 30 42 86 255
9.103188 -102.374512 37.500000 0.058104 -0.704715 0.707107 30 42 86 255
63.253838 -10.729004 37.500000 0.000000 0.000000 1.000000 30 42 86 255
54.947517 1.266113 37.500000 0.000000 0.000000 1.000000 30 42 86 255
51.988121 5.434082 37.500000 0.459801 0.537199 0.707107 30 42 86 255
56.862595 -0.373047 37.500000 0.000000 0.000000 1.000000 30 42 86 255
55.539886 1.895508 37.500000 0.000000 0.000000 1.000000 30 42 86 255
55.039886 2.571289 37.500000 0.000000 0.000000 1.000000 30 42 86 255
64.418076 -10.608398 37.500000 0.000000 0.000000 1.000000 30 42 86 255
57.313263 0.124023 37.500000 0.000000 0.000000 1.000000 30 42 86 255
22.608093 60.146973 37.500000 0.000000 0.000000 1.000000 30 42 86 255
51.478973 58.948730 37.500000 0.000000 0.000000 1.000000 30 42 86 255
52.011932 58.722168 37.500000 0.000000 0.000000 1.000000 30 42 86 255
30.589630 54.679199 37.500000 0.000000 0.000000 1.000000 30 42 86 255
55.512222 53.240234 37.500000 0.000000 0.000000 1.000000 30 42 86 255
55.846252 52.782715 37.500000 0.000000 0.000000 1.000000 30 42 86 255
56.148331 52.287598 37.500000 0.000000 0.000000 1.000000 30 42 86 255
33.611923 50.577637 37.500000 0.000000 0.000000 1.000000 30 42 86 255
56.423775 51.762207 37.500000 0.000000 0.000000 1.000000 30 42 86 255
56.677910 51.211914 37.500000 0.000000 0.000000 1.000000 30 42 86 255
56.916054 50.642090 37.500000 0.000000 0.000000 1.000000 30 42 86 255
35.915092 45.641113 37.500000 0.000000 0.000000 1.000000 30 42 86 255
7.040680 102.294922 -37.500000 0.094290 0.702401 -0.705508 30 42 86 255
5.620674 92.359863 -37.500000 0.000000 0.000000 -1.000000 30 42 86 255
5.556610 102.483398 -37.500000 0.089087 0.701472 -0.707107 30 42 86 255
1.168465 92.925293 -37.500000 0.000000 0.000000 -1.000000 30 42 86 255
0.290604 92.860840 -37.500000 0.000000 0.000000 -1.000000 30 42 86 255
-5.402740 102.582031 -37.500000 -0.058518 0.707138 -0.704650 30 42 86 255
-4.589752 92.510742 -37.500000 0.000000 0.000000 -1.000000 30 42 86 255
-5.015923 92.443359 -37.500000 0.000000 0.000000 -1.000000 30 42 86 255
-6.209686 102.506348 -37.500000 -0.066030 0.704017 -0.707107 30 42 86 255
-8.630524 102.279297 -37.500000 -0.075144 0.705917 -0.704297 30 42 86 255
-7.436760 92.216309 -37.500000 0.000000 0.000000 -1.000000 30 42 86 255
-7.847595 92.107422 -37.500000 0.000000 0.000000 -1.000000 30 42 86 255
-9.429703 102.184082 -37.500000 -0.083654 0.702141 -0.707107 30 42 86 255
-11.827240 101.898438 -37.500000 -0.096437 0.704427 -0.703195 30 42 86 255
-10.245132 91.821777 -37.500000 0.000000 0.000000 -1.000000 30 42 86 255
-10.636238 91.657715 -37.500000 0.000000 0.000000 -1.000000 30 42 86 255
-12.616081 101.776367 -37.500000 -0.108135 0.698790 -0.707107 30 42 86 255
-14.982605 101.410156 -37.500000 -0.124773 0.701105 -0.702057 30 42 86 255
-13.002762 91.291504 -37.500000 0.000000 0.000000 -1.000000 30 42 86 255
-13.376366 91.080566 -37.500000 0.000000 0.000000 -1.000000 30 42 86 255
-15.758522 101.253906 -37.500000 -0.139591 0.693192 -0.707107 30 42 86 255
-18.086273 100.785156 -37.500000 -0.159109 0.694960 -0.701224 30 42 86 255
-15.704117 90.611816 -37.500000 0.000000 0.000000 -1.000000 30 42 86 255
-16.422104 90.108887 -37.500000 0.000000 0.000000 -1.000000 30 42 86 255
-18.846672 100.589844 -37.500000 -0.175914 0.684875 -0.707107 30 42 86 255
-21.127869 100.003906 -37.500000 -0.199912 0.685677 -0.699916 30 42 86 255
-18.703300 89.522949 -37.500000 0.000000 0.000000 -1.000000 30 42 86 255
-21.870193 99.761230 -37.500000 -0.219720 0.672104 -0.707107 30 42 86 255
-24.097168 99.033203 -37.500000 -0.247104 0.671160 -0.698916 30 42 86 255
-20.930275 88.794922 -37.500000 0.000000 0.000000 -1.000000 30 42 86 255
-24.819061 98.736816 -37.500000 -0.268562 0.654121 -0.707107 30 42 86 255
-26.984741 97.847656 -37.500000 -0.294085 0.651395 -0.699427 30 42 86 255
-23.095955 87.905762 -37.500000 0.000000 0.000000 -1.000000 30 42 86 255
-23.572723 87.335449 -37.500000 0.000000 0.000000 -1.000000 30 42 86 255
-27.686996 97.500977 -37.500000 -0.313011 0.634054 -0.707107 30 42 86 255
-29.793762 96.460938 -37.500000 -0.334603 0.630308 -0.700537 30 42 86 255
-25.679489 86.295410 -37.500000 0.000000 0.000000 -1.000000 30 42 86 255
-30.479141 96.070801 -37.500000 -0.349803 0.614523 -0.707107 30 42 86 255
-32.535278 94.900391 -37.500000 -0.367472 0.610442 -0.701659 30 42 86 255
-27.735626 85.125000 -37.500000 0.000000 0.000000 -1.000000 30 42 86 255
-27.942314 84.826172 -37.500000 0.000000 0.000000 -1.000000 30 42 86 255
-33.206596 94.473633 -37.500000 -0.379347 0.596738 -0.707107 30 42 86 255
-35.220551 93.193359 -37.500000 -0.393072 0.592910 -0.702817 30 42 86 255
-29.956268 83.545898 -37.500000 0.000000 0.000000 -1.000000 30 42 86 255
-30.124916 83.230469 -37.500000 0.000000 0.000000 -1.000000 30 42 86 255
-35.880630 92.737305 -37.500000 -0.401942 0.581758 -0.707107 30 42 86 255
-37.860870 91.369141 -37.500000 -0.411968 0.578583 -0.703935 30 42 86 255
-32.105156 81.862305 -37.500000 0.000000 0.000000 -1.000000 30 42 86 255
-38.512505 90.891113 -37.500000 -0.418249 0.570147 -0.707107 30 42 86 255
-40.467407 89.457031 -37.500000 -0.426412 0.567322 -0.704499 30 42 86 255
-34.060059 80.428223 -37.500000 0.000000 0.000000 -1.000000 30 42 86 255
-34.181305 80.091797 -37.500000 0.000000 0.000000 -1.000000 30 42 86 255
-41.756630 88.464355 -37.500000 -0.431394 0.560267 -0.707107 30 42 86 255
-38.048973 77.113770 -37.500000 0.000000 0.000000 -1.000000 30 42 86 255
-49.569763 80.556641 -37.500000 -0.559235 0.436977 -0.704490 30 42 86 255
-41.008072 73.416504 -37.500000 0.000000 0.000000 -1.000000 30 42 86 255
-41.089661 73.062988 -37.500000 0.000000 0.000000 -1.000000 30 42 86 255
-50.045372 79.933105 -37.500000 -0.562223 0.428842 -0.707107 30 42 86 255
-51.472198 78.062500 -37.500000 -0.570572 0.422868 -0.704010 30 42 86 255
-42.516487 71.192383 -37.500000 0.000000 0.000000 -1.000000 30 42 86 255
-42.613586 70.457031 -37.500000 0.000000 0.000000 -1.000000 30 42 86 255
-51.926727 77.431152 -37.500000 -0.573859 0.413141 -0.707107 30 42 86 255
-53.290314 75.537109 -37.500000 -0.585316 0.404383 -0.702766 30 42 86 255
-43.977173 68.562988 -37.500000 0.000000 0.000000 -1.000000 30 42 86 255
-53.716728 74.893555 -37.500000 -0.589454 0.390568 -0.707107 30 42 86 255
-54.995972 72.962891 -37.500000 -0.603119 0.379179 -0.701762 30 42 86 255
-45.256416 66.632324 -37.500000 0.000000 0.000000 -1.000000 30 42 86 255
-55.387260 72.306152 -37.500000 -0.607460 0.361929 -0.707107 30 42 86 255
-56.561127 70.335938 -37.500000 -0.623728 0.346868 -0.700462 30 42 86 255
-46.430283 64.662109 -37.500000 0.000000 0.000000 -1.000000 30 42 86 255
-56.910240 69.661621 -37.500000 -0.627940 0.325103 -0.707107 30 42 86 255
-57.957581 67.638672 -37.500000 -0.645759 0.306383 -0.699375 30 42 86 255
-47.477623 62.639160 -37.500000 0.000000 0.000000 -1.000000 30 42 86 255
-58.257515 66.945312 -37.500000 -0.648988 0.280740 -0.707107 30 42 86 255
-59.157318 64.865234 -37.500000 -0.666665 0.259296 -0.698801 30 42 86 255
-48.377426 60.559082 -37.500000 0.000000 0.000000 -1.000000 30 42 86 255
-59.405052 64.150391 -37.500000 -0.668123 0.231543 -0.707107 30 42 86 255
-60.148254 62.005859 -37.500000 -0.682347 0.211528 -0.699756 30 42 86 255
-49.120628 58.414551 -37.500000 0.000000 0.000000 -1.000000 30 42 86 255
-60.349342 61.272461 -37.500000 -0.681938 0.186978 -0.707107 30 42 86 255
-60.952606 59.072266 -37.500000 -0.692876 0.169358 -0.700885 30 42 86 255
-49.723892 56.214355 -37.500000 0.000000 0.000000 -1.000000 30 42 86 255
-61.113701 58.323242 -37.500000 -0.691299 0.148680 -0.707107 30 42 86 255
-61.596985 56.076172 -37.500000 -0.699542 0.133710 -0.701971 30 42 86 255
-50.207176 53.967285 -37.500000 0.000000 0.000000 -1.000000 30 42 86 255
-61.724754 55.312988 -37.500000 -0.697401 0.116756 -0.707106 30 42 86 255
-62.108063 53.023438 -37.500000 -0.703318 0.104845 -0.703101 30 42 86 255
-50.590485 51.677734 -37.500000 0.000000 0.000000 -1.000000 30 42 86 255
-62.209183 52.250488 -37.500000 -0.701132 0.091725 -0.707107 30 42 86 255
-62.512543 49.931641 -37.500000 -0.705241 0.082732 -0.704124 30 42 86 255
-50.893845 49.358887 -37.500000 0.000000 0.000000 -1.000000 30 42 86 255
-62.593666 49.150391 -37.500000 -0.703325 0.073032 -0.707107 30 42 86 255
-62.837036 46.806641 -37.500000 -0.706514 0.065566 -0.704655 30 42 86 255
-51.137215 47.015137 -37.500000 0.000000 0.000000 -1.000000 30 42 86 255
-62.911331 44.279297 -37.500000 0.000000 0.000000 -1.000000 30 42 86 255
-62.965950 45.230469 -37.500000 -0.704753 0.057641 -0.707107 30 42 86 255
8.510765 102.086914 -37.500000 0.099064 0.700133 -0.707107 30 42 86 255
4.250748 72.281738 -37.500000 0.000000 0.000000 -1.000000 30 42 86 255
5.692856 72.037598 -37.500000 0.000000 0.000000 -1.000000 30 42 86 255
7.093018 71.738281 -37.500000 0.000000 0.000000 -1.000000 30 42 86 255
24.290100 99.289062 -37.500000 0.163766 0.692793 -0.702295 30 42 86 255
24.970078 99.112793 -37.500000 0.177437 0.684482 -0.707107 30 42 86 255
18.557739 90.105469 -37.500000 0.000000 0.000000 -1.000000 30 42 86 255
7.772995 71.562012 -37.500000 0.000000 0.000000 -1.000000 30 42 86 255
8.437241 71.364746 -37.500000 0.000000 0.000000 -1.000000 30 42 86 255
9.084000 71.144043 -37.500000 0.000000 0.000000 -1.000000 30 42 86 255
32.254028 96.912109 -37.500000 0.244535 0.668625 -0.702241 30 42 86 255
32.881561 96.666992 -37.500000 0.257270 0.658645 -0.707107 30 42 86 255
24.530685 88.322754 -37.500000 0.000000 0.000000 -1.000000 30 42 86 255
9.711533 70.898926 -37.500000 0.000000 0.000000 -1.000000 30 42 86 255
10.318085 70.625488 -37.500000 0.000000 0.000000 -1.000000 30 42 86 255
10.901917 70.322754 -37.500000 0.000000 0.000000 -1.000000 30 42 86 255
39.525696 93.626953 -37.500000 0.348312 0.623280 -0.700143 30 42 86 255
40.085052 93.291016 -37.500000 0.364061 0.606184 -0.707107 30 42 86 255
29.984436 85.858887 -37.500000 0.000000 0.000000 -1.000000 30 42 86 255
11.461273 69.986816 -37.500000 0.000000 0.000000 -1.000000 30 42 86 255
11.994408 69.617188 -37.500000 0.000000 0.000000 -1.000000 30 42 86 255
12.499939 69.210449 -37.500000 0.000000 0.000000 -1.000000 30 42 86 255
45.917786 89.177734 -37.500000 0.466365 0.541329 -0.699619 30 42 86 255
46.396606 88.736328 -37.500000 0.479275 0.519900 -0.707107 30 42 86 255
34.778503 82.521973 -37.500000 0.000000 0.000000 -1.000000 30 42 86 255
12.978760 68.769043 -37.500000 0.000000 0.000000 -1.000000 30 42 86 255
13.432640 68.294434 -37.500000 0.000000 0.000000 -1.000000 30 42 86 255
13.863380 67.789551 -37.500000 0.000000 0.000000 -1.000000 30 42 86 255
51.371552 83.494141 -37.500000 0.554025 0.448513 -0.701351 30 42 86 255
51.780914 82.960938 -37.500000 0.560873 0.430606 -0.707107 30 42 86 255
38.868828 78.259277 -37.500000 0.000000 0.000000 -1.000000 30 42 86 255
14.272743 67.256348 -37.500000 0.000000 0.000000 -1.000000 30 42 86 255
14.662506 66.697266 -37.500000 0.000000 0.000000 -1.000000 30 42 86 255
15.034485 66.114746 -37.500000 0.000000 0.000000 -1.000000 30 42 86 255
56.055969 76.794922 -37.500000 0.606072 0.371921 -0.703102 30 42 86 255
56.411903 76.190918 -37.500000 0.609198 0.358995 -0.707107 30 42 86 255
42.382141 73.234863 -37.500000 0.000000 0.000000 -1.000000 30 42 86 255
15.390419 65.510742 -37.500000 0.000000 0.000000 -1.000000 30 42 86 255
16.061340 64.249512 -37.500000 0.000000 0.000000 -1.000000 30 42 86 255
16.689507 62.931152 -37.500000 0.000000 0.000000 -1.000000 30 42 86 255
65.074829 58.642578 -37.500000 0.650066 0.282277 -0.705503 30 42 86 255
55.609467 53.597168 -37.500000 0.000000 0.000000 -1.000000 30 42 86 255
64.475136 59.997070 -37.500000 0.646570 0.286265 -0.707107 30 42 86 255
62.676056 64.060547 -37.500000 0.645345 0.296537 -0.703986 30 42 86 255
53.810387 57.660645 -37.500000 0.000000 0.000000 -1.000000 30 42 86 255
53.360695 58.830566 -37.500000 0.000000 0.000000 -1.000000 30 42 86 255
53.122551 59.400391 -37.500000 0.000000 0.000000 -1.000000 30 42 86 255
65.660255 57.267578 -37.500000 0.650593 0.277000 -0.707107 30 42 86 255
24.462036 45.419922 -37.500000 -0.643466 -0.282928 -0.711269 30 42 86 255
24.207901 45.970215 -37.500000 -0.641956 -0.296467 -0.707107 30 42 86 255
34.015541 50.080078 -37.500000 0.000000 0.000000 -1.000000 30 42 86 255
52.868416 59.950684 -37.500000 0.000000 0.000000 -1.000000 30 42 86 255
52.592972 60.476074 -37.500000 0.000000 0.000000 -1.000000 30 42 86 255
52.290894 60.971191 -37.500000 0.000000 0.000000 -1.000000 30 42 86 255
21.135406 51.703125 -37.500000 -0.579915 -0.387639 -0.716544 30 42 86 255
20.801376 52.160645 -37.500000 -0.571097 -0.416952 -0.707107 30 42 86 255
31.520569 54.792480 -37.500000 0.000000 0.000000 -1.000000 30 42 86 255
51.956863 61.428711 -37.500000 0.000000 0.000000 -1.000000 30 42 86 255
51.585541 61.843262 -37.500000 0.000000 0.000000 -1.000000 30 42 86 255
51.171608 62.208496 -37.500000 0.000000 0.000000 -1.000000 30 42 86 255
16.658264 56.652344 -37.500000 -0.424394 -0.546995 -0.721586 30 42 86 255
16.198975 56.964355 -37.500000 -0.397347 -0.584906 -0.707107 30 42 86 255
28.162712 58.504395 -37.500000 0.000000 0.000000 -1.000000 30 42 86 255
50.712318 62.520508 -37.500000 0.000000 0.000000 -1.000000 30 42 86 255
50.212852 62.785645 -37.500000 0.000000 0.000000 -1.000000 30 42 86 255
49.679893 63.012207 -37.500000 0.000000 0.000000 -1.000000 30 42 86 255
10.691406 59.867188 -37.500000 -0.252197 -0.652452 -0.714635 30 42 86 255
10.131683 60.062500 -37.500000 -0.232965 -0.667628 -0.707107 30 42 86 255
23.687569 60.915527 -37.500000 0.000000 0.000000 -1.000000 30 42 86 255
49.120171 63.207520 -37.500000 0.000000 0.000000 -1.000000 30 42 86 255
48.540344 63.379883 -37.500000 0.000000 0.000000 -1.000000 30 42 86 255
47.347206 63.684082 -37.500000 0.000000 0.000000 -1.000000 30 42 86 255
-15.923119 46.815918 -37.500000 0.700374 0.097350 -0.707107 30 42 86 255
-27.811867 44.904785 -37.500000 0.000000 0.000000 -1.000000 30 42 86 255
-63.134216 36.697266 -37.500000 -0.708089 -0.049223 -0.704406 30 42 86 255
-51.245468 38.608398 -37.500000 0.000000 0.000000 -1.000000 30 42 86 255
-63.057053 35.751953 -37.500000 -0.704763 -0.057528 -0.707107 30 42 86 255
-62.825562 32.916016 -37.500000 -0.708530 -0.075287 -0.701653 30 42 86 255
-51.013977 35.772461 -37.500000 0.000000 0.000000 -1.000000 30 42 86 255
-62.703308 31.982910 -37.500000 -0.701115 -0.091858 -0.707107 30 42 86 255
-62.336548 29.183594 -37.500000 -0.705273 -0.119184 -0.698846 30 42 86 255
-50.647217 32.973145 -37.500000 0.000000 0.000000 -1.000000 30 42 86 255
-62.146629 28.268066 -37.500000 -0.692367 -0.143626 -0.707106 30 42 86 255
-61.576874 25.521484 -37.500000 -0.694419 -0.169871 -0.699233 30 42 86 255
-50.077461 30.226562 -37.500000 0.000000 0.000000 -1.000000 30 42 86 255
-61.449989 25.072266 -37.500000 -0.680483 -0.192206 -0.707106 30 42 86 255
-61.069336 23.724609 -37.500000 -0.680760 -0.209148 -0.702013 30 42 86 255
-49.696808 28.878906 -37.500000 0.000000 0.000000 -1.000000 30 42 86 255
-60.921661 23.280273 -37.500000 -0.671019 -0.223012 -0.707106 30 42 86 255
-60.478638 21.947266 -37.500000 -0.670333 -0.243803 -0.700866 30 42 86 255
-49.253784 27.545898 -37.500000 0.000000 0.000000 -1.000000 30 42 86 255
-60.132782 21.073242 -37.500000 -0.657502 -0.260177 -0.707107 30 42 86 255
-59.095215 18.451172 -37.500000 -0.655835 -0.279220 -0.701367 30 42 86 255
-48.216217 24.923828 -37.500000 0.000000 0.000000 -1.000000 30 42 86 255
-58.701836 17.589355 -37.500000 -0.643263 -0.293620 -0.707107 30 42 86 255
-57.521698 15.003906 -37.500000 -0.642054 -0.302925 -0.704275 30 42 86 255
-47.036079 22.338379 -37.500000 0.000000 0.000000 -1.000000 30 42 86 255
-57.104553 14.147949 -37.500000 -0.635641 -0.309775 -0.707107 30 42 86 255
-45.784645 19.770508 -37.500000 0.000000 0.000000 -1.000000 30 42 86 255
-51.971802 5.902344 -37.500000 -0.577237 -0.419224 -0.700749 30 42 86 255
-42.873657 15.512207 -37.500000 0.000000 0.000000 -1.000000 30 42 86 255
-42.775040 15.121094 -37.500000 0.000000 0.000000 -1.000000 30 42 86 255
-51.451340 5.227051 -37.500000 -0.560067 -0.431655 -0.707107 30 42 86 255
-49.889954 3.201172 -37.500000 -0.550623 -0.455742 -0.699367 30 42 86 255
-41.213654 13.095215 -37.500000 0.000000 0.000000 -1.000000 30 42 86 255
-49.327133 2.567383 -37.500000 -0.528725 -0.469521 -0.707107 30 42 86 255
-47.638672 0.666016 -37.500000 -0.514418 -0.499144 -0.697302 30 42 86 255
-39.525192 11.193848 -37.500000 0.000000 0.000000 -1.000000 30 42 86 255
-47.022774 0.084961 -37.500000 -0.485240 -0.514337 -0.707107 30 42 86 255
-45.175079 -1.658203 -37.500000 -0.471483 -0.537672 -0.699008 30 42 86 255
-37.677498 9.450684 -37.500000 0.000000 0.000000 -1.000000 30 42 86 255
-37.529305 9.084473 -37.500000 0.000000 0.000000 -1.000000 30 42 86 255
-44.514435 -2.196289 -37.500000 -0.446552 -0.548262 -0.707107 30 42 86 255
-42.532501 -3.810547 -37.500000 -0.436326 -0.563311 -0.701641 30 42 86 255
-35.547371 7.470215 -37.500000 0.000000 0.000000 -1.000000 30 42 86 255
-41.842010 -4.318848 -37.500000 -0.419197 -0.569450 -0.707107 30 42 86 255
-39.770538 -5.843750 -37.500000 -0.413903 -0.576610 -0.704419 30 42 86 255
-33.475899 5.945312 -37.500000 0.000000 0.000000 -1.000000 30 42 86 255
-33.267654 5.608887 -37.500000 0.000000 0.000000 -1.000000 30 42 86 255
-39.065132 -6.337402 -37.500000 -0.405427 -0.579336 -0.707106 30 42 86 255
-31.151436 4.127930 -37.500000 0.000000 0.000000 -1.000000 30 42 86 255
-28.673615 -12.060547 -37.500000 -0.316194 -0.635468 -0.704416 30 42 86 255
-24.944962 0.946289 -37.500000 0.000000 0.000000 -1.000000 30 42 86 255
-24.687965 0.634766 -37.500000 0.000000 0.000000 -1.000000 30 42 86 255
-24.092751 0.052246 -37.500000 0.000000 0.000000 -1.000000 30 42 86 255
-4.554047 32.945312 -37.500000 0.349350 0.610455 -0.710843 30 42 86 255
-8.478432 20.715332 -37.500000 0.000000 0.000000 -1.000000 30 42 86 255
-6.003075 33.806641 -37.500000 0.361306 0.607831 -0.707107 30 42 86 255
-12.825516 23.299316 -37.500000 0.000000 0.000000 -1.000000 30 42 86 255
-13.885063 23.772949 -37.500000 0.000000 0.000000 -1.000000 30 42 86 255
-14.931023 24.277832 -37.500000 0.000000 0.000000 -1.000000 30 42 86 255
-20.251587 -15.974609 -37.500000 -0.280563 -0.652540 -0.703900 30 42 86 255
-16.327202 -3.744629 -37.500000 0.000000 0.000000 -1.000000 30 42 86 255
-19.178345 -16.417969 -37.500000 -0.269978 -0.653538 -0.707107 30 42 86 255
-15.958618 -17.748047 -37.500000 -0.263451 -0.658944 -0.704547 30 42 86 255
-13.107475 -5.074707 -37.500000 0.000000 0.000000 -1.000000 30 42 86 255
-12.370468 -5.480469 -37.500000 0.000000 0.000000 -1.000000 30 42 86 255
-11.619644 -5.858887 -37.500000 0.000000 0.000000 -1.000000 30 42 86 255
1.397278 29.808594 -37.500000 0.302215 0.633745 -0.712063 30 42 86 255
2.932716 29.117188 -37.500000 0.290332 0.644754 -0.707107 30 42 86 255
-2.941696 17.919434 -37.500000 0.000000 0.000000 -1.000000 30 42 86 255
-10.084206 -6.550293 -37.500000 0.000000 0.000000 -1.000000 30 42 86 255
-8.524200 -7.193359 -37.500000 0.000000 0.000000 -1.000000 30 42 86 255
-6.446480 -7.946289 -37.500000 0.000000 0.000000 -1.000000 30 42 86 255
22.089935 21.458984 -37.500000 0.249374 0.664397 -0.704549 30 42 86 255
23.118279 21.059570 -37.500000 0.256011 0.659134 -0.707107 30 42 86 255
12.577797 11.657227 -37.500000 0.000000 0.000000 -1.000000 30 42 86 255
-5.418137 -8.345703 -37.500000 0.000000 0.000000 -1.000000 30 42 86 255
-4.402390 -8.771973 -37.500000 0.000000 0.000000 -1.000000 30 42 86 255
-3.403259 -9.235352 -37.500000 0.000000 0.000000 -1.000000 30 42 86 255
34.262817 16.302734 -37.500000 0.310561 0.639650 -0.703136 30 42 86 255
35.245865 15.803711 -37.500000 0.320070 0.630520 -0.707107 30 42 86 255
21.707458 7.790039 -37.500000 0.000000 0.000000 -1.000000 30 42 86 255
-2.420212 -9.734375 -37.500000 0.000000 0.000000 -1.000000 30 42 86 255
-0.481239 -10.791016 -37.500000 0.000000 0.000000 -1.000000 30 42 86 255
0.868477 -11.815918 -37.500000 0.000000 0.000000 -1.000000 30 42 86 255
53.903198 3.794922 -37.500000 0.483869 0.526293 -0.699204 30 42 86 255
56.862595 -0.373047 -37.500000 0.000000 0.000000 -1.000000 30 42 86 255
53.264839 4.341309 -37.500000 0.459801 0.537199 -0.707107 30 42 86 255
51.349762 5.980469 -37.500000 0.447959 0.555438 -0.700587 30 42 86 255
54.947517 1.266113 -37.500000 0.000000 0.000000 -1.000000 30 42 86 255
55.317787 0.410645 -37.500000 0.000000 0.000000 -1.000000 30 42 86 255
34.522667 0.048340 -37.500000 0.000000 0.000000 -1.000000 30 42 86 255
4.836502 -17.385742 -37.500000 0.000000 0.000000 -1.000000 30 42 86 255
5.161453 -18.253906 -37.500000 0.000000 0.000000 -1.000000 30 42 86 255
-14.875046 -18.166992 -37.500000 -0.254996 -0.659528 -0.707107 30 42 86 255
-11.624329 -19.423828 -37.500000 -0.249834 -0.663623 -0.705115 30 42 86 255
8.412170 -19.510742 -37.500000 0.000000 0.000000 -1.000000 30 42 86 255
-9.439964 -20.224121 -37.500000 -0.243253 -0.663949 -0.707107 30 42 86 255
14.965263 -21.911621 -37.500000 0.000000 0.000000 -1.000000 30 42 86 255
15.222252 -22.795898 -37.500000 0.000000 0.000000 -1.000000 30 42 86 255
2.740753 -24.646484 -37.500000 -0.250784 -0.656218 -0.711678 30 42 86 255
19.442970 -24.312012 -37.500000 0.000000 0.000000 -1.000000 30 42 86 255
19.619835 -25.216797 -37.500000 0.000000 0.000000 -1.000000 30 42 86 255
3.429558 -24.925781 -37.500000 -0.265706 -0.655286 -0.707107 30 42 86 255
5.495972 -25.763672 -37.500000 -0.279366 -0.643518 -0.712628 30 42 86 255
21.686249 -26.054688 -37.500000 0.000000 0.000000 -1.000000 30 42 86 255
6.167206 -26.074707 -37.500000 -0.297291 -0.641574 -0.707107 30 42 86 255
8.180908 -27.007812 -37.500000 -0.314634 -0.624898 -0.714499 30 42 86 255
23.699951 -26.987793 -37.500000 0.000000 0.000000 -1.000000 30 42 86 255
23.813095 -27.908203 -37.500000 0.000000 0.000000 -1.000000 30 42 86 255
8.828720 -27.360840 -37.500000 -0.338360 -0.620897 -0.707106 30 42 86 255
10.772156 -28.419922 -37.500000 -0.356345 -0.601091 -0.715338 30 42 86 255
25.756531 -28.967285 -37.500000 0.000000 0.000000 -1.000000 30 42 86 255
11.393517 -28.819336 -37.500000 -0.382352 -0.594817 -0.707107 30 42 86 255
13.257599 -30.017578 -37.500000 -0.397716 -0.575297 -0.714742 30 42 86 255
27.620613 -30.165527 -37.500000 0.000000 0.000000 -1.000000 30 42 86 255
14.452400 -30.904297 -37.500000 -0.421405 -0.567818 -0.707107 30 42 86 255
31.205017 -32.825684 -37.500000 0.000000 0.000000 -1.000000 30 42 86 255
31.275703 -33.756836 -37.500000 0.000000 0.000000 -1.000000 30 42 86 255
19.791016 -36.037109 -37.500000 -0.584873 -0.380737 -0.716214 30 42 86 255
32.591362 -35.611328 -37.500000 0.000000 0.000000 -1.000000 30 42 86 255
32.640800 -36.547852 -37.500000 0.000000 0.000000 -1.000000 30 42 86 255
19.981171 -36.356445 -37.500000 -0.607550 -0.361778 -0.707107 30 42 86 255
20.551636 -37.314453 -37.500000 -0.614692 -0.325006 -0.718697 30 42 86 255
33.211266 -37.505859 -37.500000 0.000000 0.000000 -1.000000 30 42 86 255
20.706871 -37.647949 -37.500000 -0.641060 -0.298400 -0.707107 30 42 86 255
21.172577 -38.648438 -37.500000 -0.644842 -0.251917 -0.721607 30 42 86 255
33.676971 -38.506348 -37.500000 0.000000 0.000000 -1.000000 30 42 86 255
33.526039 -40.161621 -37.500000 0.000000 0.000000 -1.000000 30 42 86 255
21.284264 -38.998047 -37.500000 -0.673571 -0.215180 -0.707107 30 42 86 255
21.619324 -40.046875 -37.500000 -0.672113 -0.176307 -0.719152 30 42 86 255
33.861099 -41.210449 -37.500000 0.000000 0.000000 -1.000000 30 42 86 255
21.694527 -40.410645 -37.500000 -0.692464 -0.143155 -0.707107 30 42 86 255
21.920135 -41.501953 -37.500000 -0.688216 -0.111976 -0.716812 30 42 86 255
34.086708 -42.301758 -37.500000 0.000000 0.000000 -1.000000 30 42 86 255
22.009773 -42.253418 -37.500000 -0.702129 -0.083753 -0.707107 30 42 86 255
34.355621 -44.556152 -37.500000 0.000000 0.000000 -1.000000 30 42 86 255
21.821655 -48.248047 -37.500000 -0.685026 0.119219 -0.718698 30 42 86 255
34.012848 -47.361328 -37.500000 0.000000 0.000000 -1.000000 30 42 86 255
33.919128 -48.180664 -37.500000 0.000000 0.000000 -1.000000 30 42 86 255
33.803474 -48.991211 -37.500000 0.000000 0.000000 -1.000000 30 42 86 255
56.281433 1.447266 -37.500000 0.525001 0.487718 -0.697499 30 42 86 255
56.823563 0.810547 -37.500000 0.538389 0.458407 -0.707107 30 42 86 255
55.686874 2.034180 -37.500000 0.496754 0.503225 -0.707107 30 42 86 255
55.039886 2.571289 -37.500000 0.000000 0.000000 -1.000000 30 42 86 255
55.539886 1.895508 -37.500000 0.000000 0.000000 -1.000000 30 42 86 255
65.740784 -12.876953 -37.500000 0.647949 0.289831 -0.704387 30 42 86 255
64.418076 -10.608398 -37.500000 0.000000 0.000000 -1.000000 30 42 86 255
65.347862 -12.026367 -37.500000 0.641926 0.296533 -0.707106 30 42 86 255
69.169403 -54.416016 -37.500000 0.697751 -0.144050 -0.701707 30 42 86 255
57.076408 -53.743652 -37.500000 0.000000 0.000000 -1.000000 30 42 86 255
69.314285 -53.617188 -37.500000 0.695756 -0.126188 -0.707107 30 42 86 255
69.748932 -51.220703 -37.500000 0.702148 -0.113726 -0.702890 30 42 86 255
57.511055 -51.347168 -37.500000 0.000000 0.000000 -1.000000 30 42 86 255
57.665672 -50.924805 -37.500000 0.000000 0.000000 -1.000000 30 42 86 255
57.767113 -50.477539 -37.500000 0.000000 0.000000 -1.000000 30 42 86 255
68.443726 -57.546875 -37.500000 0.690141 -0.181600 -0.700519 30 42 86 255
56.038139 -56.852051 -37.500000 0.000000 0.000000 -1.000000 30 42 86 255
68.625145 -56.764160 -37.500000 0.688845 -0.159662 -0.707107 30 42 86 255
56.582397 -54.503906 -37.500000 0.000000 0.000000 -1.000000 30 42 86 255
56.856369 -54.136230 -37.500000 0.000000 0.000000 -1.000000 30 42 86 255
67.542664 -60.601562 -37.500000 0.678115 -0.225984 -0.699350 30 42 86 255
53.803810 -60.399414 -37.500000 0.000000 0.000000 -1.000000 30 42 86 255
67.767929 -59.837891 -37.500000 0.678216 -0.200058 -0.707107 30 42 86 255
54.479607 -58.108398 -37.500000 0.000000 0.000000 -1.000000 30 42 86 255
55.400345 -57.544434 -37.500000 0.000000 0.000000 -1.000000 30 42 86 255
12.587250 -59.792969 -37.500000 -0.337859 0.609680 -0.717036 30 42 86 255
26.326103 -59.995117 -37.500000 0.000000 0.000000 -1.000000 30 42 86 255
12.112244 -60.029785 -37.500000 -0.315496 0.632821 -0.707106 30 42 86 255
10.687225 -60.740234 -37.500000 -0.276408 0.637350 -0.719294 30 42 86 255
24.901085 -60.705566 -37.500000 0.000000 0.000000 -1.000000 30 42 86 255
24.624672 -61.447754 -37.500000 0.000000 0.000000 -1.000000 30 42 86 255
10.194672 -60.923340 -37.500000 -0.246390 0.662790 -0.707107 30 42 86 255
8.717010 -61.472656 -37.500000 -0.201714 0.662944 -0.720983 30 42 86 255
23.147011 -61.997070 -37.500000 0.000000 0.000000 -1.000000 30 42 86 255
8.204720 -61.595215 -37.500000 -0.164523 0.687701 -0.707107 30 42 86 255
6.667847 -61.962891 -37.500000 -0.130263 0.684006 -0.717752 30 42 86 255
21.610138 -62.364746 -37.500000 0.000000 0.000000 -1.000000 30 42 86 255
6.140182 -62.038086 -37.500000 -0.099759 0.700035 -0.707106 30 42 86 255
4.557190 -62.263672 -37.500000 -0.072782 0.694741 -0.715568 30 42 86 255
20.027145 -62.590332 -37.500000 0.000000 0.000000 -1.000000 30 42 86 255
3.476288 -62.336426 -37.500000 -0.047487 0.705511 -0.707106 30 42 86 255
16.784439 -62.808594 -37.500000 0.000000 0.000000 -1.000000 30 42 86 255
-15.786606 -62.666504 -37.500000 0.000000 0.000000 -1.000000 30 42 86 255
-5.434601 -61.089844 -37.500000 0.189372 0.676538 -0.711642 30 42 86 255
-20.037743 -61.567871 -37.500000 0.000000 0.000000 -1.000000 30 42 86 255
-6.120964 -60.882812 -37.500000 0.204201 0.676981 -0.707106 30 42 86 255
-8.180054 -60.261719 -37.500000 0.219182 0.666303 -0.712741 30 42 86 255
-22.096832 -60.946777 -37.500000 0.000000 0.000000 -1.000000 30 42 86 255
-8.839821 -60.026367 -37.500000 0.237576 0.666002 -0.707107 30 42 86 255
-10.819122 -59.320312 -37.500000 0.257812 0.649757 -0.715087 30 42 86 255
-24.076134 -60.240723 -37.500000 0.000000 0.000000 -1.000000 30 42 86 255
-11.443443 -59.046875 -37.500000 0.283681 0.647708 -0.707106 30 42 86 255
-13.316406 -58.226562 -37.500000 0.308718 0.624149 -0.717726 30 42 86 255
-25.949097 -59.420410 -37.500000 0.000000 0.000000 -1.000000 30 42 86 255
-13.896416 -57.905273 -37.500000 0.342637 0.618547 -0.707106 30 42 86 255
-15.636444 -56.941406 -37.500000 0.363553 0.594967 -0.716829 30 42 86 255
-27.689125 -58.456543 -37.500000 0.000000 0.000000 -1.000000 30 42 86 255
-15.907059 -56.759766 -37.500000 0.394079 0.587113 -0.707107 30 42 86 255
-16.718903 -56.214844 -37.500000 0.408332 0.568294 -0.714358 30 42 86 255
-28.500969 -57.911621 -37.500000 0.000000 0.000000 -1.000000 30 42 86 255
-16.975105 -56.018066 -37.500000 0.430716 0.560789 -0.707106 30 42 86 255
-17.743713 -55.427734 -37.500000 0.444960 0.539148 -0.715074 30 42 86 255
-29.269577 -57.321289 -37.500000 0.000000 0.000000 -1.000000 30 42 86 255
-17.984558 -55.214355 -37.500000 0.468910 0.529267 -0.707106 30 42 86 255
-18.707092 -54.574219 -37.500000 0.481364 0.507136 -0.714914 30 42 86 255
-29.992111 -56.681152 -37.500000 0.000000 0.000000 -1.000000 30 42 86 255
-18.932823 -54.344727 -37.500000 0.504113 0.495851 -0.707108 30 42 86 255
-19.610016 -53.656250 -37.500000 0.518943 0.463862 -0.718004 30 42 86 255
-30.669304 -55.992676 -37.500000 0.000000 0.000000 -1.000000 30 42 86 255
-20.019707 -53.151367 -37.500000 0.549076 0.445551 -0.707107 30 42 86 255
-21.248779 -51.636719 -37.500000 0.562248 0.407551 -0.719569 30 42 86 255
-31.898376 -54.478027 -37.500000 0.000000 0.000000 -1.000000 30 42 86 255
-21.608673 -51.078613 -37.500000 0.594264 0.383211 -0.707107 30 42 86 255
-22.688354 -49.404297 -37.500000 0.601765 0.351518 -0.717158 30 42 86 255
-32.978058 -52.803711 -37.500000 0.000000 0.000000 -1.000000 30 42 86 255
-23.005585 -48.801758 -37.500000 0.625687 0.329417 -0.707107 30 42 86 255
-23.957275 -46.994141 -37.500000 0.629647 0.303278 -0.715239 30 42 86 255
-33.929749 -50.996094 -37.500000 0.000000 0.000000 -1.000000 30 42 86 255
-24.238953 -46.351562 -37.500000 0.647618 0.283886 -0.707106 30 42 86 255
-25.083984 -44.423828 -37.500000 0.649294 0.264360 -0.713113 30 42 86 255
-34.774780 -49.068359 -37.500000 0.000000 0.000000 -1.000000 30 42 86 255
-25.337204 -43.751465 -37.500000 0.661734 0.249216 -0.707107 30 42 86 255
-26.096863 -41.734375 -37.500000 0.662275 0.234969 -0.711464 30 42 86 255
-35.534439 -47.051270 -37.500000 0.000000 0.000000 -1.000000 30 42 86 255
-26.328751 -41.038574 -37.500000 0.670834 0.223567 -0.707107 30 42 86 255
-27.024414 -38.951172 -37.500000 0.670861 0.212271 -0.710553 30 42 86 255
-36.230103 -44.963867 -37.500000 0.000000 0.000000 -1.000000 30 42 86 255
-27.452637 -37.522461 -37.500000 0.677336 0.203016 -0.707107 30 42 86 255
-37.514771 -40.677734 -37.500000 0.000000 0.000000 -1.000000 30 42 86 255
-38.152802 -39.195312 -37.500000 0.000000 0.000000 -1.000000 30 42 86 255
-38.759491 -37.673828 -37.500000 0.000000 0.000000 -1.000000 30 42 86 255
-63.847168 -63.001953 -37.500000 -0.648315 -0.290419 -0.703807 30 42 86 255
-31.276123 -63.144043 -37.500000 0.000000 0.000000 -1.000000 30 42 86 255
-63.511497 -63.722656 -37.500000 -0.640992 -0.298545 -0.707107 30 42 86 255
-62.504486 -65.884766 -37.500000 -0.639711 -0.307845 -0.704273 30 42 86 255
-30.269112 -65.306152 -37.500000 0.000000 0.000000 -1.000000 30 42 86 255
-30.602348 -66.024414 -37.500000 0.000000 0.000000 -1.000000 30 42 86 255
-62.155113 -66.587891 -37.500000 -0.633242 -0.314649 -0.707107 30 42 86 255
-61.106995 -68.697266 -37.500000 -0.631486 -0.325294 -0.703853 30 42 86 255
-29.554230 -68.133789 -37.500000 0.000000 0.000000 -1.000000 30 42 86 255
-29.940262 -68.829590 -37.500000 0.000000 0.000000 -1.000000 30 42 86 255
-60.741943 -69.381348 -37.500000 -0.623839 -0.332904 -0.707107 30 42 86 255
-59.646790 -71.433594 -37.500000 -0.621433 -0.345137 -0.703351 30 42 86 255
-28.845108 -70.881836 -37.500000 0.000000 0.000000 -1.000000 30 42 86 255
-29.276421 -71.558105 -37.500000 0.000000 0.000000 -1.000000 30 42 86 255
-59.264107 -72.096191 -37.500000 -0.612319 -0.353645 -0.707107 30 42 86 255
-58.116058 -74.083984 -37.500000 -0.609017 -0.367766 -0.702742 30 42 86 255
-28.128372 -73.545898 -37.500000 0.000000 0.000000 -1.000000 30 42 86 255
-28.597389 -74.207031 -37.500000 0.000000 0.000000 -1.000000 30 42 86 255
-57.713791 -74.721680 -37.500000 -0.598057 -0.377263 -0.707107 30 42 86 255
-56.506989 -76.634766 -37.500000 -0.593707 -0.392951 -0.702211 30 42 86 255
-27.390587 -76.120117 -37.500000 0.000000 0.000000 -1.000000 30 42 86 255
-27.889793 -76.767090 -37.500000 0.000000 0.000000 -1.000000 30 42 86 255
-56.083176 -77.245605 -37.500000 -0.580966 -0.403086 -0.707107 30 42 86 255
-54.811737 -79.078125 -37.500000 -0.575385 -0.420159 -0.701711 30 42 86 255
-26.618355 -78.599609 -37.500000 0.000000 0.000000 -1.000000 30 42 86 255
-27.140190 -79.237793 -37.500000 0.000000 0.000000 -1.000000 30 42 86 255
-54.364403 -79.660645 -37.500000 -0.560822 -0.430672 -0.707107 30 42 86 255
-53.022400 -81.408203 -37.500000 -0.553504 -0.449731 -0.700981 30 42 86 255
-25.798187 -80.985352 -37.500000 0.000000 0.000000 -1.000000 30 42 86 255
-26.879578 -82.245117 -37.500000 0.000000 0.000000 -1.000000 30 42 86 255
-52.549622 -81.958496 -37.500000 -0.536346 -0.460796 -0.707107 30 42 86 255
-51.131287 -83.609375 -37.500000 -0.527331 -0.480821 -0.700523 30 42 86 255
-25.461243 -83.895996 -37.500000 0.000000 0.000000 -1.000000 30 42 86 255
-50.631065 -84.126465 -37.500000 -0.508221 -0.491642 -0.707107 30 42 86 255
-49.130402 -85.677734 -37.500000 -0.496748 -0.513433 -0.699734 30 42 86 255
-23.960579 -85.447266 -37.500000 0.000000 0.000000 -1.000000 30 42 86 255
-25.424271 -86.494141 -37.500000 0.000000 0.000000 -1.000000 30 42 86 255
-48.600807 -86.157227 -37.500000 -0.474590 -0.524180 -0.707106 30 42 86 255
-47.012024 -87.595703 -37.500000 -0.461237 -0.545880 -0.699483 30 42 86 255
-23.835487 -87.932617 -37.500000 0.000000 0.000000 -1.000000 30 42 86 255
-46.451164 -88.037598 -37.500000 -0.437612 -0.555424 -0.707107 30 42 86 255
-44.768585 -89.363281 -37.500000 -0.422497 -0.576568 -0.699333 30 42 86 255
-22.152908 -89.258301 -37.500000 0.000000 0.000000 -1.000000 30 42 86 255
-22.891869 -89.762207 -37.500000 0.000000 0.000000 -1.000000 30 42 86 255
-44.176552 -89.766113 -37.500000 -0.397781 -0.584610 -0.707108 30 42 86 255
-42.400452 -90.974609 -37.500000 -0.382463 -0.603222 -0.699889 30 42 86 255
-21.115768 -90.970703 -37.500000 0.000000 0.000000 -1.000000 30 42 86 255
-21.863289 -91.450195 -37.500000 0.000000 0.000000 -1.000000 30 42 86 255
-41.779243 -91.340820 -37.500000 -0.359096 -0.609139 -0.707107 30 42 86 255
-39.915619 -92.439453 -37.500000 -0.344487 -0.624795 -0.700685 30 42 86 255
-19.999664 -92.548828 -37.500000 0.000000 0.000000 -1.000000 30 42 86 255
-39.267296 -92.772949 -37.500000 -0.323450 -0.628793 -0.707107 30 42 86 255
-37.322327 -93.773438 -37.500000 -0.309174 -0.642470 -0.701173 30 42 86 255
-18.054695 -93.549316 -37.500000 0.000000 0.000000 -1.000000 30 42 86 255
-18.813614 -93.998047 -37.500000 0.000000 0.000000 -1.000000 30 42 86 255
-36.649017 -94.075684 -37.500000 -0.289579 -0.645092 -0.707107 30 42 86 255
-34.629089 -94.982422 -37.500000 -0.276159 -0.656692 -0.701777 30 42 86 255
-16.793686 -94.904785 -37.500000 0.000000 0.000000 -1.000000 30 42 86 255
-17.566833 -95.314453 -37.500000 0.000000 0.000000 -1.000000 30 42 86 255
-33.932838 -95.255859 -37.500000 -0.258482 -0.658170 -0.707107 30 42 86 255
-31.844086 -96.076172 -37.500000 -0.246456 -0.667648 -0.702500 30 42 86 255
-15.478081 -96.134766 -37.500000 0.000000 0.000000 -1.000000 30 42 86 255
-31.126999 -96.324219 -37.500000 -0.231156 -0.668257 -0.707107 30 42 86 255
-28.975739 -97.068359 -37.500000 -0.220098 -0.676283 -0.702992 30 42 86 255
-13.326820 -96.878906 -37.500000 0.000000 0.000000 -1.000000 30 42 86 255
-14.117088 -97.240234 -37.500000 0.000000 0.000000 -1.000000 30 42 86 255
-28.239891 -97.292969 -37.500000 -0.206434 -0.676302 -0.707107 30 42 86 255
-26.032349 -97.966797 -37.500000 -0.196760 -0.682822 -0.703591 30 42 86 255
-11.909546 -97.914062 -37.500000 0.000000 0.000000 -1.000000 30 42 86 255
-12.719658 -98.220703 -37.500000 0.000000 0.000000 -1.000000 30 42 86 255
-25.279839 -98.170898 -37.500000 -0.185099 -0.682450 -0.707107 30 42 86 255
-23.022308 -98.783203 -37.500000 -0.176639 -0.687792 -0.704088 30 42 86 255
-10.462128 -98.833008 -37.500000 0.000000 0.000000 -1.000000 30 42 86 255
-22.255196 -98.969238 -37.500000 -0.166652 -0.687187 -0.707107 30 42 86 255
-19.953857 -99.527344 -37.500000 -0.156376 -0.693270 -0.703508 30 42 86 255
-8.160789 -99.391113 -37.500000 0.000000 0.000000 -1.000000 30 42 86 255
-8.991196 -99.642090 -37.500000 0.000000 0.000000 -1.000000 30 42 86 255
-18.384216 -99.854980 -37.500000 -0.144483 -0.692188 -0.707107 30 42 86 255
-13.675293 -100.837891 -37.500000 -0.135000 -0.697410 -0.703842 30 42 86 255
-4.282272 -100.625000 -37.500000 0.000000 0.000000 -1.000000 30 42 86 255
-5.130547 -100.825684 -37.500000 0.000000 0.000000 -1.000000 30 42 86 255
-5.994141 -100.984375 -37.500000 0.000000 0.000000 -1.000000 30 42 86 255
-12.072304 -101.124023 -37.500000 -0.124254 -0.696104 -0.707107 30 42 86 255
-7.263336 -101.982422 -37.500000 -0.119809 -0.698418 -0.705591 30 42 86 255
-1.185173 -101.842773 -37.500000 0.000000 0.000000 -1.000000 30 42 86 255
-2.061546 -101.966797 -37.500000 0.000000 0.000000 -1.000000 30 42 86 255
-2.948143 -102.062012 -37.500000 0.000000 0.000000 -1.000000 30 42 86 255
6.420441 -102.595703 -37.500000 0.051403 -0.707418 -0.704924 30 42 86 255
4.619171 -102.708984 -37.500000 0.044382 -0.705712 -0.707107 30 42 86 255
7.314690 -102.521973 -37.500000 0.058104 -0.704715 -0.707107 30 42 86 255
9.997437 -102.300781 -37.500000 0.067070 -0.706693 -0.704334 30 42 86 255
7.301918 -102.487793 -37.500000 0.000000 0.000000 -1.000000 30 42 86 255
5.682243 -102.221191 -37.500000 0.000000 0.000000 -1.000000 30 42 86 255
-68.826050 -50.986328 -37.500000 -0.659859 -0.258163 -0.705648 30 42 86 255
-69.417068 -49.446289 -37.500000 -0.660162 -0.253349 -0.707107 30 42 86 255
-58.803864 -46.548828 -37.500000 0.000000 0.000000 -1.000000 30 42 86 255
-48.781677 -42.111328 -37.500000 0.000000 0.000000 -1.000000 30 42 86 255
-49.372696 -40.571289 -37.500000 0.000000 0.000000 -1.000000 30 42 86 255
-59.394882 -45.008789 -37.500000 0.000000 0.000000 -1.000000 30 42 86 255
-49.963715 -39.031250 -37.500000 -0.186229 0.682143 -0.707107 30 42 86 255
-59.985901 -43.468750 -37.500000 0.000000 0.000000 -1.000000 30 42 86 255
-60.576920 -41.928711 -37.500000 -0.186229 0.682143 -0.707107 30 42 86 255
-70.008087 -47.906250 -37.500000 -0.660162 -0.253349 -0.707107 30 42 86 255
-5.643661 -102.249023 -37.500000 -0.114846 -0.697718 -0.707107 30 42 86 255
1.367050 -102.141602 -37.500000 0.000000 0.000000 -1.000000 30 42 86 255
-1.328468 -102.328613 -37.500000 0.000000 0.000000 -1.000000 30 42 86 255
2.986725 -102.408203 -37.500000 0.000000 0.000000 -1.000000 30 42 86 255
-4.023987 -102.515625 -37.500000 -0.114846 -0.697718 -0.707107 30 42 86 255
0.291206 -102.595215 -37.500000 0.000000 0.000000 -1.000000 30 42 86 255
-2.404312 -102.782227 -37.500000 -0.114846 -0.697718 -0.707107 30 42 86 255
4.606400 -102.674805 -37.500000 0.000000 0.000000 -1.000000 30 42 86 255
1.910881 -102.861816 -37.500000 0.000000 0.000000 -1.000000 30 42 86 255
9.103188 -102.374512 -37.500000 0.058104 -0.704715 -0.707107 30 42 86 255
8.208939 -102.448242 -37.500000 0.058104 -0.704715 -0.707107 30 42 86 255
6.407669 -102.561523 -37.500000 0.000000 0.000000 -1.000000 30 42 86 255
5.513420 -102.635254 -37.500000 0.000000 0.000000 -1.000000 30 42 86 255
3.712151 -102.748535 -37.500000 0.000000 0.000000 -1.000000 30 42 86 255
2.817902 -102.822266 -37.500000 0.044382 -0.705712 -0.707107 30 42 86 255
10.884033 -102.205566 -37.500000 0.075505 -0.703064 -0.707107 30 42 86 255
6.568840 -102.125977 -37.500000 0.000000 0.000000 -1.000000 30 42 86 255
2.253647 -102.046387 -37.500000 0.000000 0.000000 -1.000000 30 42 86 255
11.770630 -102.110352 -37.500000 0.075505 -0.703064 -0.707107 30 42 86 255
7.455437 -102.030762 -37.500000 0.000000 0.000000 -1.000000 30 42 86 255
12.657227 -102.015137 -37.500000 0.075505 -0.703064 -0.707107 30 42 86 255
3.140244 -101.951172 -37.500000 0.000000 0.000000 -1.000000 30 42 86 255
8.342033 -101.935547 -37.500000 0.000000 0.000000 -1.000000 30 42 86 255
13.543823 -101.919922 -37.500000 0.087768 -0.705410 -0.703345 30 42 86 255
14.420197 -101.795898 -37.500000 0.099082 -0.700131 -0.707107 30 42 86 255
9.218407 -101.811523 -37.500000 0.000000 0.000000 -1.000000 30 42 86 255
4.016617 -101.827148 -37.500000 0.000000 0.000000 -1.000000 30 42 86 255
15.296570 -101.671875 -37.500000 0.099082 -0.700131 -0.707107 30 42 86 255
10.094780 -101.687500 -37.500000 0.000000 0.000000 -1.000000 30 42 86 255
16.172943 -101.547852 -37.500000 0.099082 -0.700131 -0.707107 30 42 86 255
4.892990 -101.703125 -37.500000 0.000000 0.000000 -1.000000 30 42 86 255
10.971153 -101.563477 -37.500000 0.000000 0.000000 -1.000000 30 42 86 255
17.049316 -101.423828 -37.500000 0.114196 -0.702456 -0.702506 30 42 86 255
-8.866325 -101.696289 -37.500000 -0.124254 -0.696104 -0.707107 30 42 86 255
-10.469315 -101.410156 -37.500000 -0.124254 -0.696104 -0.707107 30 42 86 255
-2.788162 -101.556641 -37.500000 0.000000 0.000000 -1.000000 30 42 86 255
-4.391151 -101.270508 -37.500000 0.000000 0.000000 -1.000000 30 42 86 255
3.290001 -101.416992 -37.500000 0.000000 0.000000 -1.000000 30 42 86 255
1.687012 -101.130859 -37.500000 0.000000 0.000000 -1.000000 30 42 86 255
9.368164 -101.277344 -37.500000 0.000000 0.000000 -1.000000 30 42 86 255
17.912910 -101.265137 -37.500000 0.127796 -0.695462 -0.707107 30 42 86 255
10.231758 -101.118652 -37.500000 0.000000 0.000000 -1.000000 30 42 86 255
2.550606 -100.972168 -37.500000 0.000000 0.000000 -1.000000 30 42 86 255
18.776505 -101.106445 -37.500000 0.127796 -0.695462 -0.707107 30 42 86 255
11.095352 -100.959961 -37.500000 0.000000 0.000000 -1.000000 30 42 86 255
19.640099 -100.947754 -37.500000 0.127796 -0.695462 -0.707107 30 42 86 255
3.414200 -100.813477 -37.500000 0.000000 0.000000 -1.000000 30 42 86 255
11.958946 -100.801270 -37.500000 0.000000 0.000000 -1.000000 30 42 86 255
20.503693 -100.789062 -37.500000 0.146492 -0.697492 -0.701460 30 42 86 255
21.351967 -100.588379 -37.500000 0.162793 -0.688113 -0.707106 30 42 86 255
12.807220 -100.600586 -37.500000 0.000000 0.000000 -1.000000 30 42 86 255
4.262474 -100.612793 -37.500000 0.000000 0.000000 -1.000000 30 42 86 255
22.200241 -100.387695 -37.500000 0.162793 -0.688113 -0.707106 30 42 86 255
13.655495 -100.399902 -37.500000 0.000000 0.000000 -1.000000 30 42 86 255
23.048515 -100.187012 -37.500000 0.162793 -0.688113 -0.707106 30 42 86 255
5.110748 -100.412109 -37.500000 0.000000 0.000000 -1.000000 30 42 86 255
14.503769 -100.199219 -37.500000 0.000000 0.000000 -1.000000 30 42 86 255
23.896790 -99.986328 -37.500000 0.185524 -0.689334 -0.700285 30 42 86 255
-15.244934 -100.510254 -37.500000 -0.144483 -0.692188 -0.707107 30 42 86 255
-16.814575 -100.182617 -37.500000 -0.144483 -0.692188 -0.707107 30 42 86 255
-5.851913 -100.297363 -37.500000 0.000000 0.000000 -1.000000 30 42 86 255
-7.421555 -99.969727 -37.500000 0.000000 0.000000 -1.000000 30 42 86 255
3.541107 -100.084473 -37.500000 0.000000 0.000000 -1.000000 30 42 86 255
1.971466 -99.756836 -37.500000 0.000000 0.000000 -1.000000 30 42 86 255
12.934128 -99.871582 -37.500000 0.000000 0.000000 -1.000000 30 42 86 255
24.727196 -99.735352 -37.500000 0.204572 -0.676868 -0.707107 30 42 86 255
13.764534 -99.620605 -37.500000 0.000000 0.000000 -1.000000 30 42 86 255
2.801872 -99.505859 -37.500000 0.000000 0.000000 -1.000000 30 42 86 255
25.557602 -99.484375 -37.500000 0.204572 -0.676868 -0.707107 30 42 86 255
14.594940 -99.369629 -37.500000 0.000000 0.000000 -1.000000 30 42 86 255
26.388008 -99.233398 -37.500000 0.204572 -0.676868 -0.707107 30 42 86 255
3.632278 -99.254883 -37.500000 0.000000 0.000000 -1.000000 30 42 86 255
15.425346 -99.118652 -37.500000 0.000000 0.000000 -1.000000 30 42 86 255
27.218414 -98.982422 -37.500000 0.230002 -0.676611 -0.699497 30 42 86 255
-20.720970 -99.341309 -37.500000 -0.166652 -0.687187 -0.707107 30 42 86 255
-21.488083 -99.155273 -37.500000 -0.166652 -0.687187 -0.707107 30 42 86 255
-8.927902 -99.205078 -37.500000 0.000000 0.000000 -1.000000 30 42 86 255
-9.695015 -99.019043 -37.500000 0.000000 0.000000 -1.000000 30 42 86 255
2.865166 -99.068848 -37.500000 0.000000 0.000000 -1.000000 30 42 86 255
2.098053 -98.882812 -37.500000 0.000000 0.000000 -1.000000 30 42 86 255
14.658234 -98.932617 -37.500000 0.000000 0.000000 -1.000000 30 42 86 255
-23.774818 -98.579102 -37.500000 -0.185099 -0.682450 -0.707107 30 42 86 255
-24.527328 -98.375000 -37.500000 -0.185099 -0.682450 -0.707107 30 42 86 255
-11.214638 -98.628906 -37.500000 0.000000 0.000000 -1.000000 30 42 86 255
-11.967148 -98.424805 -37.500000 0.000000 0.000000 -1.000000 30 42 86 255
1.345543 -98.678711 -37.500000 0.000000 0.000000 -1.000000 30 42 86 255
0.593033 -98.474609 -37.500000 0.000000 0.000000 -1.000000 30 42 86 255
13.905724 -98.728516 -37.500000 0.000000 0.000000 -1.000000 30 42 86 255
28.028526 -98.675781 -37.500000 0.250319 -0.661317 -0.707107 30 42 86 255
14.715836 -98.421875 -37.500000 0.000000 0.000000 -1.000000 30 42 86 255
1.403145 -98.167969 -37.500000 0.000000 0.000000 -1.000000 30 42 86 255
28.838638 -98.369141 -37.500000 0.250319 -0.661317 -0.707107 30 42 86 255
15.525948 -98.115234 -37.500000 0.000000 0.000000 -1.000000 30 42 86 255
29.648750 -98.062500 -37.500000 0.250319 -0.661317 -0.707107 30 42 86 255
2.213257 -97.861328 -37.500000 0.000000 0.000000 -1.000000 30 42 86 255
16.336060 -97.808594 -37.500000 0.000000 0.000000 -1.000000 30 42 86 255
30.458862 -97.755859 -37.500000 0.275170 -0.659376 -0.699646 30 42 86 255
-26.768196 -97.742188 -37.500000 -0.206434 -0.676302 -0.707107 30 42 86 255
-27.504044 -97.517578 -37.500000 -0.206434 -0.676302 -0.707107 30 42 86 255
-12.645393 -97.689453 -37.500000 0.000000 0.000000 -1.000000 30 42 86 255
-13.381241 -97.464844 -37.500000 0.000000 0.000000 -1.000000 30 42 86 255
1.477409 -97.636719 -37.500000 0.000000 0.000000 -1.000000 30 42 86 255
0.741562 -97.412109 -37.500000 0.000000 0.000000 -1.000000 30 42 86 255
15.600212 -97.583984 -37.500000 0.000000 0.000000 -1.000000 30 42 86 255
31.249130 -97.394531 -37.500000 0.294029 -0.643076 -0.707107 30 42 86 255
16.390480 -97.222656 -37.500000 0.000000 0.000000 -1.000000 30 42 86 255
1.531830 -97.050781 -37.500000 0.000000 0.000000 -1.000000 30 42 86 255
32.039398 -97.033203 -37.500000 0.294029 -0.643076 -0.707107 30 42 86 255
17.180748 -96.861328 -37.500000 0.000000 0.000000 -1.000000 30 42 86 255
32.829666 -96.671875 -37.500000 0.294029 -0.643076 -0.707107 30 42 86 255
2.322098 -96.689453 -37.500000 0.000000 0.000000 -1.000000 30 42 86 255
17.971016 -96.500000 -37.500000 0.000000 0.000000 -1.000000 30 42 86 255
33.619934 -96.310547 -37.500000 0.315537 -0.640005 -0.700593 30 42 86 255
-29.692825 -96.820312 -37.500000 -0.231156 -0.668257 -0.707107 30 42 86 255
-30.409912 -96.572266 -37.500000 -0.231156 -0.668257 -0.707107 30 42 86 255
-14.043907 -96.630859 -37.500000 0.000000 0.000000 -1.000000 30 42 86 255
-14.760994 -96.382812 -37.500000 0.000000 0.000000 -1.000000 30 42 86 255
1.605011 -96.441406 -37.500000 0.000000 0.000000 -1.000000 30 42 86 255
0.887924 -96.193359 -37.500000 0.000000 0.000000 -1.000000 30 42 86 255
17.253929 -96.251953 -37.500000 0.000000 0.000000 -1.000000 30 42 86 255
-32.540337 -95.802734 -37.500000 -0.258482 -0.658170 -0.707107 30 42 86 255
-33.236588 -95.529297 -37.500000 -0.258482 -0.658170 -0.707107 30 42 86 255
-16.174332 -95.861328 -37.500000 0.000000 0.000000 -1.000000 30 42 86 255
-16.870583 -95.587891 -37.500000 0.000000 0.000000 -1.000000 30 42 86 255
0.191673 -95.919922 -37.500000 0.000000 0.000000 -1.000000 30 42 86 255
-0.504578 -95.646484 -37.500000 0.000000 0.000000 -1.000000 30 42 86 255
16.557678 -95.978516 -37.500000 0.000000 0.000000 -1.000000 30 42 86 255
34.393082 -95.900879 -37.500000 0.331070 -0.624813 -0.707107 30 42 86 255
17.330826 -95.568848 -37.500000 0.000000 0.000000 -1.000000 30 42 86 255
0.268570 -95.236816 -37.500000 0.000000 0.000000 -1.000000 30 42 86 255
35.166229 -95.491211 -37.500000 0.331070 -0.624813 -0.707107 30 42 86 255
18.103973 -95.159180 -37.500000 0.000000 0.000000 -1.000000 30 42 86 255
35.939377 -95.081543 -37.500000 0.331070 -0.624813 -0.707107 30 42 86 255
1.041718 -94.827148 -37.500000 0.000000 0.000000 -1.000000 30 42 86 255
18.877121 -94.749512 -37.500000 0.000000 0.000000 -1.000000 30 42 86 255
36.712524 -94.671875 -37.500000 0.348108 -0.621431 -0.701887 30 42 86 255
-35.302399 -94.680176 -37.500000 -0.289579 -0.645092 -0.707107 30 42 86 255
-35.975708 -94.377930 -37.500000 -0.289579 -0.645092 -0.707107 30 42 86 255
-17.466995 -94.602539 -37.500000 0.000000 0.000000 -1.000000 30 42 86 255
-18.140305 -94.300293 -37.500000 0.000000 0.000000 -1.000000 30 42 86 255
0.368408 -94.524902 -37.500000 0.000000 0.000000 -1.000000 30 42 86 255
-0.304901 -94.222656 -37.500000 0.000000 0.000000 -1.000000 30 42 86 255
18.203812 -94.447266 -37.500000 0.000000 0.000000 -1.000000 30 42 86 255
37.471443 -94.223145 -37.500000 0.359891 -0.608669 -0.707107 30 42 86 255
18.962730 -93.998535 -37.500000 0.000000 0.000000 -1.000000 30 42 86 255
0.454018 -93.773926 -37.500000 0.000000 0.000000 -1.000000 30 42 86 255
38.230362 -93.774414 -37.500000 0.359891 -0.608669 -0.707107 30 42 86 255
19.721649 -93.549805 -37.500000 0.000000 0.000000 -1.000000 30 42 86 255
38.989281 -93.325684 -37.500000 0.359891 -0.608669 -0.707107 30 42 86 255
1.212936 -93.325195 -37.500000 0.000000 0.000000 -1.000000 30 42 86 255
20.480568 -93.101074 -37.500000 0.000000 0.000000 -1.000000 30 42 86 255
39.748199 -92.876953 -37.500000 0.373018 -0.605471 -0.703038 30 42 86 255
-37.970650 -93.439941 -37.500000 -0.323450 -0.628793 -0.707107 30 42 86 255
-38.618973 -93.106445 -37.500000 -0.323450 -0.628793 -0.707107 30 42 86 255
-18.703018 -93.215820 -37.500000 0.000000 0.000000 -1.000000 30 42 86 255
-19.351341 -92.882324 -37.500000 0.000000 0.000000 -1.000000 30 42 86 255
0.564613 -92.991699 -37.500000 0.000000 0.000000 -1.000000 30 42 86 255
-0.083710 -92.658203 -37.500000 0.000000 0.000000 -1.000000 30 42 86 255
19.832245 -92.767578 -37.500000 0.000000 0.000000 -1.000000 30 42 86 255
-40.536827 -92.073242 -37.500000 -0.359096 -0.609139 -0.707107 30 42 86 255
-41.158035 -91.707031 -37.500000 -0.359096 -0.609139 -0.707107 30 42 86 255
-20.620872 -92.182617 -37.500000 0.000000 0.000000 -1.000000 30 42 86 255
-21.242081 -91.816406 -37.500000 0.000000 0.000000 -1.000000 30 42 86 255
-0.704918 -92.291992 -37.500000 0.000000 0.000000 -1.000000 30 42 86 255
-1.326126 -91.925781 -37.500000 0.000000 0.000000 -1.000000 30 42 86 255
19.211037 -92.401367 -37.500000 0.000000 0.000000 -1.000000 30 42 86 255
40.495720 -92.397461 -37.500000 0.381778 -0.595185 -0.707107 30 42 86 255
19.958557 -91.921875 -37.500000 0.000000 0.000000 -1.000000 30 42 86 255
-0.578606 -91.446289 -37.500000 0.000000 0.000000 -1.000000 30 42 86 255
41.243240 -91.917969 -37.500000 0.381778 -0.595185 -0.707107 30 42 86 255
20.706078 -91.442383 -37.500000 0.000000 0.000000 -1.000000 30 42 86 255
41.990761 -91.438477 -37.500000 0.381778 -0.595185 -0.707107 30 42 86 255
0.168915 -90.966797 -37.500000 0.000000 0.000000 -1.000000 30 42 86 255
21.453598 -90.962891 -37.500000 0.000000 0.000000 -1.000000 30 42 86 255
42.738281 -90.958984 -37.500000 0.391848 -0.592372 -0.703954 30 42 86 255
-42.992485 -90.571777 -37.500000 -0.397781 -0.584610 -0.707108 30 42 86 255
-43.584518 -90.168945 -37.500000 -0.397781 -0.584610 -0.707108 30 42 86 255
-21.707802 -90.567871 -37.500000 0.000000 0.000000 -1.000000 30 42 86 255
-22.299835 -90.165039 -37.500000 0.000000 0.000000 -1.000000 30 42 86 255
-0.423119 -90.563965 -37.500000 0.000000 0.000000 -1.000000 30 42 86 255
-1.015152 -90.161133 -37.500000 0.000000 0.000000 -1.000000 30 42 86 255
20.861565 -90.560059 -37.500000 0.000000 0.000000 -1.000000 30 42 86 255
43.477242 -90.455078 -37.500000 0.398376 -0.584204 -0.707108 30 42 86 255
21.600525 -90.056152 -37.500000 0.000000 0.000000 -1.000000 30 42 86 255
-0.276192 -89.657227 -37.500000 0.000000 0.000000 -1.000000 30 42 86 255
44.216202 -89.951172 -37.500000 0.398376 -0.584204 -0.707108 30 42 86 255
22.339485 -89.552246 -37.500000 0.000000 0.000000 -1.000000 30 42 86 255
44.955162 -89.447266 -37.500000 0.398376 -0.584204 -0.707108 30 42 86 255
0.462769 -89.153320 -37.500000 0.000000 0.000000 -1.000000 30 42 86 255
23.078445 -89.048340 -37.500000 0.000000 0.000000 -1.000000 30 42 86 255
45.694122 -88.943359 -37.500000 0.406325 -0.581760 -0.704596 30 42 86 255
-45.329445 -88.921387 -37.500000 -0.437612 -0.555424 -0.707107 30 42 86 255
-45.890305 -88.479492 -37.500000 -0.437612 -0.555424 -0.707107 30 42 86 255
-22.713768 -88.816406 -37.500000 0.000000 0.000000 -1.000000 30 42 86 255
-23.274628 -88.374512 -37.500000 0.000000 0.000000 -1.000000 30 42 86 255
-0.098091 -88.711426 -37.500000 0.000000 0.000000 -1.000000 30 42 86 255
-0.658951 -88.269531 -37.500000 0.000000 0.000000 -1.000000 30 42 86 255
22.517586 -88.606445 -37.500000 0.000000 0.000000 -1.000000 30 42 86 255
-47.541618 -87.116211 -37.500000 -0.474590 -0.524180 -0.707106 30 42 86 255
-48.071213 -86.636719 -37.500000 -0.474590 -0.524180 -0.707106 30 42 86 255
-24.365082 -87.453125 -37.500000 0.000000 0.000000 -1.000000 30 42 86 255
-24.894676 -86.973633 -37.500000 0.000000 0.000000 -1.000000 30 42 86 255
-1.188545 -87.790039 -37.500000 0.000000 0.000000 -1.000000 30 42 86 255
-1.718140 -87.310547 -37.500000 0.000000 0.000000 -1.000000 30 42 86 255
21.987991 -88.126953 -37.500000 0.000000 0.000000 -1.000000 30 42 86 255
47.157814 -87.896484 -37.500000 0.411357 -0.575140 -0.707106 30 42 86 255
23.451683 -87.080078 -37.500000 0.000000 0.000000 -1.000000 30 42 86 255
-0.254448 -86.263672 -37.500000 0.000000 0.000000 -1.000000 30 42 86 255
48.621506 -86.849609 -37.500000 0.411357 -0.575140 -0.707106 30 42 86 255
24.915375 -86.033203 -37.500000 0.000000 0.000000 -1.000000 30 42 86 255
50.085197 -85.802734 -37.500000 0.411357 -0.575140 -0.707106 30 42 86 255
1.209244 -85.216797 -37.500000 0.000000 0.000000 -1.000000 30 42 86 255
26.379066 -84.986328 -37.500000 0.000000 0.000000 -1.000000 30 42 86 255
-49.630623 -85.160645 -37.500000 -0.508221 -0.491642 -0.707107 30 42 86 255
-50.130844 -84.643555 -37.500000 -0.508221 -0.491642 -0.707107 30 42 86 255
-24.460800 -84.930176 -37.500000 0.000000 0.000000 -1.000000 30 42 86 255
-24.961021 -84.413086 -37.500000 0.000000 0.000000 -1.000000 30 42 86 255
0.709023 -84.699707 -37.500000 0.000000 0.000000 -1.000000 30 42 86 255
0.208801 -84.182617 -37.500000 0.000000 0.000000 -1.000000 30 42 86 255
25.878845 -84.469238 -37.500000 0.000000 0.000000 -1.000000 30 42 86 255
-51.604065 -83.059082 -37.500000 -0.536346 -0.460796 -0.707107 30 42 86 255
-52.076843 -82.508789 -37.500000 -0.536346 -0.460796 -0.707107 30 42 86 255
-25.934021 -83.345703 -37.500000 0.000000 0.000000 -1.000000 30 42 86 255
-26.406799 -82.795410 -37.500000 0.000000 0.000000 -1.000000 30 42 86 255
-0.263977 -83.632324 -37.500000 0.000000 0.000000 -1.000000 30 42 86 255
-0.736755 -83.082031 -37.500000 0.000000 0.000000 -1.000000 30 42 86 255
25.406067 -83.918945 -37.500000 0.000000 0.000000 -1.000000 30 42 86 255
26.487457 -82.659180 -37.500000 0.000000 0.000000 -1.000000 30 42 86 255
0.344635 -81.822266 -37.500000 0.000000 0.000000 -1.000000 30 42 86 255
53.711670 -82.236328 -37.500000 0.536540 -0.460570 -0.707107 30 42 86 255
27.568848 -81.399414 -37.500000 0.000000 0.000000 -1.000000 30 42 86 255
54.793060 -80.976562 -37.500000 0.536540 -0.460570 -0.707107 30 42 86 255
1.426025 -80.562500 -37.500000 0.000000 0.000000 -1.000000 30 42 86 255
28.650238 -80.139648 -37.500000 0.000000 0.000000 -1.000000 30 42 86 255
55.874451 -79.716797 -37.500000 0.544058 -0.455835 -0.704425 30 42 86 255
-53.469734 -80.825684 -37.500000 -0.560822 -0.430672 -0.707107 30 42 86 255
-53.917068 -80.243164 -37.500000 -0.560822 -0.430672 -0.707107 30 42 86 255
-26.245522 -80.402832 -37.500000 0.000000 0.000000 -1.000000 30 42 86 255
-26.692856 -79.820312 -37.500000 0.000000 0.000000 -1.000000 30 42 86 255
0.978691 -79.979980 -37.500000 0.000000 0.000000 -1.000000 30 42 86 255
0.531357 -79.397461 -37.500000 0.000000 0.000000 -1.000000 30 42 86 255
28.202904 -79.557129 -37.500000 0.000000 0.000000 -1.000000 30 42 86 255
56.396286 -79.078613 -37.500000 0.547402 -0.447605 -0.707107 30 42 86 255
28.724739 -78.918945 -37.500000 0.000000 0.000000 -1.000000 30 42 86 255
1.053192 -78.759277 -37.500000 0.000000 0.000000 -1.000000 30 42 86 255
56.918121 -78.440430 -37.500000 0.547402 -0.447605 -0.707107 30 42 86 255
29.246574 -78.280762 -37.500000 0.000000 0.000000 -1.000000 30 42 86 255
57.439957 -77.802246 -37.500000 0.547402 -0.447605 -0.707107 30 42 86 255
1.575027 -78.121094 -37.500000 0.000000 0.000000 -1.000000 30 42 86 255
29.768410 -77.642578 -37.500000 0.000000 0.000000 -1.000000 30 42 86 255
57.961792 -77.164062 -37.500000 0.556138 -0.441789 -0.703941 30 42 86 255
-55.235550 -78.467285 -37.500000 -0.580966 -0.403086 -0.707107 30 42 86 255
-55.659363 -77.856445 -37.500000 -0.580966 -0.403086 -0.707107 30 42 86 255
-27.042168 -77.988770 -37.500000 0.000000 0.000000 -1.000000 30 42 86 255
-27.465981 -77.377930 -37.500000 0.000000 0.000000 -1.000000 30 42 86 255
1.151215 -77.510254 -37.500000 0.000000 0.000000 -1.000000 30 42 86 255
0.727402 -76.899414 -37.500000 0.000000 0.000000 -1.000000 30 42 86 255
29.344597 -77.031738 -37.500000 0.000000 0.000000 -1.000000 30 42 86 255
58.460999 -76.517090 -37.500000 0.559827 -0.431965 -0.707107 30 42 86 255
29.843803 -76.384766 -37.500000 0.000000 0.000000 -1.000000 30 42 86 255
1.226608 -76.252441 -37.500000 0.000000 0.000000 -1.000000 30 42 86 255
58.960205 -75.870117 -37.500000 0.559827 -0.431965 -0.707107 30 42 86 255
30.343010 -75.737793 -37.500000 0.000000 0.000000 -1.000000 30 42 86 255
59.459412 -75.223145 -37.500000 0.559827 -0.431965 -0.707107 30 42 86 255
1.725815 -75.605469 -37.500000 0.000000 0.000000 -1.000000 30 42 86 255
30.842216 -75.090820 -37.500000 0.000000 0.000000 -1.000000 30 42 86 255
59.958618 -74.576172 -37.500000 0.571978 -0.423290 -0.702614 30 42 86 255
-56.909256 -75.997070 -37.500000 -0.598057 -0.377263 -0.707107 30 42 86 255
-57.311523 -75.359375 -37.500000 -0.598057 -0.377263 -0.707107 30 42 86 255
-27.792854 -75.482422 -37.500000 0.000000 0.000000 -1.000000 30 42 86 255
-28.195122 -74.844727 -37.500000 0.000000 0.000000 -1.000000 30 42 86 255
1.323547 -74.967773 -37.500000 0.000000 0.000000 -1.000000 30 42 86 255
0.921280 -74.330078 -37.500000 0.000000 0.000000 -1.000000 30 42 86 255
30.439949 -74.453125 -37.500000 0.000000 0.000000 -1.000000 30 42 86 255
60.427635 -73.915039 -37.500000 0.576722 -0.409135 -0.707107 30 42 86 255
30.908966 -73.791992 -37.500000 0.000000 0.000000 -1.000000 30 42 86 255
1.390297 -73.668945 -37.500000 0.000000 0.000000 -1.000000 30 42 86 255
60.896652 -73.253906 -37.500000 0.576722 -0.409135 -0.707107 30 42 86 255
31.377983 -73.130859 -37.500000 0.000000 0.000000 -1.000000 30 42 86 255
61.365669 -72.592773 -37.500000 0.576722 -0.409135 -0.707107 30 42 86 255
1.859314 -73.007812 -37.500000 0.000000 0.000000 -1.000000 30 42 86 255
31.847000 -72.469727 -37.500000 0.000000 0.000000 -1.000000 30 42 86 255
61.834686 -71.931641 -37.500000 0.591157 -0.397851 -0.701604 30 42 86 255
-58.498741 -73.421387 -37.500000 -0.612319 -0.353645 -0.707107 30 42 86 255
-58.881424 -72.758789 -37.500000 -0.612319 -0.353645 -0.707107 30 42 86 255
-28.511055 -72.883301 -37.500000 0.000000 0.000000 -1.000000 30 42 86 255
-28.893738 -72.220703 -37.500000 0.000000 0.000000 -1.000000 30 42 86 255
1.476631 -72.345215 -37.500000 0.000000 0.000000 -1.000000 30 42 86 255
1.093948 -71.682617 -37.500000 0.000000 0.000000 -1.000000 30 42 86 255
31.464317 -71.807129 -37.500000 0.000000 0.000000 -1.000000 30 42 86 255
62.265999 -71.255371 -37.500000 0.596175 -0.380230 -0.707107 30 42 86 255
31.895630 -71.130859 -37.500000 0.000000 0.000000 -1.000000 30 42 86 255
1.525261 -71.006348 -37.500000 0.000000 0.000000 -1.000000 30 42 86 255
62.697311 -70.579102 -37.500000 0.596175 -0.380230 -0.707107 30 42 86 255
32.326942 -70.454590 -37.500000 0.000000 0.000000 -1.000000 30 42 86 255
63.128624 -69.902832 -37.500000 0.596175 -0.380230 -0.707107 30 42 86 255
1.956573 -70.330078 -37.500000 0.000000 0.000000 -1.000000 30 42 86 255
32.758255 -69.778320 -37.500000 0.000000 0.000000 -1.000000 30 42 86 255
63.559937 -69.226562 -37.500000 0.613339 -0.365265 -0.700283 30 42 86 255
-60.011841 -70.749512 -37.500000 -0.623839 -0.332904 -0.707107 30 42 86 255
-60.376892 -70.065430 -37.500000 -0.623839 -0.332904 -0.707107 30 42 86 255
-29.210159 -70.197754 -37.500000 0.000000 0.000000 -1.000000 30 42 86 255
-29.575211 -69.513672 -37.500000 0.000000 0.000000 -1.000000 30 42 86 255
1.591522 -69.645996 -37.500000 0.000000 0.000000 -1.000000 30 42 86 255
1.226471 -68.961914 -37.500000 0.000000 0.000000 -1.000000 30 42 86 255
32.393204 -69.094238 -37.500000 0.000000 0.000000 -1.000000 30 42 86 255
63.945969 -68.530762 -37.500000 0.618320 -0.343046 -0.707107 30 42 86 255
32.779236 -68.398438 -37.500000 0.000000 0.000000 -1.000000 30 42 86 255
1.612503 -68.266113 -37.500000 0.000000 0.000000 -1.000000 30 42 86 255
64.332001 -67.834961 -37.500000 0.618320 -0.343046 -0.707107 30 42 86 255
33.165268 -67.702637 -37.500000 0.000000 0.000000 -1.000000 30 42 86 255
64.718033 -67.139160 -37.500000 0.618320 -0.343046 -0.707107 30 42 86 255
1.998535 -67.570312 -37.500000 0.000000 0.000000 -1.000000 30 42 86 255
33.551300 -67.006836 -37.500000 0.000000 0.000000 -1.000000 30 42 86 255
65.104065 -66.443359 -37.500000 0.637361 -0.324125 -0.699081 30 42 86 255
-61.456367 -67.994141 -37.500000 -0.633242 -0.314649 -0.707107 30 42 86 255
-61.805740 -67.291016 -37.500000 -0.633242 -0.314649 -0.707107 30 42 86 255
-29.903603 -67.430664 -37.500000 0.000000 0.000000 -1.000000 30 42 86 255
-30.252975 -66.727539 -37.500000 0.000000 0.000000 -1.000000 30 42 86 255
1.649162 -66.867188 -37.500000 0.000000 0.000000 -1.000000 30 42 86 255
1.299789 -66.164062 -37.500000 0.000000 0.000000 -1.000000 30 42 86 255
33.201927 -66.303711 -37.500000 0.000000 0.000000 -1.000000 30 42 86 255
65.437302 -65.725098 -37.500000 0.641435 -0.297593 -0.707107 30 42 86 255
33.535164 -65.585449 -37.500000 0.000000 0.000000 -1.000000 30 42 86 255
1.633026 -65.445801 -37.500000 0.000000 0.000000 -1.000000 30 42 86 255
65.770538 -65.006836 -37.500000 0.641435 -0.297593 -0.707107 30 42 86 255
33.868401 -64.867188 -37.500000 0.000000 0.000000 -1.000000 30 42 86 255
66.103775 -64.288574 -37.500000 0.641435 -0.297593 -0.707107 30 42 86 255
1.966263 -64.727539 -37.500000 0.000000 0.000000 -1.000000 30 42 86 255
34.201637 -64.148926 -37.500000 0.000000 0.000000 -1.000000 30 42 86 255
66.437012 -63.570312 -37.500000 0.660429 -0.275693 -0.698447 30 42 86 255
-62.840157 -65.164062 -37.500000 -0.640992 -0.298545 -0.707107 30 42 86 255
-63.175827 -64.443359 -37.500000 -0.640992 -0.298545 -0.707107 30 42 86 255
-30.604782 -64.585449 -37.500000 0.000000 0.000000 -1.000000 30 42 86 255
-30.940453 -63.864746 -37.500000 0.000000 0.000000 -1.000000 30 42 86 255
1.630592 -64.006836 -37.500000 0.000000 0.000000 -1.000000 30 42 86 255
1.294922 -63.286133 -37.500000 0.000000 0.000000 -1.000000 30 42 86 255
33.865967 -63.428223 -37.500000 0.000000 0.000000 -1.000000 30 42 86 255
-68.219360 -52.507812 -37.500000 -0.656815 -0.261904 -0.707107 30 42 86 255
-58.197174 -48.070312 -37.500000 0.000000 0.000000 -1.000000 30 42 86 255
-48.174988 -43.632812 -37.500000 0.000000 0.000000 -1.000000 30 42 86 255
-67.612671 -54.029297 -37.500000 -0.656815 -0.261904 -0.707107 30 42 86 255
-57.590485 -49.591797 -37.500000 0.000000 0.000000 -1.000000 30 42 86 255
-67.005981 -55.550781 -37.500000 -0.656815 -0.261904 -0.707107 30 42 86 255
-47.568298 -45.154297 -37.500000 0.000000 0.000000 -1.000000 30 42 86 255
-56.983795 -51.113281 -37.500000 0.000000 0.000000 -1.000000 30 42 86 255
-66.399292 -57.072266 -37.500000 -0.656003 -0.271903 -0.704080 30 42 86 255
-65.761261 -58.554688 -37.500000 -0.649503 -0.279545 -0.707107 30 42 86 255
-56.345764 -52.595703 -37.500000 0.000000 0.000000 -1.000000 30 42 86 255
-46.930267 -46.636719 -37.500000 0.000000 0.000000 -1.000000 30 42 86 255
-65.123230 -60.037109 -37.500000 -0.649503 -0.279545 -0.707107 30 42 86 255
-55.707733 -54.078125 -37.500000 0.000000 0.000000 -1.000000 30 42 86 255
-64.485199 -61.519531 -37.500000 -0.649503 -0.279545 -0.707107 30 42 86 255
-46.292236 -48.119141 -37.500000 0.000000 0.000000 -1.000000 30 42 86 255
-55.069702 -55.560547 -37.500000 0.000000 0.000000 -1.000000 30 42 86 255
-28.309082 -34.665039 -37.500000 0.677336 0.203016 -0.707107 30 42 86 255
-27.880859 -36.093750 -37.500000 0.677336 0.203016 -0.707107 30 42 86 255
-37.086548 -42.106445 -37.500000 0.000000 0.000000 -1.000000 30 42 86 255
-36.658325 -43.535156 -37.500000 0.000000 0.000000 -1.000000 30 42 86 255
-45.864014 -49.547852 -37.500000 0.000000 0.000000 -1.000000 30 42 86 255
-45.435791 -50.976562 -37.500000 0.000000 0.000000 -1.000000 30 42 86 255
-54.641479 -56.989258 -37.500000 0.000000 0.000000 -1.000000 30 42 86 255
-26.792526 -39.646973 -37.500000 0.670834 0.223567 -0.707107 30 42 86 255
-26.560638 -40.342773 -37.500000 0.670834 0.223567 -0.707107 30 42 86 255
-35.998215 -45.659668 -37.500000 0.000000 0.000000 -1.000000 30 42 86 255
-35.766327 -46.355469 -37.500000 0.000000 0.000000 -1.000000 30 42 86 255
-45.203903 -51.672363 -37.500000 0.000000 0.000000 -1.000000 30 42 86 255
-44.972015 -52.368164 -37.500000 0.000000 0.000000 -1.000000 30 42 86 255
-54.409592 -57.685059 -37.500000 0.000000 0.000000 -1.000000 30 42 86 255
-25.843643 -42.406738 -37.500000 0.661734 0.249216 -0.707107 30 42 86 255
-25.590424 -43.079102 -37.500000 0.661734 0.249216 -0.707107 30 42 86 255
-35.281219 -47.723633 -37.500000 0.000000 0.000000 -1.000000 30 42 86 255
-35.028000 -48.395996 -37.500000 0.000000 0.000000 -1.000000 30 42 86 255
-44.718796 -53.040527 -37.500000 0.000000 0.000000 -1.000000 30 42 86 255
-44.465576 -53.712891 -37.500000 0.000000 0.000000 -1.000000 30 42 86 255
-54.156372 -58.357422 -37.500000 0.000000 0.000000 -1.000000 30 42 86 255
-24.802307 -45.066406 -37.500000 0.647618 0.283886 -0.707106 30 42 86 255
-24.520630 -45.708984 -37.500000 0.647618 0.283886 -0.707106 30 42 86 255
-34.493103 -49.710938 -37.500000 0.000000 0.000000 -1.000000 30 42 86 255
-34.211426 -50.353516 -37.500000 0.000000 0.000000 -1.000000 30 42 86 255
-44.183899 -54.355469 -37.500000 0.000000 0.000000 -1.000000 30 42 86 255
-43.902222 -54.998047 -37.500000 0.000000 0.000000 -1.000000 30 42 86 255
-53.874695 -59.000000 -37.500000 0.000000 0.000000 -1.000000 30 42 86 255
-23.640045 -47.596680 -37.500000 0.625687 0.329417 -0.707107 30 42 86 255
-23.322815 -48.199219 -37.500000 0.625687 0.329417 -0.707107 30 42 86 255
-33.612518 -51.598633 -37.500000 0.000000 0.000000 -1.000000 30 42 86 255
-33.295288 -52.201172 -37.500000 0.000000 0.000000 -1.000000 30 42 86 255
-43.584991 -55.600586 -37.500000 0.000000 0.000000 -1.000000 30 42 86 255
-43.267761 -56.203125 -37.500000 0.000000 0.000000 -1.000000 30 42 86 255
-53.557465 -59.602539 -37.500000 0.000000 0.000000 -1.000000 30 42 86 255
-22.328461 -49.962402 -37.500000 0.594264 0.383211 -0.707107 30 42 86 255
-21.968567 -50.520508 -37.500000 0.594264 0.383211 -0.707107 30 42 86 255
-32.618164 -53.361816 -37.500000 0.000000 0.000000 -1.000000 30 42 86 255
-32.258270 -53.919922 -37.500000 0.000000 0.000000 -1.000000 30 42 86 255
-42.907867 -56.761230 -37.500000 0.000000 0.000000 -1.000000 30 42 86 255
-42.547974 -57.319336 -37.500000 0.000000 0.000000 -1.000000 30 42 86 255
-53.197571 -60.160645 -37.500000 0.000000 0.000000 -1.000000 30 42 86 255
-20.839088 -52.141602 -37.500000 0.549076 0.445551 -0.707107 30 42 86 255
-20.429398 -52.646484 -37.500000 0.549076 0.445551 -0.707107 30 42 86 255
-31.488686 -54.982910 -37.500000 0.000000 0.000000 -1.000000 30 42 86 255
-31.078995 -55.487793 -37.500000 0.000000 0.000000 -1.000000 30 42 86 255
-42.138283 -57.824219 -37.500000 0.000000 0.000000 -1.000000 30 42 86 255
-41.728592 -58.329102 -37.500000 0.000000 0.000000 -1.000000 30 42 86 255
-52.787880 -60.665527 -37.500000 0.000000 0.000000 -1.000000 30 42 86 255
-19.384285 -53.885742 -37.500000 0.504113 0.495851 -0.707108 30 42 86 255
-19.158554 -54.115234 -37.500000 0.504113 0.495851 -0.707108 30 42 86 255
-30.443573 -56.222168 -37.500000 0.000000 0.000000 -1.000000 30 42 86 255
-30.217842 -56.451660 -37.500000 0.000000 0.000000 -1.000000 30 42 86 255
-41.502861 -58.558594 -37.500000 0.000000 0.000000 -1.000000 30 42 86 255
-41.277130 -58.788086 -37.500000 0.000000 0.000000 -1.000000 30 42 86 255
-52.562149 -60.895020 -37.500000 0.000000 0.000000 -1.000000 30 42 86 255
-18.466248 -54.787598 -37.500000 0.468910 0.529267 -0.707106 30 42 86 255
-18.225403 -55.000977 -37.500000 0.468910 0.529267 -0.707106 30 42 86 255
-29.751266 -56.894531 -37.500000 0.000000 0.000000 -1.000000 30 42 86 255
-29.510422 -57.107910 -37.500000 0.000000 0.000000 -1.000000 30 42 86 255
-41.036285 -59.001465 -37.500000 0.000000 0.000000 -1.000000 30 42 86 255
-40.795441 -59.214844 -37.500000 0.000000 0.000000 -1.000000 30 42 86 255
-52.321304 -61.108398 -37.500000 0.000000 0.000000 -1.000000 30 42 86 255
-17.487511 -55.624512 -37.500000 0.430716 0.560789 -0.707106 30 42 86 255
-17.231308 -55.821289 -37.500000 0.430716 0.560789 -0.707106 30 42 86 255
-29.013374 -57.518066 -37.500000 0.000000 0.000000 -1.000000 30 42 86 255
-28.757172 -57.714844 -37.500000 0.000000 0.000000 -1.000000 30 42 86 255
-40.539238 -59.411621 -37.500000 0.000000 0.000000 -1.000000 30 42 86 255
-40.283035 -59.608398 -37.500000 0.000000 0.000000 -1.000000 30 42 86 255
-52.065102 -61.305176 -37.500000 0.000000 0.000000 -1.000000 30 42 86 255
-16.448288 -56.396484 -37.500000 0.394079 0.587113 -0.707107 30 42 86 255
-16.177673 -56.578125 -37.500000 0.394079 0.587113 -0.707107 30 42 86 255
-28.230354 -58.093262 -37.500000 0.000000 0.000000 -1.000000 30 42 86 255
-27.959740 -58.274902 -37.500000 0.000000 0.000000 -1.000000 30 42 86 255
-40.012421 -59.790039 -37.500000 0.000000 0.000000 -1.000000 30 42 86 255
-39.741806 -59.971680 -37.500000 0.000000 0.000000 -1.000000 30 42 86 255
-51.794487 -61.486816 -37.500000 0.000000 0.000000 -1.000000 30 42 86 255
-15.056435 -57.262695 -37.500000 0.342637 0.618547 -0.707106 30 42 86 255
-14.476425 -57.583984 -37.500000 0.342637 0.618547 -0.707106 30 42 86 255
-27.109116 -58.777832 -37.500000 0.000000 0.000000 -1.000000 30 42 86 255
-26.529106 -59.099121 -37.500000 0.000000 0.000000 -1.000000 30 42 86 255
-39.161797 -60.292969 -37.500000 0.000000 0.000000 -1.000000 30 42 86 255
-38.581787 -60.614258 -37.500000 0.000000 0.000000 -1.000000 30 42 86 255
-51.214478 -61.808105 -37.500000 0.000000 0.000000 -1.000000 30 42 86 255
-12.692085 -58.500000 -37.500000 0.283681 0.647708 -0.707106 30 42 86 255
-12.067764 -58.773438 -37.500000 0.283681 0.647708 -0.707106 30 42 86 255
-25.324776 -59.693848 -37.500000 0.000000 0.000000 -1.000000 30 42 86 255
-24.700455 -59.967285 -37.500000 0.000000 0.000000 -1.000000 30 42 86 255
-37.957466 -60.887695 -37.500000 0.000000 0.000000 -1.000000 30 42 86 255
-37.333145 -61.161133 -37.500000 0.000000 0.000000 -1.000000 30 42 86 255
-50.590157 -62.081543 -37.500000 0.000000 0.000000 -1.000000 30 42 86 255
-10.159355 -59.555664 -37.500000 0.237576 0.666002 -0.707107 30 42 86 255
-9.499588 -59.791016 -37.500000 0.237576 0.666002 -0.707107 30 42 86 255
-23.416367 -60.476074 -37.500000 0.000000 0.000000 -1.000000 30 42 86 255
-22.756599 -60.711426 -37.500000 0.000000 0.000000 -1.000000 30 42 86 255
-36.673378 -61.396484 -37.500000 0.000000 0.000000 -1.000000 30 42 86 255
-36.013611 -61.631836 -37.500000 0.000000 0.000000 -1.000000 30 42 86 255
-49.930389 -62.316895 -37.500000 0.000000 0.000000 -1.000000 30 42 86 255
-7.493690 -60.468750 -37.500000 0.204201 0.676981 -0.707106 30 42 86 255
-6.807327 -60.675781 -37.500000 0.204201 0.676981 -0.707106 30 42 86 255
-21.410469 -61.153809 -37.500000 0.000000 0.000000 -1.000000 30 42 86 255
-20.724106 -61.360840 -37.500000 0.000000 0.000000 -1.000000 30 42 86 255
-35.327248 -61.838867 -37.500000 0.000000 0.000000 -1.000000 30 42 86 255
-34.640884 -62.045898 -37.500000 0.000000 0.000000 -1.000000 30 42 86 255
-49.244026 -62.523926 -37.500000 0.000000 0.000000 -1.000000 30 42 86 255
-4.017555 -61.456055 -37.500000 0.176927 0.684614 -0.707107 30 42 86 255
-2.600510 -61.822266 -37.500000 0.176927 0.684614 -0.707107 30 42 86 255
-18.620697 -61.934082 -37.500000 0.000000 0.000000 -1.000000 30 42 86 255
-17.203651 -62.300293 -37.500000 0.000000 0.000000 -1.000000 30 42 86 255
-33.223839 -62.412109 -37.500000 0.000000 0.000000 -1.000000 30 42 86 255
-31.806793 -62.778320 -37.500000 0.000000 0.000000 -1.000000 30 42 86 255
-47.826981 -62.890137 -37.500000 0.000000 0.000000 -1.000000 30 42 86 255
-15.255936 -63.032227 -37.500000 0.000000 0.000000 -1.000000 30 42 86 255
0.764252 -62.920410 -37.500000 0.000000 0.000000 -1.000000 30 42 86 255
17.315109 -63.174316 -37.500000 0.000000 0.000000 -1.000000 30 42 86 255
33.335297 -63.062500 -37.500000 0.000000 0.000000 -1.000000 30 42 86 255
49.886154 -63.316406 -37.500000 0.000000 0.000000 -1.000000 30 42 86 255
1.314484 -62.481934 -37.500000 -0.047487 0.705511 -0.707106 30 42 86 255
2.395386 -62.409180 -37.500000 -0.047487 0.705511 -0.707106 30 42 86 255
17.865341 -62.735840 -37.500000 0.000000 0.000000 -1.000000 30 42 86 255
18.946243 -62.663086 -37.500000 0.000000 0.000000 -1.000000 30 42 86 255
34.416199 -62.989746 -37.500000 0.000000 0.000000 -1.000000 30 42 86 255
35.497101 -62.916992 -37.500000 0.000000 0.000000 -1.000000 30 42 86 255
50.967056 -63.243652 -37.500000 0.000000 0.000000 -1.000000 30 42 86 255
5.084854 -62.188477 -37.500000 -0.099759 0.700035 -0.707106 30 42 86 255
5.612518 -62.113281 -37.500000 -0.099759 0.700035 -0.707106 30 42 86 255
20.554810 -62.515137 -37.500000 0.000000 0.000000 -1.000000 30 42 86 255
21.082474 -62.439941 -37.500000 0.000000 0.000000 -1.000000 30 42 86 255
36.024765 -62.841797 -37.500000 0.000000 0.000000 -1.000000 30 42 86 255
36.552429 -62.766602 -37.500000 0.000000 0.000000 -1.000000 30 42 86 255
51.494720 -63.168457 -37.500000 0.000000 0.000000 -1.000000 30 42 86 255
7.180138 -61.840332 -37.500000 -0.164523 0.687701 -0.707107 30 42 86 255
7.692429 -61.717773 -37.500000 -0.164523 0.687701 -0.707107 30 42 86 255
22.122429 -62.242188 -37.500000 0.000000 0.000000 -1.000000 30 42 86 255
22.634720 -62.119629 -37.500000 0.000000 0.000000 -1.000000 30 42 86 255
37.064720 -62.644043 -37.500000 0.000000 0.000000 -1.000000 30 42 86 255
37.577011 -62.521484 -37.500000 0.000000 0.000000 -1.000000 30 42 86 255
52.007011 -63.045898 -37.500000 0.000000 0.000000 -1.000000 30 42 86 255
9.209564 -61.289551 -37.500000 -0.246390 0.662790 -0.707107 30 42 86 255
9.702118 -61.106445 -37.500000 -0.246390 0.662790 -0.707107 30 42 86 255
23.639565 -61.813965 -37.500000 0.000000 0.000000 -1.000000 30 42 86 255
24.132118 -61.630859 -37.500000 0.000000 0.000000 -1.000000 30 42 86 255
38.069565 -62.338379 -37.500000 0.000000 0.000000 -1.000000 30 42 86 255
38.562119 -62.155273 -37.500000 0.000000 0.000000 -1.000000 30 42 86 255
52.499565 -62.862793 -37.500000 0.000000 0.000000 -1.000000 30 42 86 255
66.713425 -62.828125 -37.500000 0.662643 -0.246788 -0.707107 30 42 86 255
52.775978 -62.120605 -37.500000 0.000000 0.000000 -1.000000 30 42 86 255
38.838531 -61.413086 -37.500000 0.000000 0.000000 -1.000000 30 42 86 255
66.989838 -62.085938 -37.500000 0.662643 -0.246788 -0.707107 30 42 86 255
53.052391 -61.378418 -37.500000 0.000000 0.000000 -1.000000 30 42 86 255
67.266251 -61.343750 -37.500000 0.662643 -0.246788 -0.707107 30 42 86 255
39.114944 -60.670898 -37.500000 0.000000 0.000000 -1.000000 30 42 86 255
53.328804 -60.636230 -37.500000 0.000000 0.000000 -1.000000 30 42 86 255
11.162231 -60.503418 -37.500000 -0.315496 0.632821 -0.707106 30 42 86 255
11.637238 -60.266602 -37.500000 -0.315496 0.632821 -0.707106 30 42 86 255
25.376091 -60.468750 -37.500000 0.000000 0.000000 -1.000000 30 42 86 255
25.851097 -60.231934 -37.500000 0.000000 0.000000 -1.000000 30 42 86 255
39.589951 -60.434082 -37.500000 0.000000 0.000000 -1.000000 30 42 86 255
40.064957 -60.197266 -37.500000 0.000000 0.000000 -1.000000 30 42 86 255
31.226967 -55.462402 -37.500000 0.000000 0.000000 -1.000000 30 42 86 255
18.183586 -55.459961 -37.500000 -0.520081 0.479078 -0.707107 30 42 86 255
18.821381 -54.767578 -37.500000 -0.534971 0.443680 -0.718995 30 42 86 255
43.632553 -56.157227 -37.500000 0.000000 0.000000 -1.000000 30 42 86 255
30.589172 -56.154785 -37.500000 0.000000 0.000000 -1.000000 30 42 86 255
42.994759 -56.849609 -37.500000 0.000000 0.000000 -1.000000 30 42 86 255
17.545792 -56.152344 -37.500000 -0.520081 0.479078 -0.707107 30 42 86 255
29.951378 -56.847168 -37.500000 0.000000 0.000000 -1.000000 30 42 86 255
16.907997 -56.844727 -37.500000 -0.520081 0.479078 -0.707107 30 42 86 255
42.356964 -57.541992 -37.500000 0.000000 0.000000 -1.000000 30 42 86 255
29.313583 -57.539551 -37.500000 0.000000 0.000000 -1.000000 30 42 86 255
28.392845 -58.103516 -37.500000 0.000000 0.000000 -1.000000 30 42 86 255
41.436226 -58.105957 -37.500000 0.000000 0.000000 -1.000000 30 42 86 255
14.428726 -58.665039 -37.500000 -0.369336 0.602985 -0.707107 30 42 86 255
27.472107 -58.667480 -37.500000 0.000000 0.000000 -1.000000 30 42 86 255
13.507988 -59.229004 -37.500000 -0.369336 0.602985 -0.707107 30 42 86 255
40.515488 -58.669922 -37.500000 0.000000 0.000000 -1.000000 30 42 86 255
26.551369 -59.231445 -37.500000 0.000000 0.000000 -1.000000 30 42 86 255
68.218460 -58.310547 -37.500000 0.678216 -0.200058 -0.707107 30 42 86 255
67.993195 -59.074219 -37.500000 0.678216 -0.200058 -0.707107 30 42 86 255
54.254341 -58.872070 -37.500000 0.000000 0.000000 -1.000000 30 42 86 255
54.029076 -59.635742 -37.500000 0.000000 0.000000 -1.000000 30 42 86 255
40.290222 -59.433594 -37.500000 0.000000 0.000000 -1.000000 30 42 86 255
32.890419 -52.398926 -37.500000 0.000000 0.000000 -1.000000 30 42 86 255
20.577385 -52.119141 -37.500000 -0.616824 0.345729 -0.707107 30 42 86 255
20.797424 -51.726562 -37.500000 -0.625277 0.287444 -0.725538 30 42 86 255
44.983414 -53.071289 -37.500000 0.000000 0.000000 -1.000000 30 42 86 255
32.670380 -52.791504 -37.500000 0.000000 0.000000 -1.000000 30 42 86 255
44.763374 -53.463867 -37.500000 0.000000 0.000000 -1.000000 30 42 86 255
20.357346 -52.511719 -37.500000 -0.616824 0.345729 -0.707107 30 42 86 255
32.450340 -53.184082 -37.500000 0.000000 0.000000 -1.000000 30 42 86 255
20.137306 -52.904297 -37.500000 -0.616824 0.345729 -0.707107 30 42 86 255
44.543335 -53.856445 -37.500000 0.000000 0.000000 -1.000000 30 42 86 255
32.230301 -53.576660 -37.500000 0.000000 0.000000 -1.000000 30 42 86 255
19.917267 -53.296875 -37.500000 -0.580424 0.376658 -0.721967 30 42 86 255
19.643295 -53.664551 -37.500000 -0.567004 0.422500 -0.707107 30 42 86 255
31.956329 -53.944336 -37.500000 0.000000 0.000000 -1.000000 30 42 86 255
44.269363 -54.224121 -37.500000 0.000000 0.000000 -1.000000 30 42 86 255
19.369324 -54.032227 -37.500000 -0.567004 0.422500 -0.707107 30 42 86 255
31.682358 -54.312012 -37.500000 0.000000 0.000000 -1.000000 30 42 86 255
19.095352 -54.399902 -37.500000 -0.567004 0.422500 -0.707107 30 42 86 255
43.995392 -54.591797 -37.500000 0.000000 0.000000 -1.000000 30 42 86 255
31.408386 -54.679688 -37.500000 0.000000 0.000000 -1.000000 30 42 86 255
68.987984 -55.198730 -37.500000 0.688845 -0.159662 -0.707107 30 42 86 255
68.806564 -55.981445 -37.500000 0.688845 -0.159662 -0.707107 30 42 86 255
56.400978 -55.286621 -37.500000 0.000000 0.000000 -1.000000 30 42 86 255
56.219559 -56.069336 -37.500000 0.000000 0.000000 -1.000000 30 42 86 255
43.813972 -55.374512 -37.500000 0.000000 0.000000 -1.000000 30 42 86 255
21.720215 -48.695312 -37.500000 -0.689593 0.156401 -0.707107 30 42 86 255
45.785294 -49.734375 -37.500000 0.000000 0.000000 -1.000000 30 42 86 255
33.702034 -49.438477 -37.500000 0.000000 0.000000 -1.000000 30 42 86 255
45.683853 -50.181641 -37.500000 0.000000 0.000000 -1.000000 30 42 86 255
21.618774 -49.142578 -37.500000 -0.689593 0.156401 -0.707107 30 42 86 255
33.600594 -49.885742 -37.500000 0.000000 0.000000 -1.000000 30 42 86 255
21.517334 -49.589844 -37.500000 -0.689593 0.156401 -0.707107 30 42 86 255
45.582413 -50.628906 -37.500000 0.000000 0.000000 -1.000000 30 42 86 255
33.499153 -50.333008 -37.500000 0.000000 0.000000 -1.000000 30 42 86 255
21.415894 -50.037109 -37.500000 -0.663820 0.195908 -0.721777 30 42 86 255
21.261276 -50.459473 -37.500000 -0.664012 0.243079 -0.707107 30 42 86 255
33.344536 -50.755371 -37.500000 0.000000 0.000000 -1.000000 30 42 86 255
45.427795 -51.051270 -37.500000 0.000000 0.000000 -1.000000 30 42 86 255
21.106659 -50.881836 -37.500000 -0.664012 0.243079 -0.707107 30 42 86 255
33.189919 -51.177734 -37.500000 0.000000 0.000000 -1.000000 30 42 86 255
20.952042 -51.304199 -37.500000 -0.664012 0.243079 -0.707107 30 42 86 255
45.273178 -51.473633 -37.500000 0.000000 0.000000 -1.000000 30 42 86 255
33.035301 -51.600098 -37.500000 0.000000 0.000000 -1.000000 30 42 86 255
69.604050 -52.019531 -37.500000 0.695756 -0.126188 -0.707107 30 42 86 255
69.459167 -52.818359 -37.500000 0.695756 -0.126188 -0.707107 30 42 86 255
57.366173 -52.145996 -37.500000 0.000000 0.000000 -1.000000 30 42 86 255
57.221291 -52.944824 -37.500000 0.000000 0.000000 -1.000000 30 42 86 255
45.128296 -52.272461 -37.500000 0.000000 0.000000 -1.000000 30 42 86 255
64.562019 -10.325195 -37.500000 0.641926 0.296533 -0.707106 30 42 86 255
64.954941 -11.175781 -37.500000 0.641926 0.296533 -0.707106 30 42 86 255
63.632233 -8.907227 -37.500000 0.000000 0.000000 -1.000000 30 42 86 255
64.025154 -9.757812 -37.500000 0.000000 0.000000 -1.000000 30 42 86 255
62.309525 -6.638672 -37.500000 0.591320 0.387739 -0.707106 30 42 86 255
62.702446 -7.489258 -37.500000 0.000000 0.000000 -1.000000 30 42 86 255
61.379738 -5.220703 -37.500000 0.591320 0.387739 -0.707106 30 42 86 255
63.095367 -8.339844 -37.500000 0.000000 0.000000 -1.000000 30 42 86 255
61.772659 -6.071289 -37.500000 0.000000 0.000000 -1.000000 30 42 86 255
60.449951 -3.802734 -37.500000 0.585244 0.407898 -0.700791 30 42 86 255
62.781387 -8.708984 -37.500000 0.000000 0.000000 -1.000000 30 42 86 255
59.821991 -4.541016 -37.500000 0.000000 0.000000 -1.000000 30 42 86 255
61.458679 -6.440430 -37.500000 0.000000 0.000000 -1.000000 30 42 86 255
58.499283 -2.272461 -37.500000 0.000000 0.000000 -1.000000 30 42 86 255
60.135971 -4.171875 -37.500000 0.000000 0.000000 -1.000000 30 42 86 255
57.176575 -0.003906 -37.500000 0.000000 0.000000 -1.000000 30 42 86 255
58.813263 -1.903320 -37.500000 0.000000 0.000000 -1.000000 30 42 86 255
59.949951 -3.126953 -37.500000 0.568434 0.420575 -0.707107 30 42 86 255
58.313263 -1.227539 -37.500000 0.000000 0.000000 -1.000000 30 42 86 255
56.676575 0.671875 -37.500000 0.000000 0.000000 -1.000000 30 42 86 255
59.449951 -2.451172 -37.500000 0.568434 0.420575 -0.707107 30 42 86 255
57.813263 -0.551758 -37.500000 0.000000 0.000000 -1.000000 30 42 86 255
58.949951 -1.775391 -37.500000 0.568434 0.420575 -0.707107 30 42 86 255
56.176575 1.347656 -37.500000 0.000000 0.000000 -1.000000 30 42 86 255
57.313263 0.124023 -37.500000 0.000000 0.000000 -1.000000 30 42 86 255
58.449951 -1.099609 -37.500000 0.559629 0.444429 -0.699498 30 42 86 255
54.497757 3.208008 -37.500000 0.496754 0.503225 -0.707107 30 42 86 255
55.092316 2.621094 -37.500000 0.496754 0.503225 -0.707107 30 42 86 255
55.634445 1.984375 -37.500000 0.000000 0.000000 -1.000000 30 42 86 255
56.229004 1.397461 -37.500000 0.000000 0.000000 -1.000000 30 42 86 255
56.771133 0.760742 -37.500000 0.000000 0.000000 -1.000000 30 42 86 255
57.365692 0.173828 -37.500000 0.538389 0.458407 -0.707107 30 42 86 255
57.907822 -0.462891 -37.500000 0.538389 0.458407 -0.707107 30 42 86 255
69.864586 -50.410156 -37.500000 0.700016 -0.099883 -0.707107 30 42 86 255
57.882767 -49.666992 -37.500000 0.000000 0.000000 -1.000000 30 42 86 255
45.900948 -48.923828 -37.500000 0.000000 0.000000 -1.000000 30 42 86 255
69.980240 -49.599609 -37.500000 0.700016 -0.099883 -0.707107 30 42 86 255
57.998421 -48.856445 -37.500000 0.000000 0.000000 -1.000000 30 42 86 255
70.095894 -48.789062 -37.500000 0.700016 -0.099883 -0.707107 30 42 86 255
46.016602 -48.113281 -37.500000 0.000000 0.000000 -1.000000 30 42 86 255
58.114075 -48.045898 -37.500000 0.000000 0.000000 -1.000000 30 42 86 255
70.211548 -47.978516 -37.500000 0.704420 -0.090525 -0.703987 30 42 86 255
70.305267 -47.159180 -37.500000 0.702526 -0.080358 -0.707107 30 42 86 255
58.207794 -47.226562 -37.500000 0.000000 0.000000 -1.000000 30 42 86 255
46.110321 -47.293945 -37.500000 0.000000 0.000000 -1.000000 30 42 86 255
70.398987 -46.339844 -37.500000 0.702526 -0.080358 -0.707107 30 42 86 255
58.301514 -46.407227 -37.500000 0.000000 0.000000 -1.000000 30 42 86 255
70.492706 -45.520508 -37.500000 0.702526 -0.080358 -0.707107 30 42 86 255
46.204041 -46.474609 -37.500000 0.000000 0.000000 -1.000000 30 42 86 255
58.395233 -45.587891 -37.500000 0.000000 0.000000 -1.000000 30 42 86 255
70.586426 -44.701172 -37.500000 0.705954 -0.072551 -0.704532 30 42 86 255
21.935913 -47.312988 -37.500000 -0.701886 0.085766 -0.707107 30 42 86 255
22.050171 -46.377930 -37.500000 -0.701886 0.085766 -0.707107 30 42 86 255
34.127106 -46.426270 -37.500000 0.000000 0.000000 -1.000000 30 42 86 255
34.241364 -45.491211 -37.500000 0.000000 0.000000 -1.000000 30 42 86 255
46.318298 -45.539551 -37.500000 0.000000 0.000000 -1.000000 30 42 86 255
46.432556 -44.604492 -37.500000 0.000000 0.000000 -1.000000 30 42 86 255
58.509491 -44.652832 -37.500000 0.000000 0.000000 -1.000000 30 42 86 255
22.189049 -43.756348 -37.500000 -0.702129 -0.083753 -0.707107 30 42 86 255
22.099411 -43.004883 -37.500000 -0.702129 -0.083753 -0.707107 30 42 86 255
34.265984 -43.804688 -37.500000 0.000000 0.000000 -1.000000 30 42 86 255
34.176346 -43.053223 -37.500000 0.000000 0.000000 -1.000000 30 42 86 255
46.342918 -43.853027 -37.500000 0.000000 0.000000 -1.000000 30 42 86 255
46.253281 -43.101562 -37.500000 0.000000 0.000000 -1.000000 30 42 86 255
58.419853 -43.901367 -37.500000 0.000000 0.000000 -1.000000 30 42 86 255
21.844933 -41.138184 -37.500000 -0.692464 -0.143155 -0.707107 30 42 86 255
21.769730 -40.774414 -37.500000 -0.692464 -0.143155 -0.707107 30 42 86 255
34.011505 -41.937988 -37.500000 0.000000 0.000000 -1.000000 30 42 86 255
33.936302 -41.574219 -37.500000 0.000000 0.000000 -1.000000 30 42 86 255
46.178078 -42.737793 -37.500000 0.000000 0.000000 -1.000000 30 42 86 255
46.102875 -42.374023 -37.500000 0.000000 0.000000 -1.000000 30 42 86 255
58.344650 -43.537598 -37.500000 0.000000 0.000000 -1.000000 30 42 86 255
21.507637 -39.697266 -37.500000 -0.673571 -0.215180 -0.707107 30 42 86 255
21.395950 -39.347656 -37.500000 -0.673571 -0.215180 -0.707107 30 42 86 255
33.749413 -40.860840 -37.500000 0.000000 0.000000 -1.000000 30 42 86 255
33.637726 -40.511230 -37.500000 0.000000 0.000000 -1.000000 30 42 86 255
45.991188 -42.024414 -37.500000 0.000000 0.000000 -1.000000 30 42 86 255
45.879501 -41.674805 -37.500000 0.000000 0.000000 -1.000000 30 42 86 255
58.232964 -43.187988 -37.500000 0.000000 0.000000 -1.000000 30 42 86 255
70.737358 -43.045898 -37.500000 0.704186 -0.064210 -0.707107 30 42 86 255
58.383896 -41.532715 -37.500000 0.000000 0.000000 -1.000000 30 42 86 255
46.030434 -40.019531 -37.500000 0.000000 0.000000 -1.000000 30 42 86 255
70.888290 -41.390625 -37.500000 0.704186 -0.064210 -0.707107 30 42 86 255
58.534828 -39.877441 -37.500000 0.000000 0.000000 -1.000000 30 42 86 255
71.039223 -39.735352 -37.500000 0.704186 -0.064210 -0.707107 30 42 86 255
46.181366 -38.364258 -37.500000 0.000000 0.000000 -1.000000 30 42 86 255
58.685760 -38.222168 -37.500000 0.000000 0.000000 -1.000000 30 42 86 255
21.017342 -38.314941 -37.500000 -0.641060 -0.298400 -0.707107 30 42 86 255
20.862106 -37.981445 -37.500000 -0.641060 -0.298400 -0.707107 30 42 86 255
33.521736 -38.172852 -37.500000 0.000000 0.000000 -1.000000 30 42 86 255
33.366501 -37.839355 -37.500000 0.000000 0.000000 -1.000000 30 42 86 255
46.026131 -38.030762 -37.500000 0.000000 0.000000 -1.000000 30 42 86 255
45.870895 -37.697266 -37.500000 0.000000 0.000000 -1.000000 30 42 86 255
58.530525 -37.888672 -37.500000 0.000000 0.000000 -1.000000 30 42 86 255
20.361481 -36.995117 -37.500000 -0.607550 -0.361778 -0.707107 30 42 86 255
20.171326 -36.675781 -37.500000 -0.607550 -0.361778 -0.707107 30 42 86 255
33.021111 -37.186523 -37.500000 0.000000 0.000000 -1.000000 30 42 86 255
32.830956 -36.867188 -37.500000 0.000000 0.000000 -1.000000 30 42 86 255
45.680740 -37.377930 -37.500000 0.000000 0.000000 -1.000000 30 42 86 255
45.490585 -37.058594 -37.500000 0.000000 0.000000 -1.000000 30 42 86 255
58.340370 -37.569336 -37.500000 0.000000 0.000000 -1.000000 30 42 86 255
58.290932 -36.632812 -37.500000 0.000000 0.000000 -1.000000 30 42 86 255
45.441147 -36.122070 -37.500000 0.000000 0.000000 -1.000000 30 42 86 255
71.091278 -36.207031 -37.500000 0.706124 0.037276 -0.707107 30 42 86 255
58.241493 -35.696289 -37.500000 0.000000 0.000000 -1.000000 30 42 86 255
71.041840 -35.270508 -37.500000 0.706124 0.037276 -0.707107 30 42 86 255
45.391708 -35.185547 -37.500000 0.000000 0.000000 -1.000000 30 42 86 255
58.192055 -34.759766 -37.500000 0.000000 0.000000 -1.000000 30 42 86 255
70.992401 -34.333984 -37.500000 0.708215 0.045568 -0.704525 30 42 86 255
19.352463 -35.418945 -37.500000 -0.576714 -0.409146 -0.707107 30 42 86 255
18.913910 -34.800781 -37.500000 -0.576714 -0.409146 -0.707107 30 42 86 255
32.152809 -34.993164 -37.500000 0.000000 0.000000 -1.000000 30 42 86 255
31.714256 -34.375000 -37.500000 0.000000 0.000000 -1.000000 30 42 86 255
44.953156 -34.567383 -37.500000 0.000000 0.000000 -1.000000 30 42 86 255
44.514603 -33.949219 -37.500000 0.000000 0.000000 -1.000000 30 42 86 255
57.753502 -34.141602 -37.500000 0.000000 0.000000 -1.000000 30 42 86 255
70.921715 -33.402832 -37.500000 0.705078 0.053524 -0.707107 30 42 86 255
57.682816 -33.210449 -37.500000 0.000000 0.000000 -1.000000 30 42 86 255
44.443916 -33.018066 -37.500000 0.000000 0.000000 -1.000000 30 42 86 255
70.851028 -32.471680 -37.500000 0.705078 0.053524 -0.707107 30 42 86 255
57.612129 -32.279297 -37.500000 0.000000 0.000000 -1.000000 30 42 86 255
70.780342 -31.540527 -37.500000 0.705078 0.053524 -0.707107 30 42 86 255
44.373230 -32.086914 -37.500000 0.000000 0.000000 -1.000000 30 42 86 255
57.541443 -31.348145 -37.500000 0.000000 0.000000 -1.000000 30 42 86 255
70.709656 -30.609375 -37.500000 0.708780 0.070428 -0.701906 30 42 86 255
16.842003 -32.677734 -37.500000 -0.421405 -0.567818 -0.707107 30 42 86 255
15.647202 -31.791016 -37.500000 -0.421405 -0.567818 -0.707107 30 42 86 255
30.010216 -31.938965 -37.500000 0.000000 0.000000 -1.000000 30 42 86 255
28.815414 -31.052246 -37.500000 0.000000 0.000000 -1.000000 30 42 86 255
43.178429 -31.200195 -37.500000 0.000000 0.000000 -1.000000 30 42 86 255
41.983627 -30.313477 -37.500000 0.000000 0.000000 -1.000000 30 42 86 255
56.346642 -30.461426 -37.500000 0.000000 0.000000 -1.000000 30 42 86 255
12.636238 -29.618164 -37.500000 -0.382352 -0.594817 -0.707107 30 42 86 255
12.014877 -29.218750 -37.500000 -0.382352 -0.594817 -0.707107 30 42 86 255
26.999252 -29.766113 -37.500000 0.000000 0.000000 -1.000000 30 42 86 255
26.377892 -29.366699 -37.500000 0.000000 0.000000 -1.000000 30 42 86 255
41.362267 -29.914062 -37.500000 0.000000 0.000000 -1.000000 30 42 86 255
40.740906 -29.514648 -37.500000 0.000000 0.000000 -1.000000 30 42 86 255
55.725281 -30.062012 -37.500000 0.000000 0.000000 -1.000000 30 42 86 255
10.124344 -28.066895 -37.500000 -0.338360 -0.620897 -0.707106 30 42 86 255
9.476532 -27.713867 -37.500000 -0.338360 -0.620897 -0.707106 30 42 86 255
25.108719 -28.614258 -37.500000 0.000000 0.000000 -1.000000 30 42 86 255
24.460907 -28.261230 -37.500000 0.000000 0.000000 -1.000000 30 42 86 255
40.093094 -29.161621 -37.500000 0.000000 0.000000 -1.000000 30 42 86 255
39.445282 -28.808594 -37.500000 0.000000 0.000000 -1.000000 30 42 86 255
55.077469 -29.708984 -37.500000 0.000000 0.000000 -1.000000 30 42 86 255
70.596512 -29.688965 -37.500000 0.701824 0.086274 -0.707107 30 42 86 255
54.964325 -28.788574 -37.500000 0.000000 0.000000 -1.000000 30 42 86 255
39.332138 -27.888184 -37.500000 0.000000 0.000000 -1.000000 30 42 86 255
70.483368 -28.768555 -37.500000 0.701824 0.086274 -0.707107 30 42 86 255
54.851181 -27.868164 -37.500000 0.000000 0.000000 -1.000000 30 42 86 255
70.370224 -27.848145 -37.500000 0.701824 0.086274 -0.707107 30 42 86 255
39.218994 -26.967773 -37.500000 0.000000 0.000000 -1.000000 30 42 86 255
54.738037 -26.947754 -37.500000 0.000000 0.000000 -1.000000 30 42 86 255
70.257080 -26.927734 -37.500000 0.706023 0.112256 -0.699235 30 42 86 255
7.509674 -26.696777 -37.500000 -0.297291 -0.641574 -0.707107 30 42 86 255
6.838440 -26.385742 -37.500000 -0.297291 -0.641574 -0.707107 30 42 86 255
23.028717 -26.676758 -37.500000 0.000000 0.000000 -1.000000 30 42 86 255
22.357483 -26.365723 -37.500000 0.000000 0.000000 -1.000000 30 42 86 255
38.547760 -26.656738 -37.500000 0.000000 0.000000 -1.000000 30 42 86 255
37.876526 -26.345703 -37.500000 0.000000 0.000000 -1.000000 30 42 86 255
54.066803 -26.636719 -37.500000 0.000000 0.000000 -1.000000 30 42 86 255
4.807167 -25.484375 -37.500000 -0.265706 -0.655286 -0.707107 30 42 86 255
4.118362 -25.205078 -37.500000 -0.265706 -0.655286 -0.707107 30 42 86 255
20.997444 -25.775391 -37.500000 0.000000 0.000000 -1.000000 30 42 86 255
20.308640 -25.496094 -37.500000 0.000000 0.000000 -1.000000 30 42 86 255
37.187721 -26.066406 -37.500000 0.000000 0.000000 -1.000000 30 42 86 255
36.498917 -25.787109 -37.500000 0.000000 0.000000 -1.000000 30 42 86 255
53.377998 -26.357422 -37.500000 0.000000 0.000000 -1.000000 30 42 86 255
70.080215 -26.022949 -37.500000 0.693972 0.135656 -0.707107 30 42 86 255
53.201134 -25.452637 -37.500000 0.000000 0.000000 -1.000000 30 42 86 255
36.322052 -24.882324 -37.500000 0.000000 0.000000 -1.000000 30 42 86 255
69.903351 -25.118164 -37.500000 0.693972 0.135656 -0.707107 30 42 86 255
53.024269 -24.547852 -37.500000 0.000000 0.000000 -1.000000 30 42 86 255
69.726486 -24.213379 -37.500000 0.693972 0.135656 -0.707107 30 42 86 255
36.145187 -23.977539 -37.500000 0.000000 0.000000 -1.000000 30 42 86 255
52.847404 -23.643066 -37.500000 0.000000 0.000000 -1.000000 30 42 86 255
69.549622 -23.308594 -37.500000 0.696732 0.168979 -0.697144 30 42 86 255
1.333847 -24.141113 -37.500000 -0.239044 -0.665475 -0.707107 30 42 86 255
-0.073059 -23.635742 -37.500000 -0.239044 -0.665475 -0.707107 30 42 86 255
18.036064 -23.806641 -37.500000 0.000000 0.000000 -1.000000 30 42 86 255
16.629158 -23.301270 -37.500000 0.000000 0.000000 -1.000000 30 42 86 255
34.738281 -23.472168 -37.500000 0.000000 0.000000 -1.000000 30 42 86 255
33.331375 -22.966797 -37.500000 0.000000 0.000000 -1.000000 30 42 86 255
51.440498 -23.137695 -37.500000 0.000000 0.000000 -1.000000 30 42 86 255
69.292633 -22.424316 -37.500000 0.679013 0.197335 -0.707107 30 42 86 255
51.183510 -22.253418 -37.500000 0.000000 0.000000 -1.000000 30 42 86 255
33.074387 -22.082520 -37.500000 0.000000 0.000000 -1.000000 30 42 86 255
69.035645 -21.540039 -37.500000 0.679013 0.197335 -0.707107 30 42 86 255
50.926521 -21.369141 -37.500000 0.000000 0.000000 -1.000000 30 42 86 255
68.778656 -20.655762 -37.500000 0.679013 0.197335 -0.707107 30 42 86 255
32.817398 -21.198242 -37.500000 0.000000 0.000000 -1.000000 30 42 86 255
50.669533 -20.484863 -37.500000 0.000000 0.000000 -1.000000 30 42 86 255
68.521667 -19.771484 -37.500000 0.678959 0.225370 -0.698729 30 42 86 255
-5.071236 -21.824707 -37.500000 -0.243253 -0.663949 -0.707107 30 42 86 255
-7.255600 -21.024414 -37.500000 -0.243253 -0.663949 -0.707107 30 42 86 255
12.780899 -21.111328 -37.500000 0.000000 0.000000 -1.000000 30 42 86 255
10.596535 -20.311035 -37.500000 0.000000 0.000000 -1.000000 30 42 86 255
30.633034 -20.397949 -37.500000 0.000000 0.000000 -1.000000 30 42 86 255
28.448669 -19.597656 -37.500000 0.000000 0.000000 -1.000000 30 42 86 255
48.485168 -19.684570 -37.500000 0.000000 0.000000 -1.000000 30 42 86 255
-12.707901 -19.004883 -37.500000 -0.254996 -0.659528 -0.707107 30 42 86 255
-13.791473 -18.585938 -37.500000 -0.254996 -0.659528 -0.707107 30 42 86 255
7.328598 -19.091797 -37.500000 0.000000 0.000000 -1.000000 30 42 86 255
6.245026 -18.672852 -37.500000 0.000000 0.000000 -1.000000 30 42 86 255
27.365097 -19.178711 -37.500000 0.000000 0.000000 -1.000000 30 42 86 255
26.281525 -18.759766 -37.500000 0.000000 0.000000 -1.000000 30 42 86 255
47.401596 -19.265625 -37.500000 0.000000 0.000000 -1.000000 30 42 86 255
68.196716 -18.903320 -37.500000 0.662238 0.247874 -0.707107 30 42 86 255
47.076645 -18.397461 -37.500000 0.000000 0.000000 -1.000000 30 42 86 255
25.956573 -17.891602 -37.500000 0.000000 0.000000 -1.000000 30 42 86 255
67.871765 -18.035156 -37.500000 0.662238 0.247874 -0.707107 30 42 86 255
46.751694 -17.529297 -37.500000 0.000000 0.000000 -1.000000 30 42 86 255
67.546814 -17.166992 -37.500000 0.662238 0.247874 -0.707107 30 42 86 255
25.631622 -17.023438 -37.500000 0.000000 0.000000 -1.000000 30 42 86 255
46.426743 -16.661133 -37.500000 0.000000 0.000000 -1.000000 30 42 86 255
67.221863 -16.298828 -37.500000 0.660962 0.266543 -0.701487 30 42 86 255
17.695572 -5.883789 -37.500000 0.000000 0.000000 -1.000000 30 42 86 255
21.663597 -11.453613 -37.500000 0.000000 0.000000 -1.000000 30 42 86 255
38.490692 -5.521484 -37.500000 0.000000 0.000000 -1.000000 30 42 86 255
42.458717 -11.091309 -37.500000 0.000000 0.000000 -1.000000 30 42 86 255
59.285812 -5.159180 -37.500000 0.000000 0.000000 -1.000000 30 42 86 255
63.253838 -10.729004 -37.500000 0.000000 0.000000 -1.000000 30 42 86 255
66.851593 -15.443359 -37.500000 0.648930 0.280874 -0.707107 30 42 86 255
62.883568 -9.873535 -37.500000 0.000000 0.000000 -1.000000 30 42 86 255
58.915543 -4.303711 -37.500000 0.000000 0.000000 -1.000000 30 42 86 255
66.481323 -14.587891 -37.500000 0.648930 0.280874 -0.707107 30 42 86 255
62.513298 -9.018066 -37.500000 0.000000 0.000000 -1.000000 30 42 86 255
66.111053 -13.732422 -37.500000 0.648930 0.280874 -0.707107 30 42 86 255
58.545273 -3.448242 -37.500000 0.000000 0.000000 -1.000000 30 42 86 255
62.143028 -8.162598 -37.500000 0.000000 0.000000 -1.000000 30 42 86 255
51.988121 5.434082 -37.500000 0.459801 0.537199 -0.707107 30 42 86 255
52.626480 4.887695 -37.500000 0.459801 0.537199 -0.707107 30 42 86 255
55.585876 0.719727 -37.500000 0.000000 0.000000 -1.000000 30 42 86 255
56.224236 0.173340 -37.500000 0.000000 0.000000 -1.000000 30 42 86 255
59.183632 -3.994629 -37.500000 0.000000 0.000000 -1.000000 30 42 86 255
50.000046 7.005371 -37.500000 0.427625 0.563149 -0.707107 30 42 86 255
33.172951 1.073242 -37.500000 0.000000 0.000000 -1.000000 30 42 86 255
16.345856 -4.858887 -37.500000 0.000000 0.000000 -1.000000 30 42 86 255
48.650330 8.030273 -37.500000 0.427625 0.563149 -0.707107 30 42 86 255
31.823235 2.098145 -37.500000 0.000000 0.000000 -1.000000 30 42 86 255
47.300613 9.055176 -37.500000 0.427625 0.563149 -0.707107 30 42 86 255
14.996140 -3.833984 -37.500000 0.000000 0.000000 -1.000000 30 42 86 255
30.473518 3.123047 -37.500000 0.000000 0.000000 -1.000000 30 42 86 255
28.534546 4.179688 -37.500000 0.000000 0.000000 -1.000000 30 42 86 255
13.057167 -2.777344 -37.500000 0.000000 0.000000 -1.000000 30 42 86 255
42.072952 12.193359 -37.500000 0.338358 0.620898 -0.707107 30 42 86 255
26.595573 5.236328 -37.500000 0.000000 0.000000 -1.000000 30 42 86 255
40.133980 13.250000 -37.500000 0.338358 0.620898 -0.707107 30 42 86 255
11.118195 -1.720703 -37.500000 0.000000 0.000000 -1.000000 30 42 86 255
24.656601 6.292969 -37.500000 0.000000 0.000000 -1.000000 30 42 86 255
38.195007 14.306641 -37.500000 0.330766 0.628660 -0.703833 30 42 86 255
9.152100 -0.722656 -37.500000 0.000000 0.000000 -1.000000 30 42 86 255
10.135147 -1.221680 -37.500000 0.000000 0.000000 -1.000000 30 42 86 255
22.690506 7.291016 -37.500000 0.000000 0.000000 -1.000000 30 42 86 255
23.673553 6.791992 -37.500000 0.000000 0.000000 -1.000000 30 42 86 255
36.228912 15.304688 -37.500000 0.320070 0.630520 -0.707107 30 42 86 255
37.211960 14.805664 -37.500000 0.320070 0.630520 -0.707107 30 42 86 255
33.263687 16.766113 -37.500000 0.297505 0.641475 -0.707107 30 42 86 255
20.708328 8.253418 -37.500000 0.000000 0.000000 -1.000000 30 42 86 255
8.152969 -0.259277 -37.500000 0.000000 0.000000 -1.000000 30 42 86 255
32.264557 17.229492 -37.500000 0.297505 0.641475 -0.707107 30 42 86 255
19.709198 8.716797 -37.500000 0.000000 0.000000 -1.000000 30 42 86 255
31.265427 17.692871 -37.500000 0.297505 0.641475 -0.707107 30 42 86 255
7.153839 0.204102 -37.500000 0.000000 0.000000 -1.000000 30 42 86 255
18.710068 9.180176 -37.500000 0.000000 0.000000 -1.000000 30 42 86 255
30.266296 18.156250 -37.500000 0.287273 0.650614 -0.702976 30 42 86 255
29.250549 18.582520 -37.500000 0.273627 0.652019 -0.707107 30 42 86 255
17.694321 9.606445 -37.500000 0.000000 0.000000 -1.000000 30 42 86 255
6.138092 0.630371 -37.500000 0.000000 0.000000 -1.000000 30 42 86 255
28.234802 19.008789 -37.500000 0.273627 0.652019 -0.707107 30 42 86 255
16.678574 10.032715 -37.500000 0.000000 0.000000 -1.000000 30 42 86 255
27.219055 19.435059 -37.500000 0.273627 0.652019 -0.707107 30 42 86 255
5.122345 1.056641 -37.500000 0.000000 0.000000 -1.000000 30 42 86 255
15.662827 10.458984 -37.500000 0.000000 0.000000 -1.000000 30 42 86 255
26.203308 19.861328 -37.500000 0.265966 0.658416 -0.704095 30 42 86 255
3.065659 1.855469 -37.500000 0.000000 0.000000 -1.000000 30 42 86 255
4.094002 1.456055 -37.500000 0.000000 0.000000 -1.000000 30 42 86 255
13.606140 11.257812 -37.500000 0.000000 0.000000 -1.000000 30 42 86 255
14.634483 10.858398 -37.500000 0.000000 0.000000 -1.000000 30 42 86 255
24.146622 20.660156 -37.500000 0.256011 0.659134 -0.707107 30 42 86 255
25.174965 20.260742 -37.500000 0.256011 0.659134 -0.707107 30 42 86 255
20.012215 22.211914 -37.500000 0.240912 0.664802 -0.707107 30 42 86 255
10.500076 12.410156 -37.500000 0.000000 0.000000 -1.000000 30 42 86 255
0.987938 2.608398 -37.500000 0.000000 0.000000 -1.000000 30 42 86 255
17.934494 22.964844 -37.500000 0.240912 0.664802 -0.707107 30 42 86 255
8.422356 13.163086 -37.500000 0.000000 0.000000 -1.000000 30 42 86 255
15.856773 23.717773 -37.500000 0.240912 0.664802 -0.707107 30 42 86 255
-1.089783 3.361328 -37.500000 0.000000 0.000000 -1.000000 30 42 86 255
6.344635 13.916016 -37.500000 0.000000 0.000000 -1.000000 30 42 86 255
4.784630 14.559082 -37.500000 0.000000 0.000000 -1.000000 30 42 86 255
-2.649788 4.004395 -37.500000 0.000000 0.000000 -1.000000 30 42 86 255
10.659042 25.756836 -37.500000 0.269486 0.653741 -0.707107 30 42 86 255
3.224625 15.202148 -37.500000 0.000000 0.000000 -1.000000 30 42 86 255
9.099037 26.399902 -37.500000 0.269486 0.653741 -0.707107 30 42 86 255
-4.209793 4.647461 -37.500000 0.000000 0.000000 -1.000000 30 42 86 255
1.664619 15.845215 -37.500000 0.000000 0.000000 -1.000000 30 42 86 255
7.539032 27.042969 -37.500000 0.278500 0.645980 -0.710738 30 42 86 255
-7.280670 6.030273 -37.500000 0.000000 0.000000 -1.000000 30 42 86 255
-5.745232 5.338867 -37.500000 0.000000 0.000000 -1.000000 30 42 86 255
-1.406258 17.228027 -37.500000 0.000000 0.000000 -1.000000 30 42 86 255
0.129181 16.536621 -37.500000 0.000000 0.000000 -1.000000 30 42 86 255
4.468155 28.425781 -37.500000 0.290332 0.644754 -0.707107 30 42 86 255
6.003593 27.734375 -37.500000 0.290332 0.644754 -0.707107 30 42 86 255
0.646454 30.187012 -37.500000 0.318249 0.631441 -0.707107 30 42 86 255
-3.692520 18.297852 -37.500000 0.000000 0.000000 -1.000000 30 42 86 255
-8.031494 6.408691 -37.500000 0.000000 0.000000 -1.000000 30 42 86 255
-0.104370 30.565430 -37.500000 0.318249 0.631441 -0.707107 30 42 86 255
-4.443344 18.676270 -37.500000 0.000000 0.000000 -1.000000 30 42 86 255
-0.855194 30.943848 -37.500000 0.318249 0.631441 -0.707107 30 42 86 255
-8.782318 6.787109 -37.500000 0.000000 0.000000 -1.000000 30 42 86 255
-5.194168 19.054688 -37.500000 0.000000 0.000000 -1.000000 30 42 86 255
-1.606018 31.322266 -37.500000 0.327761 0.621873 -0.711229 30 42 86 255
-2.343025 31.728027 -37.500000 0.341031 0.619434 -0.707106 30 42 86 255
-5.931175 19.460449 -37.500000 0.000000 0.000000 -1.000000 30 42 86 255
-9.519325 7.192871 -37.500000 0.000000 0.000000 -1.000000 30 42 86 255
-3.080032 32.133789 -37.500000 0.341031 0.619434 -0.707106 30 42 86 255
-6.668182 19.866211 -37.500000 0.000000 0.000000 -1.000000 30 42 86 255
-3.817039 32.539551 -37.500000 0.341031 0.619434 -0.707106 30 42 86 255
-10.256332 7.598633 -37.500000 0.000000 0.000000 -1.000000 30 42 86 255
-7.405190 20.271973 -37.500000 0.000000 0.000000 -1.000000 30 42 86 255
-17.031860 -17.304688 -37.500000 -0.269978 -0.653538 -0.707107 30 42 86 255
-18.105103 -16.861328 -37.500000 -0.269978 -0.653538 -0.707107 30 42 86 255
-14.180717 -4.631348 -37.500000 0.000000 0.000000 -1.000000 30 42 86 255
-15.253960 -4.187988 -37.500000 0.000000 0.000000 -1.000000 30 42 86 255
-11.329575 8.041992 -37.500000 0.000000 0.000000 -1.000000 30 42 86 255
-12.402817 8.485352 -37.500000 0.000000 0.000000 -1.000000 30 42 86 255
-27.627655 -12.565430 -37.500000 -0.307383 -0.636801 -0.707107 30 42 86 255
-19.511887 12.165039 -37.500000 0.000000 0.000000 -1.000000 30 42 86 255
-23.046791 -0.452637 -37.500000 0.000000 0.000000 -1.000000 30 42 86 255
-18.465927 11.660156 -37.500000 0.000000 0.000000 -1.000000 30 42 86 255
-26.581696 -13.070312 -37.500000 -0.307383 -0.636801 -0.707107 30 42 86 255
-22.000832 -0.957520 -37.500000 0.000000 0.000000 -1.000000 30 42 86 255
-25.535736 -13.575195 -37.500000 -0.307383 -0.636801 -0.707107 30 42 86 255
-17.419968 11.155273 -37.500000 0.000000 0.000000 -1.000000 30 42 86 255
-20.954872 -1.462402 -37.500000 0.000000 0.000000 -1.000000 30 42 86 255
-24.489777 -14.080078 -37.500000 -0.299386 -0.644209 -0.703820 30 42 86 255
-23.430229 -14.553711 -37.500000 -0.288568 -0.645545 -0.707107 30 42 86 255
-19.895325 -1.936035 -37.500000 0.000000 0.000000 -1.000000 30 42 86 255
-16.360420 10.681641 -37.500000 0.000000 0.000000 -1.000000 30 42 86 255
-22.370682 -15.027344 -37.500000 -0.288568 -0.645545 -0.707107 30 42 86 255
-18.835777 -2.409668 -37.500000 0.000000 0.000000 -1.000000 30 42 86 255
-21.311134 -15.500977 -37.500000 -0.288568 -0.645545 -0.707107 30 42 86 255
-15.300873 10.208008 -37.500000 0.000000 0.000000 -1.000000 30 42 86 255
-17.776230 -2.883301 -37.500000 0.000000 0.000000 -1.000000 30 42 86 255
-8.901131 35.529297 -37.500000 0.361306 0.607831 -0.707107 30 42 86 255
-7.452103 34.667969 -37.500000 0.361306 0.607831 -0.707107 30 42 86 255
-11.376488 22.437988 -37.500000 0.000000 0.000000 -1.000000 30 42 86 255
-9.927460 21.576660 -37.500000 0.000000 0.000000 -1.000000 30 42 86 255
-13.851845 9.346680 -37.500000 0.000000 0.000000 -1.000000 30 42 86 255
-15.526237 24.860352 -37.500000 0.000000 0.000000 -1.000000 30 42 86 255
-20.107101 12.747559 -37.500000 0.000000 0.000000 -1.000000 30 42 86 255
-11.540588 37.555664 -37.500000 0.494582 0.505361 -0.707106 30 42 86 255
-16.121452 25.442871 -37.500000 0.000000 0.000000 -1.000000 30 42 86 255
-12.135803 38.138184 -37.500000 0.494582 0.505361 -0.707106 30 42 86 255
-20.702316 13.330078 -37.500000 0.000000 0.000000 -1.000000 30 42 86 255
-16.716667 26.025391 -37.500000 0.000000 0.000000 -1.000000 30 42 86 255
-12.731018 38.720703 -37.500000 0.511637 0.469972 -0.719273 30 42 86 255
-12.988014 39.032227 -37.500000 0.545453 0.449980 -0.707107 30 42 86 255
-16.973663 26.336914 -37.500000 0.000000 0.000000 -1.000000 30 42 86 255
-20.959312 13.641602 -37.500000 0.000000 0.000000 -1.000000 30 42 86 255
-13.245010 39.343750 -37.500000 0.545453 0.449980 -0.707107 30 42 86 255
-17.230659 26.648438 -37.500000 0.000000 0.000000 -1.000000 30 42 86 255
-13.502007 39.655273 -37.500000 0.545453 0.449980 -0.707107 30 42 86 255
-21.216309 13.953125 -37.500000 0.000000 0.000000 -1.000000 30 42 86 255
-17.487656 26.959961 -37.500000 0.000000 0.000000 -1.000000 30 42 86 255
-13.759003 39.966797 -37.500000 0.561735 0.402746 -0.722668 30 42 86 255
-30.742439 -11.000000 -37.500000 -0.322571 -0.629244 -0.707107 30 42 86 255
-32.811264 -9.939453 -37.500000 -0.322571 -0.629244 -0.707107 30 42 86 255
-27.013786 2.006836 -37.500000 0.000000 0.000000 -1.000000 30 42 86 255
-29.082611 3.067383 -37.500000 0.000000 0.000000 -1.000000 30 42 86 255
-23.285133 15.013672 -37.500000 0.000000 0.000000 -1.000000 30 42 86 255
-25.353958 16.074219 -37.500000 0.000000 0.000000 -1.000000 30 42 86 255
-19.556480 28.020508 -37.500000 0.000000 0.000000 -1.000000 30 42 86 255
-37.654320 -7.324707 -37.500000 -0.405427 -0.579336 -0.707106 30 42 86 255
-38.359726 -6.831055 -37.500000 -0.405427 -0.579336 -0.707106 30 42 86 255
-31.856842 4.621582 -37.500000 0.000000 0.000000 -1.000000 30 42 86 255
-32.562248 5.115234 -37.500000 0.000000 0.000000 -1.000000 30 42 86 255
-26.059364 16.567871 -37.500000 0.000000 0.000000 -1.000000 30 42 86 255
-26.764771 17.061523 -37.500000 0.000000 0.000000 -1.000000 30 42 86 255
-20.261887 28.514160 -37.500000 0.000000 0.000000 -1.000000 30 42 86 255
-13.967247 40.303223 -37.500000 0.601244 0.372164 -0.707106 30 42 86 255
-20.470131 28.850586 -37.500000 0.000000 0.000000 -1.000000 30 42 86 255
-26.973015 17.397949 -37.500000 0.000000 0.000000 -1.000000 30 42 86 255
-14.175491 40.639648 -37.500000 0.601244 0.372164 -0.707106 30 42 86 255
-20.678375 29.187012 -37.500000 0.000000 0.000000 -1.000000 30 42 86 255
-14.383736 40.976074 -37.500000 0.601244 0.372164 -0.707106 30 42 86 255
-27.181259 17.734375 -37.500000 0.000000 0.000000 -1.000000 30 42 86 255
-20.886620 29.523438 -37.500000 0.000000 0.000000 -1.000000 30 42 86 255
-14.591980 41.312500 -37.500000 0.612662 0.310745 -0.726694 30 42 86 255
-40.461029 -5.335449 -37.500000 -0.419197 -0.569450 -0.707107 30 42 86 255
-41.151520 -4.827148 -37.500000 -0.419197 -0.569450 -0.707107 30 42 86 255
-34.166389 6.453613 -37.500000 0.000000 0.000000 -1.000000 30 42 86 255
-34.856880 6.961914 -37.500000 0.000000 0.000000 -1.000000 30 42 86 255
-27.871750 18.242676 -37.500000 0.000000 0.000000 -1.000000 30 42 86 255
-28.562241 18.750977 -37.500000 0.000000 0.000000 -1.000000 30 42 86 255
-21.577110 30.031738 -37.500000 0.000000 0.000000 -1.000000 30 42 86 255
-43.193146 -3.272461 -37.500000 -0.446552 -0.548262 -0.707107 30 42 86 255
-43.853790 -2.734375 -37.500000 -0.446552 -0.548262 -0.707107 30 42 86 255
-36.208015 8.008301 -37.500000 0.000000 0.000000 -1.000000 30 42 86 255
-36.868660 8.546387 -37.500000 0.000000 0.000000 -1.000000 30 42 86 255
-29.222885 19.289062 -37.500000 0.000000 0.000000 -1.000000 30 42 86 255
-29.883530 19.827148 -37.500000 0.000000 0.000000 -1.000000 30 42 86 255
-22.237755 30.569824 -37.500000 0.000000 0.000000 -1.000000 30 42 86 255
-14.740173 41.678711 -37.500000 0.655472 0.265248 -0.707107 30 42 86 255
-22.385948 30.936035 -37.500000 0.000000 0.000000 -1.000000 30 42 86 255
-30.031723 20.193359 -37.500000 0.000000 0.000000 -1.000000 30 42 86 255
-14.888367 42.044922 -37.500000 0.655472 0.265248 -0.707107 30 42 86 255
-22.534142 31.302246 -37.500000 0.000000 0.000000 -1.000000 30 42 86 255
-15.036560 42.411133 -37.500000 0.655472 0.265248 -0.707107 30 42 86 255
-30.179916 20.559570 -37.500000 0.000000 0.000000 -1.000000 30 42 86 255
-22.682335 31.668457 -37.500000 0.000000 0.000000 -1.000000 30 42 86 255
-15.184753 42.777344 -37.500000 0.656788 0.214566 -0.722904 30 42 86 255
-45.790977 -1.077148 -37.500000 -0.485240 -0.514337 -0.707107 30 42 86 255
-46.406876 -0.496094 -37.500000 -0.485240 -0.514337 -0.707107 30 42 86 255
-38.293396 10.031738 -37.500000 0.000000 0.000000 -1.000000 30 42 86 255
-38.909294 10.612793 -37.500000 0.000000 0.000000 -1.000000 30 42 86 255
-30.795815 21.140625 -37.500000 0.000000 0.000000 -1.000000 30 42 86 255
-31.411713 21.721680 -37.500000 0.000000 0.000000 -1.000000 30 42 86 255
-23.298233 32.249512 -37.500000 0.000000 0.000000 -1.000000 30 42 86 255
-48.201492 1.299805 -37.500000 -0.528725 -0.469521 -0.707107 30 42 86 255
-48.764313 1.933594 -37.500000 -0.528725 -0.469521 -0.707107 30 42 86 255
-40.088013 11.827637 -37.500000 0.000000 0.000000 -1.000000 30 42 86 255
-40.650833 12.461426 -37.500000 0.000000 0.000000 -1.000000 30 42 86 255
-31.974533 22.355469 -37.500000 0.000000 0.000000 -1.000000 30 42 86 255
-32.537354 22.989258 -37.500000 0.000000 0.000000 -1.000000 30 42 86 255
-23.861053 32.883301 -37.500000 0.000000 0.000000 -1.000000 30 42 86 255
-50.410416 3.876465 -37.500000 -0.560067 -0.431655 -0.707107 30 42 86 255
-50.930878 4.551758 -37.500000 -0.560067 -0.431655 -0.707107 30 42 86 255
-41.734116 13.770508 -37.500000 0.000000 0.000000 -1.000000 30 42 86 255
-42.254578 14.445801 -37.500000 0.000000 0.000000 -1.000000 30 42 86 255
-33.057816 23.664551 -37.500000 0.000000 0.000000 -1.000000 30 42 86 255
-33.578278 24.339844 -37.500000 0.000000 0.000000 -1.000000 30 42 86 255
-24.381516 33.558594 -37.500000 0.000000 0.000000 -1.000000 30 42 86 255
-15.283371 43.168457 -37.500000 0.685647 0.172883 -0.707107 30 42 86 255
-24.480133 33.949707 -37.500000 0.000000 0.000000 -1.000000 30 42 86 255
-33.676895 24.730957 -37.500000 0.000000 0.000000 -1.000000 30 42 86 255
-15.381989 43.559570 -37.500000 0.685647 0.172883 -0.707107 30 42 86 255
-24.578751 34.340820 -37.500000 0.000000 0.000000 -1.000000 30 42 86 255
-15.480606 43.950684 -37.500000 0.685647 0.172883 -0.707107 30 42 86 255
-33.775513 25.122070 -37.500000 0.000000 0.000000 -1.000000 30 42 86 255
-24.677368 34.731934 -37.500000 0.000000 0.000000 -1.000000 30 42 86 255
-15.579224 44.341797 -37.500000 0.681594 0.132891 -0.719562 30 42 86 255
-52.942131 7.321777 -37.500000 -0.583745 -0.399050 -0.707107 30 42 86 255
-53.912460 8.741211 -37.500000 -0.583745 -0.399050 -0.707107 30 42 86 255
-43.843987 16.931641 -37.500000 0.000000 0.000000 -1.000000 30 42 86 255
-44.814316 18.351074 -37.500000 0.000000 0.000000 -1.000000 30 42 86 255
-34.745842 26.541504 -37.500000 0.000000 0.000000 -1.000000 30 42 86 255
-35.716171 27.960938 -37.500000 0.000000 0.000000 -1.000000 30 42 86 255
-25.647697 36.151367 -37.500000 0.000000 0.000000 -1.000000 30 42 86 255
-56.270264 12.436035 -37.500000 -0.635641 -0.309775 -0.707107 30 42 86 255
-56.687408 13.291992 -37.500000 -0.635641 -0.309775 -0.707107 30 42 86 255
-46.201790 20.626465 -37.500000 0.000000 0.000000 -1.000000 30 42 86 255
-46.618935 21.482422 -37.500000 0.000000 0.000000 -1.000000 30 42 86 255
-36.133316 28.816895 -37.500000 0.000000 0.000000 -1.000000 30 42 86 255
-36.550461 29.672852 -37.500000 0.000000 0.000000 -1.000000 30 42 86 255
-26.064842 37.007324 -37.500000 0.000000 0.000000 -1.000000 30 42 86 255
-57.915077 15.865723 -37.500000 -0.643263 -0.293620 -0.707107 30 42 86 255
-58.308456 16.727539 -37.500000 -0.643263 -0.293620 -0.707107 30 42 86 255
-47.429459 23.200195 -37.500000 0.000000 0.000000 -1.000000 30 42 86 255
-47.822838 24.062012 -37.500000 0.000000 0.000000 -1.000000 30 42 86 255
-36.943840 30.534668 -37.500000 0.000000 0.000000 -1.000000 30 42 86 255
-37.337219 31.396484 -37.500000 0.000000 0.000000 -1.000000 30 42 86 255
-26.458221 37.869141 -37.500000 0.000000 0.000000 -1.000000 30 42 86 255
-59.441071 19.325195 -37.500000 -0.657502 -0.260177 -0.707107 30 42 86 255
-59.786926 20.199219 -37.500000 -0.657502 -0.260177 -0.707107 30 42 86 255
-48.562073 25.797852 -37.500000 0.000000 0.000000 -1.000000 30 42 86 255
-48.907928 26.671875 -37.500000 0.000000 0.000000 -1.000000 30 42 86 255
-37.683075 32.270508 -37.500000 0.000000 0.000000 -1.000000 30 42 86 255
-38.028931 33.144531 -37.500000 0.000000 0.000000 -1.000000 30 42 86 255
-26.804077 38.743164 -37.500000 0.000000 0.000000 -1.000000 30 42 86 255
-60.626312 22.391602 -37.500000 -0.671019 -0.223012 -0.707106 30 42 86 255
-60.773987 22.835938 -37.500000 -0.671019 -0.223012 -0.707106 30 42 86 255
-49.401459 27.990234 -37.500000 0.000000 0.000000 -1.000000 30 42 86 255
-49.549133 28.434570 -37.500000 0.000000 0.000000 -1.000000 30 42 86 255
-38.176605 33.588867 -37.500000 0.000000 0.000000 -1.000000 30 42 86 255
-38.324280 34.033203 -37.500000 0.000000 0.000000 -1.000000 30 42 86 255
-26.951752 39.187500 -37.500000 0.000000 0.000000 -1.000000 30 42 86 255
-61.196220 24.173828 -37.500000 -0.680483 -0.192206 -0.707106 30 42 86 255
-61.323105 24.623047 -37.500000 -0.680483 -0.192206 -0.707106 30 42 86 255
-49.823692 29.328125 -37.500000 0.000000 0.000000 -1.000000 30 42 86 255
-49.950577 29.777344 -37.500000 0.000000 0.000000 -1.000000 30 42 86 255
-38.451164 34.482422 -37.500000 0.000000 0.000000 -1.000000 30 42 86 255
-38.578049 34.931641 -37.500000 0.000000 0.000000 -1.000000 30 42 86 255
-27.078636 39.636719 -37.500000 0.000000 0.000000 -1.000000 30 42 86 255
-61.766792 26.437012 -37.500000 -0.692367 -0.143626 -0.707106 30 42 86 255
-61.956711 27.352539 -37.500000 -0.692367 -0.143626 -0.707106 30 42 86 255
-50.267380 31.142090 -37.500000 0.000000 0.000000 -1.000000 30 42 86 255
-50.457298 32.057617 -37.500000 0.000000 0.000000 -1.000000 30 42 86 255
-38.767967 35.847168 -37.500000 0.000000 0.000000 -1.000000 30 42 86 255
-38.957886 36.762695 -37.500000 0.000000 0.000000 -1.000000 30 42 86 255
-27.268555 40.552246 -37.500000 0.000000 0.000000 -1.000000 30 42 86 255
-62.458801 30.116699 -37.500000 -0.701115 -0.091858 -0.707107 30 42 86 255
-62.581055 31.049805 -37.500000 -0.701115 -0.091858 -0.707107 30 42 86 255
-50.769470 33.906250 -37.500000 0.000000 0.000000 -1.000000 30 42 86 255
-50.891724 34.839355 -37.500000 0.000000 0.000000 -1.000000 30 42 86 255
-39.080139 37.695801 -37.500000 0.000000 0.000000 -1.000000 30 42 86 255
-39.202393 38.628906 -37.500000 0.000000 0.000000 -1.000000 30 42 86 255
-27.390808 41.485352 -37.500000 0.000000 0.000000 -1.000000 30 42 86 255
-62.902725 33.861328 -37.500000 -0.704763 -0.057528 -0.707107 30 42 86 255
-62.979889 34.806641 -37.500000 -0.704763 -0.057528 -0.707107 30 42 86 255
-51.091141 36.717773 -37.500000 0.000000 0.000000 -1.000000 30 42 86 255
-51.168304 37.663086 -37.500000 0.000000 0.000000 -1.000000 30 42 86 255
-39.279556 39.574219 -37.500000 0.000000 0.000000 -1.000000 30 42 86 255
-39.356720 40.519531 -37.500000 0.000000 0.000000 -1.000000 30 42 86 255
-27.467972 42.430664 -37.500000 0.000000 0.000000 -1.000000 30 42 86 255
-51.360100 39.433105 -37.500000 0.000000 0.000000 -1.000000 30 42 86 255
-39.585983 42.168945 -37.500000 0.000000 0.000000 -1.000000 30 42 86 255
-39.471352 41.344238 -37.500000 0.000000 0.000000 -1.000000 30 42 86 255
-27.697235 44.080078 -37.500000 0.000000 0.000000 -1.000000 30 42 86 255
-27.582603 43.255371 -37.500000 0.000000 0.000000 -1.000000 30 42 86 255
-15.808487 45.991211 -37.500000 0.700374 0.097350 -0.707107 30 42 86 255
-15.693855 45.166504 -37.500000 0.700374 0.097350 -0.707107 30 42 86 255
32.018356 63.307617 -37.500000 0.000000 0.000000 -1.000000 30 42 86 255
17.882645 62.626953 -37.500000 0.000000 0.000000 -1.000000 30 42 86 255
33.211494 63.003418 -37.500000 0.000000 0.000000 -1.000000 30 42 86 255
3.746933 61.946289 -37.500000 -0.174694 -0.685188 -0.707107 30 42 86 255
19.075783 62.322754 -37.500000 0.000000 0.000000 -1.000000 30 42 86 255
4.940071 61.642090 -37.500000 -0.174694 -0.685188 -0.707107 30 42 86 255
34.404633 62.699219 -37.500000 0.000000 0.000000 -1.000000 30 42 86 255
20.268921 62.018555 -37.500000 0.000000 0.000000 -1.000000 30 42 86 255
6.133209 61.337891 -37.500000 -0.186934 -0.677305 -0.711557 30 42 86 255
6.713036 61.165527 -37.500000 -0.201485 -0.677793 -0.707107 30 42 86 255
20.848747 61.846191 -37.500000 0.000000 0.000000 -1.000000 30 42 86 255
34.984459 62.526855 -37.500000 0.000000 0.000000 -1.000000 30 42 86 255
7.292862 60.993164 -37.500000 -0.201485 -0.677793 -0.707107 30 42 86 255
21.428574 61.673828 -37.500000 0.000000 0.000000 -1.000000 30 42 86 255
7.872688 60.820801 -37.500000 -0.201485 -0.677793 -0.707107 30 42 86 255
35.564285 62.354492 -37.500000 0.000000 0.000000 -1.000000 30 42 86 255
22.008400 61.501465 -37.500000 0.000000 0.000000 -1.000000 30 42 86 255
8.452515 60.648438 -37.500000 -0.215643 -0.667810 -0.712410 30 42 86 255
36.683731 61.963867 -37.500000 0.000000 0.000000 -1.000000 30 42 86 255
36.124008 62.159180 -37.500000 0.000000 0.000000 -1.000000 30 42 86 255
23.127846 61.110840 -37.500000 0.000000 0.000000 -1.000000 30 42 86 255
22.568123 61.306152 -37.500000 0.000000 0.000000 -1.000000 30 42 86 255
9.571960 60.257812 -37.500000 -0.232965 -0.667628 -0.707107 30 42 86 255
9.012238 60.453125 -37.500000 -0.232965 -0.667628 -0.707107 30 42 86 255
11.224365 59.640625 -37.500000 -0.276635 -0.650748 -0.707107 30 42 86 255
24.220528 60.688965 -37.500000 0.000000 0.000000 -1.000000 30 42 86 255
37.216690 61.737305 -37.500000 0.000000 0.000000 -1.000000 30 42 86 255
11.757324 59.414062 -37.500000 -0.276635 -0.650748 -0.707107 30 42 86 255
24.753487 60.462402 -37.500000 0.000000 0.000000 -1.000000 30 42 86 255
12.290283 59.187500 -37.500000 -0.276635 -0.650748 -0.707107 30 42 86 255
37.749649 61.510742 -37.500000 0.000000 0.000000 -1.000000 30 42 86 255
25.286446 60.235840 -37.500000 0.000000 0.000000 -1.000000 30 42 86 255
12.823242 58.960938 -37.500000 -0.300088 -0.629266 -0.716918 30 42 86 255
13.322708 58.695801 -37.500000 -0.331543 -0.624563 -0.707107 30 42 86 255
25.785912 59.970703 -37.500000 0.000000 0.000000 -1.000000 30 42 86 255
38.249115 61.245605 -37.500000 0.000000 0.000000 -1.000000 30 42 86 255
13.822174 58.430664 -37.500000 -0.331543 -0.624563 -0.707107 30 42 86 255
26.285378 59.705566 -37.500000 0.000000 0.000000 -1.000000 30 42 86 255
14.321640 58.165527 -37.500000 -0.331543 -0.624563 -0.707107 30 42 86 255
38.748581 60.980469 -37.500000 0.000000 0.000000 -1.000000 30 42 86 255
26.784843 59.440430 -37.500000 0.000000 0.000000 -1.000000 30 42 86 255
14.821106 57.900391 -37.500000 -0.358451 -0.594788 -0.719541 30 42 86 255
39.667160 60.356445 -37.500000 0.000000 0.000000 -1.000000 30 42 86 255
39.207870 60.668457 -37.500000 0.000000 0.000000 -1.000000 30 42 86 255
27.703423 58.816406 -37.500000 0.000000 0.000000 -1.000000 30 42 86 255
27.244133 59.128418 -37.500000 0.000000 0.000000 -1.000000 30 42 86 255
15.739685 57.276367 -37.500000 -0.397347 -0.584906 -0.707107 30 42 86 255
15.280396 57.588379 -37.500000 -0.397347 -0.584906 -0.707107 30 42 86 255
17.072197 56.287109 -37.500000 -0.467837 -0.530216 -0.707106 30 42 86 255
28.576645 58.139160 -37.500000 0.000000 0.000000 -1.000000 30 42 86 255
40.081093 59.991211 -37.500000 0.000000 0.000000 -1.000000 30 42 86 255
17.486130 55.921875 -37.500000 -0.467837 -0.530216 -0.707106 30 42 86 255
28.990578 57.773926 -37.500000 0.000000 0.000000 -1.000000 30 42 86 255
17.900063 55.556641 -37.500000 -0.467837 -0.530216 -0.707106 30 42 86 255
40.495026 59.625977 -37.500000 0.000000 0.000000 -1.000000 30 42 86 255
29.404510 57.408691 -37.500000 0.000000 0.000000 -1.000000 30 42 86 255
18.313995 55.191406 -37.500000 -0.488476 -0.492138 -0.720549 30 42 86 255
18.685318 54.776855 -37.500000 -0.526707 -0.471784 -0.707107 30 42 86 255
29.775833 56.994141 -37.500000 0.000000 0.000000 -1.000000 30 42 86 255
40.866348 59.211426 -37.500000 0.000000 0.000000 -1.000000 30 42 86 255
19.056641 54.362305 -37.500000 -0.526707 -0.471784 -0.707107 30 42 86 255
30.147156 56.579590 -37.500000 0.000000 0.000000 -1.000000 30 42 86 255
19.427963 53.947754 -37.500000 -0.526707 -0.471784 -0.707107 30 42 86 255
41.237671 58.796875 -37.500000 0.000000 0.000000 -1.000000 30 42 86 255
30.518478 56.165039 -37.500000 0.000000 0.000000 -1.000000 30 42 86 255
19.799286 53.533203 -37.500000 -0.540578 -0.437629 -0.718509 30 42 86 255
41.905731 57.881836 -37.500000 0.000000 0.000000 -1.000000 30 42 86 255
41.571701 58.339355 -37.500000 0.000000 0.000000 -1.000000 30 42 86 255
31.186539 55.250000 -37.500000 0.000000 0.000000 -1.000000 30 42 86 255
30.852509 55.707520 -37.500000 0.000000 0.000000 -1.000000 30 42 86 255
20.467346 52.618164 -37.500000 -0.571097 -0.416952 -0.707107 30 42 86 255
20.133316 53.075684 -37.500000 -0.571097 -0.416952 -0.707107 30 42 86 255
21.437485 51.208008 -37.500000 -0.603629 -0.368283 -0.707107 30 42 86 255
31.822647 54.297363 -37.500000 0.000000 0.000000 -1.000000 30 42 86 255
42.207809 57.386719 -37.500000 0.000000 0.000000 -1.000000 30 42 86 255
21.739563 50.712891 -37.500000 -0.603629 -0.368283 -0.707107 30 42 86 255
32.124725 53.802246 -37.500000 0.000000 0.000000 -1.000000 30 42 86 255
22.041641 50.217773 -37.500000 -0.603629 -0.368283 -0.707107 30 42 86 255
42.509888 56.891602 -37.500000 0.000000 0.000000 -1.000000 30 42 86 255
32.426804 53.307129 -37.500000 0.000000 0.000000 -1.000000 30 42 86 255
22.343719 49.722656 -37.500000 -0.608778 -0.344812 -0.714489 30 42 86 255
22.619164 49.197266 -37.500000 -0.626260 -0.328326 -0.707107 30 42 86 255
32.702248 52.781738 -37.500000 0.000000 0.000000 -1.000000 30 42 86 255
42.785332 56.366211 -37.500000 0.000000 0.000000 -1.000000 30 42 86 255
22.894608 48.671875 -37.500000 -0.626260 -0.328326 -0.707107 30 42 86 255
32.977692 52.256348 -37.500000 0.000000 0.000000 -1.000000 30 42 86 255
23.170052 48.146484 -37.500000 -0.626260 -0.328326 -0.707107 30 42 86 255
43.060776 55.840820 -37.500000 0.000000 0.000000 -1.000000 30 42 86 255
33.253136 51.730957 -37.500000 0.000000 0.000000 -1.000000 30 42 86 255
23.445496 47.621094 -37.500000 -0.629157 -0.309957 -0.712803 30 42 86 255
43.569046 54.740234 -37.500000 0.000000 0.000000 -1.000000 30 42 86 255
43.314911 55.290527 -37.500000 0.000000 0.000000 -1.000000 30 42 86 255
33.761406 50.630371 -37.500000 0.000000 0.000000 -1.000000 30 42 86 255
33.507271 51.180664 -37.500000 0.000000 0.000000 -1.000000 30 42 86 255
23.953766 46.520508 -37.500000 -0.641956 -0.296467 -0.707107 30 42 86 255
23.699631 47.070801 -37.500000 -0.641956 -0.296467 -0.707107 30 42 86 255
36.678741 43.506348 -37.500000 0.000000 0.000000 -1.000000 30 42 86 255
46.144104 48.551758 -37.500000 0.000000 0.000000 -1.000000 30 42 86 255
46.729530 47.176758 -37.500000 0.000000 0.000000 -1.000000 30 42 86 255
56.194893 52.222168 -37.500000 0.000000 0.000000 -1.000000 30 42 86 255
47.314957 45.801758 -37.500000 0.242558 -0.664203 -0.707107 30 42 86 255
56.780319 50.847168 -37.500000 0.000000 0.000000 -1.000000 30 42 86 255
57.365746 49.472168 -37.500000 0.242558 -0.664203 -0.707107 30 42 86 255
66.245682 55.892578 -37.500000 0.650593 0.277000 -0.707107 30 42 86 255
24.700180 44.850098 -37.500000 -0.652422 -0.272664 -0.707107 30 42 86 255
34.253685 49.510254 -37.500000 0.000000 0.000000 -1.000000 30 42 86 255
43.807190 54.170410 -37.500000 0.000000 0.000000 -1.000000 30 42 86 255
24.938324 44.280273 -37.500000 -0.652422 -0.272664 -0.707107 30 42 86 255
34.491829 48.940430 -37.500000 0.000000 0.000000 -1.000000 30 42 86 255
25.176468 43.710449 -37.500000 -0.652422 -0.272664 -0.707107 30 42 86 255
44.045334 53.600586 -37.500000 0.000000 0.000000 -1.000000 30 42 86 255
34.729973 48.370605 -37.500000 0.000000 0.000000 -1.000000 30 42 86 255
25.414612 43.140625 -37.500000 -0.653248 -0.261988 -0.710373 30 42 86 255
25.864304 41.970703 -37.500000 -0.660028 -0.253700 -0.707107 30 42 86 255
35.179665 47.200684 -37.500000 0.000000 0.000000 -1.000000 30 42 86 255
44.495026 52.430664 -37.500000 0.000000 0.000000 -1.000000 30 42 86 255
26.313995 40.800781 -37.500000 -0.660028 -0.253700 -0.707107 30 42 86 255
35.629356 46.030762 -37.500000 0.000000 0.000000 -1.000000 30 42 86 255
26.763687 39.630859 -37.500000 -0.660028 -0.253700 -0.707107 30 42 86 255
44.944717 51.260742 -37.500000 0.000000 0.000000 -1.000000 30 42 86 255
36.079048 44.860840 -37.500000 0.000000 0.000000 -1.000000 30 42 86 255
63.275749 62.706055 -37.500000 0.646570 0.286265 -0.707107 30 42 86 255
63.875443 61.351562 -37.500000 0.646570 0.286265 -0.707107 30 42 86 255
54.410080 56.306152 -37.500000 0.000000 0.000000 -1.000000 30 42 86 255
55.009773 54.951660 -37.500000 0.000000 0.000000 -1.000000 30 42 86 255
45.544411 49.906250 -37.500000 0.000000 0.000000 -1.000000 30 42 86 255
62.047890 65.378906 -37.500000 0.638348 0.304157 -0.707107 30 42 86 255
46.719040 65.002441 -37.500000 0.000000 0.000000 -1.000000 30 42 86 255
31.390190 64.625977 -37.500000 0.000000 0.000000 -1.000000 30 42 86 255
61.419724 66.697266 -37.500000 0.638348 0.304157 -0.707107 30 42 86 255
46.090874 66.320801 -37.500000 0.000000 0.000000 -1.000000 30 42 86 255
60.791557 68.015625 -37.500000 0.638348 0.304157 -0.707107 30 42 86 255
30.762024 65.944336 -37.500000 0.000000 0.000000 -1.000000 30 42 86 255
45.462708 67.639160 -37.500000 0.000000 0.000000 -1.000000 30 42 86 255
60.163391 69.333984 -37.500000 0.635850 0.320410 -0.702163 30 42 86 255
59.492470 70.595215 -37.500000 0.624274 0.332087 -0.707107 30 42 86 255
44.791786 68.900391 -37.500000 0.000000 0.000000 -1.000000 30 42 86 255
30.091103 67.205566 -37.500000 0.000000 0.000000 -1.000000 30 42 86 255
58.821548 71.856445 -37.500000 0.624274 0.332087 -0.707107 30 42 86 255
44.120865 70.161621 -37.500000 0.000000 0.000000 -1.000000 30 42 86 255
58.150627 73.117676 -37.500000 0.624274 0.332087 -0.707107 30 42 86 255
29.420181 68.466797 -37.500000 0.000000 0.000000 -1.000000 30 42 86 255
43.449944 71.422852 -37.500000 0.000000 0.000000 -1.000000 30 42 86 255
57.479706 74.378906 -37.500000 0.621108 0.347990 -0.702231 30 42 86 255
28.708313 69.674805 -37.500000 0.000000 0.000000 -1.000000 30 42 86 255
29.064247 69.070801 -37.500000 0.000000 0.000000 -1.000000 30 42 86 255
42.738075 72.630859 -37.500000 0.000000 0.000000 -1.000000 30 42 86 255
43.094009 72.026855 -37.500000 0.000000 0.000000 -1.000000 30 42 86 255
56.767838 75.586914 -37.500000 0.609198 0.358995 -0.707107 30 42 86 255
57.123772 74.982910 -37.500000 0.609198 0.358995 -0.707107 30 42 86 255
55.683990 77.377441 -37.500000 0.595963 0.380563 -0.707107 30 42 86 255
42.010162 73.817383 -37.500000 0.000000 0.000000 -1.000000 30 42 86 255
28.336334 70.257324 -37.500000 0.000000 0.000000 -1.000000 30 42 86 255
55.312012 77.959961 -37.500000 0.595963 0.380563 -0.707107 30 42 86 255
41.638184 74.399902 -37.500000 0.000000 0.000000 -1.000000 30 42 86 255
54.940033 78.542480 -37.500000 0.595963 0.380563 -0.707107 30 42 86 255
27.964355 70.839844 -37.500000 0.000000 0.000000 -1.000000 30 42 86 255
41.266205 74.982422 -37.500000 0.000000 0.000000 -1.000000 30 42 86 255
54.568054 79.125000 -37.500000 0.591877 0.395055 -0.702576 30 42 86 255
54.178291 79.684082 -37.500000 0.580061 0.404388 -0.707107 30 42 86 255
40.876442 75.541504 -37.500000 0.000000 0.000000 -1.000000 30 42 86 255
27.574593 71.398926 -37.500000 0.000000 0.000000 -1.000000 30 42 86 255
53.788528 80.243164 -37.500000 0.580061 0.404388 -0.707107 30 42 86 255
40.486679 76.100586 -37.500000 0.000000 0.000000 -1.000000 30 42 86 255
53.398766 80.802246 -37.500000 0.580061 0.404388 -0.707107 30 42 86 255
27.184830 71.958008 -37.500000 0.000000 0.000000 -1.000000 30 42 86 255
40.096916 76.659668 -37.500000 0.000000 0.000000 -1.000000 30 42 86 255
53.009003 81.361328 -37.500000 0.574731 0.420618 -0.701972 30 42 86 255
26.366104 73.024414 -37.500000 0.000000 0.000000 -1.000000 30 42 86 255
26.775467 72.491211 -37.500000 0.000000 0.000000 -1.000000 30 42 86 255
39.278191 77.726074 -37.500000 0.000000 0.000000 -1.000000 30 42 86 255
39.687553 77.192871 -37.500000 0.000000 0.000000 -1.000000 30 42 86 255
52.190277 82.427734 -37.500000 0.560873 0.430606 -0.707107 30 42 86 255
52.599640 81.894531 -37.500000 0.560873 0.430606 -0.707107 30 42 86 255
50.940811 83.999023 -37.500000 0.537936 0.458939 -0.707107 30 42 86 255
38.438087 78.764160 -37.500000 0.000000 0.000000 -1.000000 30 42 86 255
25.935364 73.529297 -37.500000 0.000000 0.000000 -1.000000 30 42 86 255
50.510071 84.503906 -37.500000 0.537936 0.458939 -0.707107 30 42 86 255
38.007347 79.269043 -37.500000 0.000000 0.000000 -1.000000 30 42 86 255
50.079330 85.008789 -37.500000 0.537936 0.458939 -0.707107 30 42 86 255
25.504623 74.034180 -37.500000 0.000000 0.000000 -1.000000 30 42 86 255
37.576607 79.773926 -37.500000 0.000000 0.000000 -1.000000 30 42 86 255
49.648590 85.513672 -37.500000 0.529353 0.478225 -0.700776 30 42 86 255
49.194710 85.988281 -37.500000 0.511036 0.488716 -0.707106 30 42 86 255
37.122726 80.248535 -37.500000 0.000000 0.000000 -1.000000 30 42 86 255
25.050743 74.508789 -37.500000 0.000000 0.000000 -1.000000 30 42 86 255
48.740829 86.462891 -37.500000 0.511036 0.488716 -0.707106 30 42 86 255
36.668846 80.723145 -37.500000 0.000000 0.000000 -1.000000 30 42 86 255
48.286949 86.937500 -37.500000 0.511036 0.488716 -0.707106 30 42 86 255
24.596863 74.983398 -37.500000 0.000000 0.000000 -1.000000 30 42 86 255
36.214966 81.197754 -37.500000 0.000000 0.000000 -1.000000 30 42 86 255
47.833069 87.412109 -37.500000 0.500268 0.509515 -0.700091 30 42 86 255
23.639221 75.866211 -37.500000 0.000000 0.000000 -1.000000 30 42 86 255
24.118042 75.424805 -37.500000 0.000000 0.000000 -1.000000 30 42 86 255
35.257324 82.080566 -37.500000 0.000000 0.000000 -1.000000 30 42 86 255
35.736145 81.639160 -37.500000 0.000000 0.000000 -1.000000 30 42 86 255
46.875427 88.294922 -37.500000 0.479275 0.519900 -0.707107 30 42 86 255
47.354248 87.853516 -37.500000 0.479275 0.519900 -0.707107 30 42 86 255
45.412254 89.584473 -37.500000 0.443262 0.550926 -0.707107 30 42 86 255
34.272972 82.928711 -37.500000 0.000000 0.000000 -1.000000 30 42 86 255
23.133690 76.272949 -37.500000 0.000000 0.000000 -1.000000 30 42 86 255
44.906723 89.991211 -37.500000 0.443262 0.550926 -0.707107 30 42 86 255
33.767441 83.335449 -37.500000 0.000000 0.000000 -1.000000 30 42 86 255
44.401192 90.397949 -37.500000 0.443262 0.550926 -0.707107 30 42 86 255
22.628159 76.679688 -37.500000 0.000000 0.000000 -1.000000 30 42 86 255
33.261909 83.742188 -37.500000 0.000000 0.000000 -1.000000 30 42 86 255
43.895660 90.804688 -37.500000 0.428041 0.572660 -0.699172 30 42 86 255
43.362526 91.174316 -37.500000 0.402887 0.581104 -0.707107 30 42 86 255
32.728775 84.111816 -37.500000 0.000000 0.000000 -1.000000 30 42 86 255
22.095024 77.049316 -37.500000 0.000000 0.000000 -1.000000 30 42 86 255
42.829391 91.543945 -37.500000 0.402887 0.581104 -0.707107 30 42 86 255
32.195641 84.481445 -37.500000 0.000000 0.000000 -1.000000 30 42 86 255
42.296257 91.913574 -37.500000 0.402887 0.581104 -0.707107 30 42 86 255
21.561890 77.418945 -37.500000 0.000000 0.000000 -1.000000 30 42 86 255
31.662506 84.851074 -37.500000 0.000000 0.000000 -1.000000 30 42 86 255
41.763123 92.283203 -37.500000 0.387590 0.600017 -0.699824 30 42 86 255
20.443176 78.090820 -37.500000 0.000000 0.000000 -1.000000 30 42 86 255
21.002533 77.754883 -37.500000 0.000000 0.000000 -1.000000 30 42 86 255
30.543793 85.522949 -37.500000 0.000000 0.000000 -1.000000 30 42 86 255
31.103149 85.187012 -37.500000 0.000000 0.000000 -1.000000 30 42 86 255
40.644409 92.955078 -37.500000 0.364061 0.606184 -0.707107 30 42 86 255
41.203766 92.619141 -37.500000 0.364061 0.606184 -0.707107 30 42 86 255
38.941864 93.929688 -37.500000 0.325499 0.627735 -0.707106 30 42 86 255
29.400604 86.161621 -37.500000 0.000000 0.000000 -1.000000 30 42 86 255
19.859344 78.393555 -37.500000 0.000000 0.000000 -1.000000 30 42 86 255
38.358032 94.232422 -37.500000 0.325499 0.627735 -0.707106 30 42 86 255
28.816772 86.464355 -37.500000 0.000000 0.000000 -1.000000 30 42 86 255
37.774200 94.535156 -37.500000 0.325499 0.627735 -0.707106 30 42 86 255
19.275513 78.696289 -37.500000 0.000000 0.000000 -1.000000 30 42 86 255
28.232941 86.767090 -37.500000 0.000000 0.000000 -1.000000 30 42 86 255
37.190369 94.837891 -37.500000 0.310811 0.641882 -0.700988 30 42 86 255
36.583817 95.111328 -37.500000 0.290604 0.644631 -0.707107 30 42 86 255
27.626389 87.040527 -37.500000 0.000000 0.000000 -1.000000 30 42 86 255
18.668961 78.969727 -37.500000 0.000000 0.000000 -1.000000 30 42 86 255
35.977264 95.384766 -37.500000 0.290604 0.644631 -0.707107 30 42 86 255
27.019836 87.313965 -37.500000 0.000000 0.000000 -1.000000 30 42 86 255
35.370712 95.658203 -37.500000 0.290604 0.644631 -0.707107 30 42 86 255
18.062408 79.243164 -37.500000 0.000000 0.000000 -1.000000 30 42 86 255
26.413284 87.587402 -37.500000 0.000000 0.000000 -1.000000 30 42 86 255
34.764160 95.931641 -37.500000 0.276221 0.657072 -0.701397 30 42 86 255
16.807343 79.733398 -37.500000 0.000000 0.000000 -1.000000 30 42 86 255
17.434875 79.488281 -37.500000 0.000000 0.000000 -1.000000 30 42 86 255
25.158218 88.077637 -37.500000 0.000000 0.000000 -1.000000 30 42 86 255
25.785751 87.832520 -37.500000 0.000000 0.000000 -1.000000 30 42 86 255
33.509094 96.421875 -37.500000 0.257270 0.658645 -0.707107 30 42 86 255
34.136627 96.176758 -37.500000 0.257270 0.658645 -0.707107 30 42 86 255
31.607269 97.132812 -37.500000 0.228366 0.669215 -0.707107 30 42 86 255
23.883926 88.543457 -37.500000 0.000000 0.000000 -1.000000 30 42 86 255
16.160583 79.954102 -37.500000 0.000000 0.000000 -1.000000 30 42 86 255
30.960510 97.353516 -37.500000 0.228366 0.669215 -0.707107 30 42 86 255
23.237167 88.764160 -37.500000 0.000000 0.000000 -1.000000 30 42 86 255
30.313751 97.574219 -37.500000 0.228366 0.669215 -0.707107 30 42 86 255
15.513824 80.174805 -37.500000 0.000000 0.000000 -1.000000 30 42 86 255
22.590408 88.984863 -37.500000 0.000000 0.000000 -1.000000 30 42 86 255
29.666992 97.794922 -37.500000 0.216236 0.677920 -0.702614 30 42 86 255
29.002747 97.992188 -37.500000 0.201305 0.677846 -0.707107 30 42 86 255
21.926163 89.182129 -37.500000 0.000000 0.000000 -1.000000 30 42 86 255
14.849579 80.372070 -37.500000 0.000000 0.000000 -1.000000 30 42 86 255
28.338501 98.189453 -37.500000 0.201305 0.677846 -0.707107 30 42 86 255
21.261917 89.379395 -37.500000 0.000000 0.000000 -1.000000 30 42 86 255
27.674255 98.386719 -37.500000 0.201305 0.677846 -0.707107 30 42 86 255
14.185333 80.569336 -37.500000 0.000000 0.000000 -1.000000 30 42 86 255
20.597672 89.576660 -37.500000 0.000000 0.000000 -1.000000 30 42 86 255
27.010010 98.583984 -37.500000 0.190445 0.685026 -0.703185 30 42 86 255
12.825378 80.921875 -37.500000 0.000000 0.000000 -1.000000 30 42 86 255
13.505356 80.745605 -37.500000 0.000000 0.000000 -1.000000 30 42 86 255
19.237717 89.929199 -37.500000 0.000000 0.000000 -1.000000 30 42 86 255
19.917694 89.752930 -37.500000 0.000000 0.000000 -1.000000 30 42 86 255
25.650055 98.936523 -37.500000 0.177437 0.684482 -0.707107 30 42 86 255
26.330032 98.760254 -37.500000 0.177437 0.684482 -0.707107 30 42 86 255
22.889938 99.588379 -37.500000 0.147820 0.691483 -0.707107 30 42 86 255
17.157578 90.404785 -37.500000 0.000000 0.000000 -1.000000 30 42 86 255
11.425217 81.221191 -37.500000 0.000000 0.000000 -1.000000 30 42 86 255
21.489777 99.887695 -37.500000 0.147820 0.691483 -0.707107 30 42 86 255
15.757416 90.704102 -37.500000 0.000000 0.000000 -1.000000 30 42 86 255
20.089615 100.187012 -37.500000 0.147820 0.691483 -0.707107 30 42 86 255
10.025055 81.520508 -37.500000 0.000000 0.000000 -1.000000 30 42 86 255
14.357254 91.003418 -37.500000 0.000000 0.000000 -1.000000 30 42 86 255
18.689453 100.486328 -37.500000 0.133851 0.699173 -0.702311 30 42 86 255
17.247345 100.730469 -37.500000 0.118030 0.697187 -0.707107 30 42 86 255
12.915146 91.247559 -37.500000 0.000000 0.000000 -1.000000 30 42 86 255
8.582947 81.764648 -37.500000 0.000000 0.000000 -1.000000 30 42 86 255
15.805237 100.974609 -37.500000 0.118030 0.697187 -0.707107 30 42 86 255
11.473038 91.491699 -37.500000 0.000000 0.000000 -1.000000 30 42 86 255
14.363129 101.218750 -37.500000 0.118030 0.697187 -0.707107 30 42 86 255
7.140839 82.008789 -37.500000 0.000000 0.000000 -1.000000 30 42 86 255
10.030930 91.735840 -37.500000 0.000000 0.000000 -1.000000 30 42 86 255
12.921021 101.462891 -37.500000 0.109022 0.701717 -0.704065 30 42 86 255
2.780663 72.489746 -37.500000 0.000000 0.000000 -1.000000 30 42 86 255
4.200668 82.424805 -37.500000 0.000000 0.000000 -1.000000 30 42 86 255
5.670753 82.216797 -37.500000 0.000000 0.000000 -1.000000 30 42 86 255
7.090759 92.151855 -37.500000 0.000000 0.000000 -1.000000 30 42 86 255
8.560844 91.943848 -37.500000 0.000000 0.000000 -1.000000 30 42 86 255
9.980850 101.878906 -37.500000 0.099064 0.700133 -0.707107 30 42 86 255
11.450935 101.670898 -37.500000 0.099064 0.700133 -0.707107 30 42 86 255
-63.223778 42.078125 -37.500000 -0.704753 0.057641 -0.707107 30 42 86 255
-63.094864 43.654297 -37.500000 -0.704753 0.057641 -0.707107 30 42 86 255
-63.169159 41.126953 -37.500000 0.000000 0.000000 -1.000000 30 42 86 255
-63.040245 42.703125 -37.500000 0.000000 0.000000 -1.000000 30 42 86 255
-63.243454 38.599609 -37.500000 -0.705944 -0.040537 -0.707107 30 42 86 255
-63.114540 40.175781 -37.500000 0.000000 0.000000 -1.000000 30 42 86 255
-63.188835 37.648438 -37.500000 -0.705944 -0.040537 -0.707107 30 42 86 255
-62.985626 41.751953 -37.500000 0.000000 0.000000 -1.000000 30 42 86 255
-63.059921 39.224609 -37.500000 0.000000 0.000000 -1.000000 30 42 86 255
-51.285805 41.960449 -37.500000 0.000000 0.000000 -1.000000 30 42 86 255
-51.211510 44.487793 -37.500000 0.000000 0.000000 -1.000000 30 42 86 255
-39.511688 44.696289 -37.500000 0.000000 0.000000 -1.000000 30 42 86 255
-39.437393 47.223633 -37.500000 0.000000 0.000000 -1.000000 30 42 86 255
-27.737572 47.432129 -37.500000 0.000000 0.000000 -1.000000 30 42 86 255
-62.755913 47.587891 -37.500000 -0.703325 0.073032 -0.707107 30 42 86 255
-62.674789 48.369141 -37.500000 -0.703325 0.073032 -0.707107 30 42 86 255
-51.056091 47.796387 -37.500000 0.000000 0.000000 -1.000000 30 42 86 255
-50.974968 48.577637 -37.500000 0.000000 0.000000 -1.000000 30 42 86 255
-39.356270 48.004883 -37.500000 0.000000 0.000000 -1.000000 30 42 86 255
-39.275146 48.786133 -37.500000 0.000000 0.000000 -1.000000 30 42 86 255
-27.656448 48.213379 -37.500000 0.000000 0.000000 -1.000000 30 42 86 255
-62.411423 50.704590 -37.500000 -0.701132 0.091725 -0.707107 30 42 86 255
-62.310303 51.477539 -37.500000 -0.701132 0.091725 -0.707107 30 42 86 255
-50.792725 50.131836 -37.500000 0.000000 0.000000 -1.000000 30 42 86 255
-50.691605 50.904785 -37.500000 0.000000 0.000000 -1.000000 30 42 86 255
-39.174026 49.559082 -37.500000 0.000000 0.000000 -1.000000 30 42 86 255
-39.072906 50.332031 -37.500000 0.000000 0.000000 -1.000000 30 42 86 255
-27.555328 48.986328 -37.500000 0.000000 0.000000 -1.000000 30 42 86 255
-61.980293 53.786621 -37.500000 -0.697401 0.116756 -0.707106 30 42 86 255
-61.852524 54.549805 -37.500000 -0.697401 0.116756 -0.707106 30 42 86 255
-50.462715 52.440918 -37.500000 0.000000 0.000000 -1.000000 30 42 86 255
-50.334946 53.204102 -37.500000 0.000000 0.000000 -1.000000 30 42 86 255
-38.945137 51.095215 -37.500000 0.000000 0.000000 -1.000000 30 42 86 255
-38.817368 51.858398 -37.500000 0.000000 0.000000 -1.000000 30 42 86 255
-27.427559 49.749512 -37.500000 0.000000 0.000000 -1.000000 30 42 86 255
-61.435890 56.825195 -37.500000 -0.691299 0.148680 -0.707107 30 42 86 255
-61.274796 57.574219 -37.500000 -0.691299 0.148680 -0.707107 30 42 86 255
-50.046082 54.716309 -37.500000 0.000000 0.000000 -1.000000 30 42 86 255
-49.884987 55.465332 -37.500000 0.000000 0.000000 -1.000000 30 42 86 255
-38.656273 52.607422 -37.500000 0.000000 0.000000 -1.000000 30 42 86 255
-38.495178 53.356445 -37.500000 0.000000 0.000000 -1.000000 30 42 86 255
-27.266464 50.498535 -37.500000 0.000000 0.000000 -1.000000 30 42 86 255
-60.751518 59.805664 -37.500000 -0.681938 0.186978 -0.707107 30 42 86 255
-60.550430 60.539062 -37.500000 -0.681938 0.186978 -0.707107 30 42 86 255
-49.522804 56.947754 -37.500000 0.000000 0.000000 -1.000000 30 42 86 255
-49.321716 57.681152 -37.500000 0.000000 0.000000 -1.000000 30 42 86 255
-38.294090 54.089844 -37.500000 0.000000 0.000000 -1.000000 30 42 86 255
-38.093002 54.823242 -37.500000 0.000000 0.000000 -1.000000 30 42 86 255
-27.065376 51.231934 -37.500000 0.000000 0.000000 -1.000000 30 42 86 255
-59.900520 62.720703 -37.500000 -0.668123 0.231543 -0.707107 30 42 86 255
-59.652786 63.435547 -37.500000 -0.668123 0.231543 -0.707107 30 42 86 255
-48.872894 59.129395 -37.500000 0.000000 0.000000 -1.000000 30 42 86 255
-48.625160 59.844238 -37.500000 0.000000 0.000000 -1.000000 30 42 86 255
-37.845268 55.538086 -37.500000 0.000000 0.000000 -1.000000 30 42 86 255
-37.597534 56.252930 -37.500000 0.000000 0.000000 -1.000000 30 42 86 255
-26.817642 51.946777 -37.500000 0.000000 0.000000 -1.000000 30 42 86 255
-58.857384 65.558594 -37.500000 -0.648988 0.280740 -0.707107 30 42 86 255
-58.557449 66.251953 -37.500000 -0.648988 0.280740 -0.707107 30 42 86 255
-48.077492 61.252441 -37.500000 0.000000 0.000000 -1.000000 30 42 86 255
-47.777557 61.945801 -37.500000 0.000000 0.000000 -1.000000 30 42 86 255
-37.297600 56.946289 -37.500000 0.000000 0.000000 -1.000000 30 42 86 255
-36.997665 57.639648 -37.500000 0.000000 0.000000 -1.000000 30 42 86 255
-26.517708 52.640137 -37.500000 0.000000 0.000000 -1.000000 30 42 86 255
-57.608467 68.312988 -37.500000 -0.627940 0.325103 -0.707107 30 42 86 255
-57.259354 68.987305 -37.500000 -0.627940 0.325103 -0.707107 30 42 86 255
-47.128510 63.313477 -37.500000 0.000000 0.000000 -1.000000 30 42 86 255
-46.779396 63.987793 -37.500000 0.000000 0.000000 -1.000000 30 42 86 255
-36.648552 58.313965 -37.500000 0.000000 0.000000 -1.000000 30 42 86 255
-36.299438 58.988281 -37.500000 0.000000 0.000000 -1.000000 30 42 86 255
-26.168594 53.314453 -37.500000 0.000000 0.000000 -1.000000 30 42 86 255
-56.169838 70.992676 -37.500000 -0.607460 0.361929 -0.707107 30 42 86 255
-55.778549 71.649414 -37.500000 -0.607460 0.361929 -0.707107 30 42 86 255
-46.038994 65.318848 -37.500000 0.000000 0.000000 -1.000000 30 42 86 255
-45.647705 65.975586 -37.500000 0.000000 0.000000 -1.000000 30 42 86 255
-35.908150 59.645020 -37.500000 0.000000 0.000000 -1.000000 30 42 86 255
-35.516861 60.301758 -37.500000 0.000000 0.000000 -1.000000 30 42 86 255
-25.777306 53.971191 -37.500000 0.000000 0.000000 -1.000000 30 42 86 255
-54.569557 73.606445 -37.500000 -0.589454 0.390568 -0.707107 30 42 86 255
-54.143143 74.250000 -37.500000 -0.589454 0.390568 -0.707107 30 42 86 255
-44.830002 67.275879 -37.500000 0.000000 0.000000 -1.000000 30 42 86 255
-44.403587 67.919434 -37.500000 0.000000 0.000000 -1.000000 30 42 86 255
-35.090446 60.945312 -37.500000 0.000000 0.000000 -1.000000 30 42 86 255
-34.664032 61.588867 -37.500000 0.000000 0.000000 -1.000000 30 42 86 255
-25.350891 54.614746 -37.500000 0.000000 0.000000 -1.000000 30 42 86 255
-52.835785 76.168457 -37.500000 -0.573859 0.413141 -0.707107 30 42 86 255
-52.381256 76.799805 -37.500000 -0.573859 0.413141 -0.707107 30 42 86 255
-43.522644 69.194336 -37.500000 0.000000 0.000000 -1.000000 30 42 86 255
-43.068115 69.825684 -37.500000 0.000000 0.000000 -1.000000 30 42 86 255
-34.209503 62.220215 -37.500000 0.000000 0.000000 -1.000000 30 42 86 255
-33.754974 62.851562 -37.500000 0.000000 0.000000 -1.000000 30 42 86 255
-24.896362 55.246094 -37.500000 0.000000 0.000000 -1.000000 30 42 86 255
-24.799263 55.981445 -37.500000 0.000000 0.000000 -1.000000 30 42 86 255
-33.657875 63.586914 -37.500000 0.000000 0.000000 -1.000000 30 42 86 255
-15.843552 49.111328 -37.500000 0.701022 -0.092566 -0.707107 30 42 86 255
-24.702164 56.716797 -37.500000 0.000000 0.000000 -1.000000 30 42 86 255
-15.746452 49.846680 -37.500000 0.701022 -0.092566 -0.707107 30 42 86 255
-33.560776 64.322266 -37.500000 0.000000 0.000000 -1.000000 30 42 86 255
-24.605064 57.452148 -37.500000 0.000000 0.000000 -1.000000 30 42 86 255
-15.649353 50.582031 -37.500000 0.684901 -0.123961 -0.718014 30 42 86 255
-50.996590 78.686035 -37.500000 -0.562223 0.428842 -0.707107 30 42 86 255
-50.520981 79.309570 -37.500000 -0.562223 0.428842 -0.707107 30 42 86 255
-42.040878 71.815918 -37.500000 0.000000 0.000000 -1.000000 30 42 86 255
-41.565269 72.439453 -37.500000 0.000000 0.000000 -1.000000 30 42 86 255
-33.085167 64.945801 -37.500000 0.000000 0.000000 -1.000000 30 42 86 255
-32.609558 65.569336 -37.500000 0.000000 0.000000 -1.000000 30 42 86 255
-24.129456 58.075684 -37.500000 0.000000 0.000000 -1.000000 30 42 86 255
-15.567764 50.935547 -37.500000 0.688995 -0.159015 -0.707107 30 42 86 255
-24.047867 58.429199 -37.500000 0.000000 0.000000 -1.000000 30 42 86 255
-32.527969 65.922852 -37.500000 0.000000 0.000000 -1.000000 30 42 86 255
-15.486176 51.289062 -37.500000 0.688995 -0.159015 -0.707107 30 42 86 255
-23.966278 58.782715 -37.500000 0.000000 0.000000 -1.000000 30 42 86 255
-15.404587 51.642578 -37.500000 0.688995 -0.159015 -0.707107 30 42 86 255
-32.446381 66.276367 -37.500000 0.000000 0.000000 -1.000000 30 42 86 255
-23.884689 59.136230 -37.500000 0.000000 0.000000 -1.000000 30 42 86 255
-15.322998 51.996094 -37.500000 0.664967 -0.195804 -0.720749 30 42 86 255
-48.583397 81.789062 -37.500000 -0.552064 0.441843 -0.707107 30 42 86 255
-47.597031 83.021484 -37.500000 -0.552064 0.441843 -0.707107 30 42 86 255
-40.021706 74.648926 -37.500000 0.000000 0.000000 -1.000000 30 42 86 255
-39.035339 75.881348 -37.500000 0.000000 0.000000 -1.000000 30 42 86 255
-31.460014 67.508789 -37.500000 0.000000 0.000000 -1.000000 30 42 86 255
-30.473648 68.741211 -37.500000 0.000000 0.000000 -1.000000 30 42 86 255
-22.898323 60.368652 -37.500000 0.000000 0.000000 -1.000000 30 42 86 255
-44.335075 86.479004 -37.500000 -0.431394 0.560267 -0.707107 30 42 86 255
-43.045853 87.471680 -37.500000 -0.431394 0.560267 -0.707107 30 42 86 255
-36.759750 78.106445 -37.500000 0.000000 0.000000 -1.000000 30 42 86 255
-35.470528 79.099121 -37.500000 0.000000 0.000000 -1.000000 30 42 86 255
-29.184425 69.733887 -37.500000 0.000000 0.000000 -1.000000 30 42 86 255
-27.895203 70.726562 -37.500000 0.000000 0.000000 -1.000000 30 42 86 255
-21.609100 61.361328 -37.500000 0.000000 0.000000 -1.000000 30 42 86 255
-15.201752 52.332520 -37.500000 0.665224 -0.239744 -0.707107 30 42 86 255
-21.487854 61.697754 -37.500000 0.000000 0.000000 -1.000000 30 42 86 255
-27.773956 71.062988 -37.500000 0.000000 0.000000 -1.000000 30 42 86 255
-15.080505 52.668945 -37.500000 0.665224 -0.239744 -0.707107 30 42 86 255
-21.366608 62.034180 -37.500000 0.000000 0.000000 -1.000000 30 42 86 255
-14.959259 53.005371 -37.500000 0.665224 -0.239744 -0.707107 30 42 86 255
-27.652710 71.399414 -37.500000 0.000000 0.000000 -1.000000 30 42 86 255
-21.245361 62.370605 -37.500000 0.000000 0.000000 -1.000000 30 42 86 255
-14.838013 53.341797 -37.500000 0.630486 -0.280385 -0.723790 30 42 86 255
-39.815773 89.935059 -37.500000 -0.418249 0.570147 -0.707107 30 42 86 255
-39.164139 90.413086 -37.500000 -0.418249 0.570147 -0.707107 30 42 86 255
-33.408424 80.906250 -37.500000 0.000000 0.000000 -1.000000 30 42 86 255
-32.756790 81.384277 -37.500000 0.000000 0.000000 -1.000000 30 42 86 255
-27.001076 71.877441 -37.500000 0.000000 0.000000 -1.000000 30 42 86 255
-26.349442 72.355469 -37.500000 0.000000 0.000000 -1.000000 30 42 86 255
-20.593727 62.848633 -37.500000 0.000000 0.000000 -1.000000 30 42 86 255
-37.200790 91.825195 -37.500000 -0.401942 0.581758 -0.707107 30 42 86 255
-36.540710 92.281250 -37.500000 -0.401942 0.581758 -0.707107 30 42 86 255
-31.445076 82.318359 -37.500000 0.000000 0.000000 -1.000000 30 42 86 255
-30.784996 82.774414 -37.500000 0.000000 0.000000 -1.000000 30 42 86 255
-25.689362 72.811523 -37.500000 0.000000 0.000000 -1.000000 30 42 86 255
-25.029282 73.267578 -37.500000 0.000000 0.000000 -1.000000 30 42 86 255
-19.933647 63.304688 -37.500000 0.000000 0.000000 -1.000000 30 42 86 255
-14.669365 53.657227 -37.500000 0.623574 -0.333400 -0.707107 30 42 86 255
-19.764999 63.620117 -37.500000 0.000000 0.000000 -1.000000 30 42 86 255
-24.860634 73.583008 -37.500000 0.000000 0.000000 -1.000000 30 42 86 255
-14.500717 53.972656 -37.500000 0.623574 -0.333400 -0.707107 30 42 86 255
-19.596352 63.935547 -37.500000 0.000000 0.000000 -1.000000 30 42 86 255
-14.332069 54.288086 -37.500000 0.623574 -0.333400 -0.707107 30 42 86 255
-24.691986 73.898438 -37.500000 0.000000 0.000000 -1.000000 30 42 86 255
-19.427704 64.250977 -37.500000 0.000000 0.000000 -1.000000 30 42 86 255
-14.163422 54.603516 -37.500000 0.592185 -0.361484 -0.720171 30 42 86 255
-34.549232 93.620117 -37.500000 -0.379347 0.596738 -0.707107 30 42 86 255
-33.877914 94.046875 -37.500000 -0.379347 0.596738 -0.707107 30 42 86 255
-29.284950 83.972656 -37.500000 0.000000 0.000000 -1.000000 30 42 86 255
-28.613632 84.399414 -37.500000 0.000000 0.000000 -1.000000 30 42 86 255
-24.020668 74.325195 -37.500000 0.000000 0.000000 -1.000000 30 42 86 255
-23.349350 74.751953 -37.500000 0.000000 0.000000 -1.000000 30 42 86 255
-18.756386 64.677734 -37.500000 0.000000 0.000000 -1.000000 30 42 86 255
-13.956734 54.902344 -37.500000 0.581554 -0.402238 -0.707106 30 42 86 255
-18.549698 64.976562 -37.500000 0.000000 0.000000 -1.000000 30 42 86 255
-23.142662 75.050781 -37.500000 0.000000 0.000000 -1.000000 30 42 86 255
-13.750046 55.201172 -37.500000 0.581554 -0.402238 -0.707106 30 42 86 255
-18.343010 65.275391 -37.500000 0.000000 0.000000 -1.000000 30 42 86 255
-13.543358 55.500000 -37.500000 0.581554 -0.402238 -0.707106 30 42 86 255
-22.935974 75.349609 -37.500000 0.000000 0.000000 -1.000000 30 42 86 255
-18.136322 65.574219 -37.500000 0.000000 0.000000 -1.000000 30 42 86 255
-13.336670 55.798828 -37.500000 0.554214 -0.421930 -0.717511 30 42 86 255
-31.849899 95.290527 -37.500000 -0.349803 0.614523 -0.707107 30 42 86 255
-31.164520 95.680664 -37.500000 -0.349803 0.614523 -0.707107 30 42 86 255
-27.050247 85.515137 -37.500000 0.000000 0.000000 -1.000000 30 42 86 255
-26.364868 85.905273 -37.500000 0.000000 0.000000 -1.000000 30 42 86 255
-22.250595 75.739746 -37.500000 0.000000 0.000000 -1.000000 30 42 86 255
-21.565216 76.129883 -37.500000 0.000000 0.000000 -1.000000 30 42 86 255
-17.450943 65.964355 -37.500000 0.000000 0.000000 -1.000000 30 42 86 255
-29.091507 96.807617 -37.500000 -0.313011 0.634054 -0.707107 30 42 86 255
-28.389252 97.154297 -37.500000 -0.313011 0.634054 -0.707107 30 42 86 255
-24.977234 86.642090 -37.500000 0.000000 0.000000 -1.000000 30 42 86 255
-24.274979 86.988770 -37.500000 0.000000 0.000000 -1.000000 30 42 86 255
-20.862961 76.476562 -37.500000 0.000000 0.000000 -1.000000 30 42 86 255
-20.160706 76.823242 -37.500000 0.000000 0.000000 -1.000000 30 42 86 255
-16.748688 66.311035 -37.500000 0.000000 0.000000 -1.000000 30 42 86 255
-12.859901 56.369141 -37.500000 0.542508 -0.453525 -0.707107 30 42 86 255
-16.271919 66.881348 -37.500000 0.000000 0.000000 -1.000000 30 42 86 255
-19.683937 77.393555 -37.500000 0.000000 0.000000 -1.000000 30 42 86 255
-12.383133 56.939453 -37.500000 0.542508 -0.453525 -0.707107 30 42 86 255
-15.795151 67.451660 -37.500000 0.000000 0.000000 -1.000000 30 42 86 255
-11.906364 57.509766 -37.500000 0.542508 -0.453525 -0.707107 30 42 86 255
-19.207169 77.963867 -37.500000 0.000000 0.000000 -1.000000 30 42 86 255
-15.318382 68.021973 -37.500000 0.000000 0.000000 -1.000000 30 42 86 255
-26.262848 98.144043 -37.500000 -0.268562 0.654121 -0.707107 30 42 86 255
-25.540955 98.440430 -37.500000 -0.268562 0.654121 -0.707107 30 42 86 255
-22.374062 88.202148 -37.500000 0.000000 0.000000 -1.000000 30 42 86 255
-21.652168 88.498535 -37.500000 0.000000 0.000000 -1.000000 30 42 86 255
-18.485275 78.260254 -37.500000 0.000000 0.000000 -1.000000 30 42 86 255
-17.763382 78.556641 -37.500000 0.000000 0.000000 -1.000000 30 42 86 255
-14.596489 68.318359 -37.500000 0.000000 0.000000 -1.000000 30 42 86 255
-23.354843 99.275879 -37.500000 -0.219720 0.672104 -0.707107 30 42 86 255
-22.612518 99.518555 -37.500000 -0.219720 0.672104 -0.707107 30 42 86 255
-20.187950 89.037598 -37.500000 0.000000 0.000000 -1.000000 30 42 86 255
-19.445625 89.280273 -37.500000 0.000000 0.000000 -1.000000 30 42 86 255
-17.021057 78.799316 -37.500000 0.000000 0.000000 -1.000000 30 42 86 255
-16.278732 79.041992 -37.500000 0.000000 0.000000 -1.000000 30 42 86 255
-13.854164 68.561035 -37.500000 0.000000 0.000000 -1.000000 30 42 86 255
-20.367470 100.199219 -37.500000 -0.175914 0.684875 -0.707107 30 42 86 255
-19.607071 100.394531 -37.500000 -0.175914 0.684875 -0.707107 30 42 86 255
-17.942902 89.718262 -37.500000 0.000000 0.000000 -1.000000 30 42 86 255
-17.182503 89.913574 -37.500000 0.000000 0.000000 -1.000000 30 42 86 255
-15.518333 79.237305 -37.500000 0.000000 0.000000 -1.000000 30 42 86 255
-14.757935 79.432617 -37.500000 0.000000 0.000000 -1.000000 30 42 86 255
-13.093765 68.756348 -37.500000 0.000000 0.000000 -1.000000 30 42 86 255
-12.375778 69.259277 -37.500000 0.000000 0.000000 -1.000000 30 42 86 255
-14.039948 79.935547 -37.500000 0.000000 0.000000 -1.000000 30 42 86 255
-9.993622 59.085938 -37.500000 0.405683 -0.579156 -0.707106 30 42 86 255
-11.657791 69.762207 -37.500000 0.000000 0.000000 -1.000000 30 42 86 255
-9.275635 59.588867 -37.500000 0.405683 -0.579156 -0.707106 30 42 86 255
-13.321960 80.438477 -37.500000 0.000000 0.000000 -1.000000 30 42 86 255
-10.939804 70.265137 -37.500000 0.000000 0.000000 -1.000000 30 42 86 255
-8.557648 60.091797 -37.500000 0.371105 -0.588629 -0.718190 30 42 86 255
-17.310356 100.941406 -37.500000 -0.139591 0.693192 -0.707107 30 42 86 255
-16.534439 101.097656 -37.500000 -0.139591 0.693192 -0.707107 30 42 86 255
-14.928200 90.768066 -37.500000 0.000000 0.000000 -1.000000 30 42 86 255
-14.152283 90.924316 -37.500000 0.000000 0.000000 -1.000000 30 42 86 255
-12.546043 80.594727 -37.500000 0.000000 0.000000 -1.000000 30 42 86 255
-11.770126 80.750977 -37.500000 0.000000 0.000000 -1.000000 30 42 86 255
-10.163887 70.421387 -37.500000 0.000000 0.000000 -1.000000 30 42 86 255
-8.184044 60.302734 -37.500000 0.347650 -0.615743 -0.707106 30 42 86 255
-9.790283 70.632324 -37.500000 0.000000 0.000000 -1.000000 30 42 86 255
-11.396523 80.961914 -37.500000 0.000000 0.000000 -1.000000 30 42 86 255
-7.810440 60.513672 -37.500000 0.347650 -0.615743 -0.707106 30 42 86 255
-9.416679 70.843262 -37.500000 0.000000 0.000000 -1.000000 30 42 86 255
-7.436836 60.724609 -37.500000 0.347650 -0.615743 -0.707106 30 42 86 255
-11.022919 81.172852 -37.500000 0.000000 0.000000 -1.000000 30 42 86 255
-9.043076 71.054199 -37.500000 0.000000 0.000000 -1.000000 30 42 86 255
-7.063232 60.935547 -37.500000 0.305121 -0.622741 -0.720482 30 42 86 255
-14.193764 101.532227 -37.500000 -0.108135 0.698790 -0.707107 30 42 86 255
-13.404922 101.654297 -37.500000 -0.108135 0.698790 -0.707107 30 42 86 255
-12.213921 91.413574 -37.500000 0.000000 0.000000 -1.000000 30 42 86 255
-11.425079 91.535645 -37.500000 0.000000 0.000000 -1.000000 30 42 86 255
-10.234077 81.294922 -37.500000 0.000000 0.000000 -1.000000 30 42 86 255
-9.445236 81.416992 -37.500000 0.000000 0.000000 -1.000000 30 42 86 255
-8.254234 71.176270 -37.500000 0.000000 0.000000 -1.000000 30 42 86 255
-6.672127 61.099609 -37.500000 0.273529 -0.652060 -0.707107 30 42 86 255
-7.863129 71.340332 -37.500000 0.000000 0.000000 -1.000000 30 42 86 255
-9.054131 81.581055 -37.500000 0.000000 0.000000 -1.000000 30 42 86 255
-6.281021 61.263672 -37.500000 0.273529 -0.652060 -0.707107 30 42 86 255
-7.472023 71.504395 -37.500000 0.000000 0.000000 -1.000000 30 42 86 255
-5.889915 61.427734 -37.500000 0.273529 -0.652060 -0.707107 30 42 86 255
-8.663025 81.745117 -37.500000 0.000000 0.000000 -1.000000 30 42 86 255
-7.080917 71.668457 -37.500000 0.000000 0.000000 -1.000000 30 42 86 255
-5.498810 61.591797 -37.500000 0.222655 -0.654016 -0.722972 30 42 86 255
-11.028061 101.993652 -37.500000 -0.083654 0.702141 -0.707107 30 42 86 255
-10.228882 102.088867 -37.500000 -0.083654 0.702141 -0.707107 30 42 86 255
-9.445953 91.916992 -37.500000 0.000000 0.000000 -1.000000 30 42 86 255
-8.646774 92.012207 -37.500000 0.000000 0.000000 -1.000000 30 42 86 255
-7.863846 81.840332 -37.500000 0.000000 0.000000 -1.000000 30 42 86 255
-7.064667 81.935547 -37.500000 0.000000 0.000000 -1.000000 30 42 86 255
-6.281738 71.763672 -37.500000 0.000000 0.000000 -1.000000 30 42 86 255
-5.087975 61.700684 -37.500000 0.181155 -0.683508 -0.707107 30 42 86 255
-5.870903 71.872559 -37.500000 0.000000 0.000000 -1.000000 30 42 86 255
-6.653831 82.044434 -37.500000 0.000000 0.000000 -1.000000 30 42 86 255
-4.677139 61.809570 -37.500000 0.181155 -0.683508 -0.707107 30 42 86 255
-5.460068 71.981445 -37.500000 0.000000 0.000000 -1.000000 30 42 86 255
-4.266304 61.918457 -37.500000 0.181155 -0.683508 -0.707107 30 42 86 255
-6.242996 82.153320 -37.500000 0.000000 0.000000 -1.000000 30 42 86 255
-5.049232 72.090332 -37.500000 0.000000 0.000000 -1.000000 30 42 86 255
-3.855469 62.027344 -37.500000 0.143530 -0.680246 -0.718794 30 42 86 255
-7.823578 102.354980 -37.500000 -0.066030 0.704017 -0.707107 30 42 86 255
-7.016632 102.430664 -37.500000 -0.066030 0.704017 -0.707107 30 42 86 255
-6.629814 92.291992 -37.500000 0.000000 0.000000 -1.000000 30 42 86 255
-5.822868 92.367676 -37.500000 0.000000 0.000000 -1.000000 30 42 86 255
-5.436050 82.229004 -37.500000 0.000000 0.000000 -1.000000 30 42 86 255
-4.629105 82.304688 -37.500000 0.000000 0.000000 -1.000000 30 42 86 255
-4.242287 72.166016 -37.500000 0.000000 0.000000 -1.000000 30 42 86 255
-3.429298 62.094727 -37.500000 0.110431 -0.698431 -0.707107 30 42 86 255
-3.816116 72.233398 -37.500000 0.000000 0.000000 -1.000000 30 42 86 255
-4.202934 82.372070 -37.500000 0.000000 0.000000 -1.000000 30 42 86 255
-3.003128 62.162109 -37.500000 0.110431 -0.698431 -0.707107 30 42 86 255
-3.389946 72.300781 -37.500000 0.000000 0.000000 -1.000000 30 42 86 255
-2.576958 62.229492 -37.500000 0.110431 -0.698431 -0.707107 30 42 86 255
-3.776764 82.439453 -37.500000 0.000000 0.000000 -1.000000 30 42 86 255
-2.963776 72.368164 -37.500000 0.000000 0.000000 -1.000000 30 42 86 255
-2.150787 62.296875 -37.500000 0.080067 -0.692847 -0.716626 30 42 86 255
-3.775955 102.698730 -37.500000 -0.050595 0.705294 -0.707107 30 42 86 255
-2.149170 102.815430 -37.500000 -0.050595 0.705294 -0.707107 30 42 86 255
-2.962967 92.627441 -37.500000 0.000000 0.000000 -1.000000 30 42 86 255
-1.336182 92.744141 -37.500000 0.000000 0.000000 -1.000000 30 42 86 255
-2.149979 82.556152 -37.500000 0.000000 0.000000 -1.000000 30 42 86 255
-0.523193 82.672852 -37.500000 0.000000 0.000000 -1.000000 30 42 86 255
-1.336990 72.484863 -37.500000 0.000000 0.000000 -1.000000 30 42 86 255
-1.272926 62.361328 -37.500000 0.051777 -0.705209 -0.707107 30 42 86 255
-0.459129 72.549316 -37.500000 0.000000 0.000000 -1.000000 30 42 86 255
0.354668 82.737305 -37.500000 0.000000 0.000000 -1.000000 30 42 86 255
-0.395065 62.425781 -37.500000 0.051777 -0.705209 -0.707107 30 42 86 255
0.418732 72.613770 -37.500000 0.000000 0.000000 -1.000000 30 42 86 255
0.482796 62.490234 -37.500000 0.051777 -0.705209 -0.707107 30 42 86 255
1.232529 82.801758 -37.500000 0.000000 0.000000 -1.000000 30 42 86 255
1.296593 72.678223 -37.500000 0.000000 0.000000 -1.000000 30 42 86 255
2.588470 102.860352 -37.500000 0.089087 0.701472 -0.707107 30 42 86 255
4.072540 102.671875 -37.500000 0.089087 0.701472 -0.707107 30 42 86 255
2.652534 92.736816 -37.500000 0.000000 0.000000 -1.000000 30 42 86 255
4.136604 92.548340 -37.500000 0.000000 0.000000 -1.000000 30 42 86 255
2.716599 82.613281 -37.500000 0.000000 0.000000 -1.000000 30 42 86 255
57.365746 49.472168 37.500000 0.242558 -0.664203 0.707107 30 42 86 255
46.415573 48.141602 37.500000 0.000000 0.000000 1.000000 30 42 86 255
46.865265 46.971680 37.500000 0.000000 0.000000 1.000000 30 42 86 255
36.364784 44.471191 37.500000 0.000000 0.000000 1.000000 30 42 86 255
47.314957 45.801758 37.500000 0.242558 -0.664203 0.707107 30 42 86 255
36.814476 43.301270 37.500000 0.000000 0.000000 1.000000 30 42 86 255
26.313995 40.800781 37.500000 -0.660028 -0.253700 0.707107 30 42 86 255
26.763687 39.630859 37.500000 -0.660028 -0.253700 0.707107 30 42 86 255
25.176468 43.710449 37.500000 -0.652422 -0.272664 0.707107 30 42 86 255
35.676949 46.210938 37.500000 0.000000 0.000000 1.000000 30 42 86 255
46.177429 48.711426 37.500000 0.000000 0.000000 1.000000 30 42 86 255
24.938324 44.280273 37.500000 -0.652422 -0.272664 0.707107 30 42 86 255
35.438805 46.780762 37.500000 0.000000 0.000000 1.000000 30 42 86 255
45.939285 49.281250 37.500000 0.000000 0.000000 1.000000 30 42 86 255
35.200661 47.350586 37.500000 0.000000 0.000000 1.000000 30 42 86 255
24.207901 45.970215 37.500000 -0.641956 -0.296467 0.707107 30 42 86 255
34.946526 47.900879 37.500000 0.000000 0.000000 1.000000 30 42 86 255
45.685150 49.831543 37.500000 0.000000 0.000000 1.000000 30 42 86 255
23.953766 46.520508 37.500000 -0.641956 -0.296467 0.707107 30 42 86 255
34.692390 48.451172 37.500000 0.000000 0.000000 1.000000 30 42 86 255
45.431015 50.381836 37.500000 0.000000 0.000000 1.000000 30 42 86 255
34.438255 49.001465 37.500000 0.000000 0.000000 1.000000 30 42 86 255
44.880127 51.432617 37.500000 0.000000 0.000000 1.000000 30 42 86 255
45.155571 50.907227 37.500000 0.000000 0.000000 1.000000 30 42 86 255
33.887367 50.052246 37.500000 0.000000 0.000000 1.000000 30 42 86 255
34.162811 49.526855 37.500000 0.000000 0.000000 1.000000 30 42 86 255
22.894608 48.671875 37.500000 -0.626260 -0.328326 0.707107 30 42 86 255
23.170052 48.146484 37.500000 -0.626260 -0.328326 0.707107 30 42 86 255
22.041641 50.217773 37.500000 -0.603629 -0.368283 0.707107 30 42 86 255
33.309845 51.072754 37.500000 0.000000 0.000000 1.000000 30 42 86 255
44.578049 51.927734 37.500000 0.000000 0.000000 1.000000 30 42 86 255
21.739563 50.712891 37.500000 -0.603629 -0.368283 0.707107 30 42 86 255
33.007767 51.567871 37.500000 0.000000 0.000000 1.000000 30 42 86 255
44.275970 52.422852 37.500000 0.000000 0.000000 1.000000 30 42 86 255
32.705688 52.062988 37.500000 0.000000 0.000000 1.000000 30 42 86 255
20.801376 52.160645 37.500000 -0.571096 -0.416951 0.707107 30 42 86 255
32.371658 52.520508 37.500000 0.000000 0.000000 1.000000 30 42 86 255
43.941940 52.880371 37.500000 0.000000 0.000000 1.000000 30 42 86 255
20.467346 52.618164 37.500000 -0.571096 -0.416951 0.707107 30 42 86 255
32.037628 52.978027 37.500000 0.000000 0.000000 1.000000 30 42 86 255
43.607910 53.337891 37.500000 0.000000 0.000000 1.000000 30 42 86 255
31.703598 53.435547 37.500000 0.000000 0.000000 1.000000 30 42 86 255
42.865265 54.166992 37.500000 0.000000 0.000000 1.000000 30 42 86 255
43.236588 53.752441 37.500000 0.000000 0.000000 1.000000 30 42 86 255
30.960953 54.264648 37.500000 0.000000 0.000000 1.000000 30 42 86 255
31.332275 53.850098 37.500000 0.000000 0.000000 1.000000 30 42 86 255
19.056641 54.362305 37.500000 -0.526707 -0.471784 0.707107 30 42 86 255
19.427963 53.947754 37.500000 -0.526707 -0.471784 0.707107 30 42 86 255
27.384537 58.085938 37.500000 0.000000 0.000000 1.000000 30 42 86 255
14.321640 58.165527 37.500000 -0.331543 -0.624563 0.707107 30 42 86 255
39.947968 58.271484 37.500000 0.000000 0.000000 1.000000 30 42 86 255
26.885071 58.351074 37.500000 0.000000 0.000000 1.000000 30 42 86 255
39.448502 58.536621 37.500000 0.000000 0.000000 1.000000 30 42 86 255
13.822174 58.430664 37.500000 -0.331543 -0.624563 0.707107 30 42 86 255
26.385605 58.616211 37.500000 0.000000 0.000000 1.000000 30 42 86 255
38.949036 58.801758 37.500000 0.000000 0.000000 1.000000 30 42 86 255
25.886139 58.881348 37.500000 0.000000 0.000000 1.000000 30 42 86 255
12.290283 59.187500 37.500000 -0.276635 -0.650748 0.707107 30 42 86 255
25.353180 59.107910 37.500000 0.000000 0.000000 1.000000 30 42 86 255
38.416077 59.028320 37.500000 0.000000 0.000000 1.000000 30 42 86 255
11.757324 59.414062 37.500000 -0.276635 -0.650748 0.707107 30 42 86 255
24.820221 59.334473 37.500000 0.000000 0.000000 1.000000 30 42 86 255
37.883118 59.254883 37.500000 0.000000 0.000000 1.000000 30 42 86 255
24.287262 59.561035 37.500000 0.000000 0.000000 1.000000 30 42 86 255
36.763672 59.645508 37.500000 0.000000 0.000000 1.000000 30 42 86 255
37.323395 59.450195 37.500000 0.000000 0.000000 1.000000 30 42 86 255
23.167816 59.951660 37.500000 0.000000 0.000000 1.000000 30 42 86 255
23.727539 59.756348 37.500000 0.000000 0.000000 1.000000 30 42 86 255
9.571960 60.257812 37.500000 -0.232966 -0.667628 0.707106 30 42 86 255
10.131683 60.062500 37.500000 -0.232966 -0.667628 0.707106 30 42 86 255
54.497757 3.208008 37.500000 0.496754 0.503225 0.707107 30 42 86 255
56.176575 1.347656 37.500000 0.000000 0.000000 1.000000 30 42 86 255
55.634445 1.984375 37.500000 0.000000 0.000000 1.000000 30 42 86 255
56.771133 0.760742 37.500000 0.000000 0.000000 1.000000 30 42 86 255
55.092316 2.621094 37.500000 0.496754 0.503225 0.707107 30 42 86 255
56.229004 1.397461 37.500000 0.000000 0.000000 1.000000 30 42 86 255
57.365692 0.173828 37.500000 0.538389 0.458407 0.707107 30 42 86 255
56.823563 0.810547 37.500000 0.538389 0.458407 0.707107 30 42 86 255
61.772659 -6.071289 37.500000 0.000000 0.000000 1.000000 30 42 86 255
61.379738 -5.220703 37.500000 0.591320 0.387739 0.707106 30 42 86 255
63.095367 -8.339844 37.500000 0.000000 0.000000 1.000000 30 42 86 255
62.702446 -7.489258 37.500000 0.000000 0.000000 1.000000 30 42 86 255
64.025154 -9.757812 37.500000 0.000000 0.000000 1.000000 30 42 86 255
62.309525 -6.638672 37.500000 0.591320 0.387739 0.707106 30 42 86 255
63.632233 -8.907227 37.500000 0.000000 0.000000 1.000000 30 42 86 255
64.954941 -11.175781 37.500000 0.641926 0.296533 0.707106 30 42 86 255
64.562019 -10.325195 37.500000 0.641926 0.296533 0.707106 30 42 86 255
58.949951 -1.775391 37.500000 0.568434 0.420575 0.707107 30 42 86 255
57.813263 -0.551758 37.500000 0.000000 0.000000 1.000000 30 42 86 255
56.676575 0.671875 37.500000 0.000000 0.000000 1.000000 30 42 86 255
59.449951 -2.451172 37.500000 0.568434 0.420575 0.707107 30 42 86 255
58.313263 -1.227539 37.500000 0.000000 0.000000 1.000000 30 42 86 255
57.176575 -0.003906 37.500000 0.000000 0.000000 1.000000 30 42 86 255
58.813263 -1.903320 37.500000 0.000000 0.000000 1.000000 30 42 86 255
60.135971 -4.171875 37.500000 0.000000 0.000000 1.000000 30 42 86 255
58.499283 -2.272461 37.500000 0.000000 0.000000 1.000000 30 42 86 255
61.458679 -6.440430 37.500000 0.000000 0.000000 1.000000 30 42 86 255
59.821991 -4.541016 37.500000 0.000000 0.000000 1.000000 30 42 86 255
62.781387 -8.708984 37.500000 0.000000 0.000000 1.000000 30 42 86 255
52.626480 4.887695 37.500000 0.459801 0.537199 0.707107 30 42 86 255
56.224236 0.173340 37.500000 0.000000 0.000000 1.000000 30 42 86 255
55.585876 0.719727 37.500000 0.000000 0.000000 1.000000 30 42 86 255
59.183632 -3.994629 37.500000 0.000000 0.000000 1.000000 30 42 86 255
58.545273 -3.448242 37.500000 0.000000 0.000000 1.000000 30 42 86 255
62.143028 -8.162598 37.500000 0.000000 0.000000 1.000000 30 42 86 255
59.285812 -5.159180 37.500000 0.000000 0.000000 1.000000 30 42 86 255
58.915543 -4.303711 37.500000 0.000000 0.000000 1.000000 30 42 86 255
62.883568 -9.873535 37.500000 0.000000 0.000000 1.000000 30 42 86 255
62.513298 -9.018066 37.500000 0.000000 0.000000 1.000000 30 42 86 255
66.481323 -14.587891 37.500000 0.648930 0.280874 0.707107 30 42 86 255
66.111053 -13.732422 37.500000 0.648930 0.280874 0.707107 30 42 86 255
4.619171 -102.708984 37.500000 0.044382 -0.705712 0.707107 30 42 86 255
8.208939 -102.448242 37.500000 0.058104 -0.704715 0.707107 30 42 86 255
5.513420 -102.635254 37.500000 0.000000 0.000000 1.000000 30 42 86 255
6.407669 -102.561523 37.500000 0.000000 0.000000 1.000000 30 42 86 255
2.817902 -102.822266 37.500000 0.044382 -0.705712 0.707107 30 42 86 255
3.712151 -102.748535 37.500000 0.000000 0.000000 1.000000 30 42 86 255
4.606400 -102.674805 37.500000 0.000000 0.000000 1.000000 30 42 86 255
1.910881 -102.861816 37.500000 0.000000 0.000000 1.000000 30 42 86 255
-2.404312 -102.782227 37.500000 -0.114846 -0.697718 0.707107 30 42 86 255
0.291206 -102.595215 37.500000 0.000000 0.000000 1.000000 30 42 86 255
2.986725 -102.408203 37.500000 0.000000 0.000000 1.000000 30 42 86 255
-4.023987 -102.515625 37.500000 -0.114846 -0.697718 0.707107 30 42 86 255
-1.328468 -102.328613 37.500000 0.000000 0.000000 1.000000 30 42 86 255
1.367050 -102.141602 37.500000 0.000000 0.000000 1.000000 30 42 86 255
-2.948143 -102.062012 37.500000 0.000000 0.000000 1.000000 30 42 86 255
11.770630 -102.110352 37.500000 0.075505 -0.703064 0.707107 30 42 86 255
6.568840 -102.125977 37.500000 0.000000 0.000000 1.000000 30 42 86 255
7.455437 -102.030762 37.500000 0.000000 0.000000 1.000000 30 42 86 255
2.253647 -102.046387 37.500000 0.000000 0.000000 1.000000 30 42 86 255
3.140244 -101.951172 37.500000 0.000000 0.000000 1.000000 30 42 86 255
-2.061546 -101.966797 37.500000 0.000000 0.000000 1.000000 30 42 86 255
15.296570 -101.671875 37.500000 0.099082 -0.700131 0.707107 30 42 86 255
9.218407 -101.811523 37.500000 0.000000 0.000000 1.000000 30 42 86 255
10.094780 -101.687500 37.500000 0.000000 0.000000 1.000000 30 42 86 255
4.016617 -101.827148 37.500000 0.000000 0.000000 1.000000 30 42 86 255
4.892990 -101.703125 37.500000 0.000000 0.000000 1.000000 30 42 86 255
-1.185173 -101.842773 37.500000 0.000000 0.000000 1.000000 30 42 86 255
-8.866325 -101.696289 37.500000 -0.124254 -0.696104 0.707107 30 42 86 255
-2.788162 -101.556641 37.500000 0.000000 0.000000 1.000000 30 42 86 255
3.290001 -101.416992 37.500000 0.000000 0.000000 1.000000 30 42 86 255
-10.469315 -101.410156 37.500000 -0.124254 -0.696104 0.707107 30 42 86 255
-4.391151 -101.270508 37.500000 0.000000 0.000000 1.000000 30 42 86 255
1.687012 -101.130859 37.500000 0.000000 0.000000 1.000000 30 42 86 255
-5.994141 -100.984375 37.500000 0.000000 0.000000 1.000000 30 42 86 255
18.776505 -101.106445 37.500000 0.127796 -0.695462 0.707107 30 42 86 255
10.231758 -101.118652 37.500000 0.000000 0.000000 1.000000 30 42 86 255
11.095352 -100.959961 37.500000 0.000000 0.000000 1.000000 30 42 86 255
2.550606 -100.972168 37.500000 0.000000 0.000000 1.000000 30 42 86 255
3.414200 -100.813477 37.500000 0.000000 0.000000 1.000000 30 42 86 255
-5.130547 -100.825684 37.500000 0.000000 0.000000 1.000000 30 42 86 255
22.200241 -100.387695 37.500000 0.162793 -0.688113 0.707106 30 42 86 255
12.807220 -100.600586 37.500000 0.000000 0.000000 1.000000 30 42 86 255
13.655495 -100.399902 37.500000 0.000000 0.000000 1.000000 30 42 86 255
4.262474 -100.612793 37.500000 0.000000 0.000000 1.000000 30 42 86 255
5.110748 -100.412109 37.500000 0.000000 0.000000 1.000000 30 42 86 255
-4.282272 -100.625000 37.500000 0.000000 0.000000 1.000000 30 42 86 255
-15.244934 -100.510254 37.500000 -0.144483 -0.692188 0.707107 30 42 86 255
-5.851913 -100.297363 37.500000 0.000000 0.000000 1.000000 30 42 86 255
3.541107 -100.084473 37.500000 0.000000 0.000000 1.000000 30 42 86 255
-16.814575 -100.182617 37.500000 -0.144483 -0.692188 0.707107 30 42 86 255
-7.421555 -99.969727 37.500000 0.000000 0.000000 1.000000 30 42 86 255
1.971466 -99.756836 37.500000 0.000000 0.000000 1.000000 30 42 86 255
-8.991196 -99.642090 37.500000 0.000000 0.000000 1.000000 30 42 86 255
25.557602 -99.484375 37.500000 0.204572 -0.676868 0.707107 30 42 86 255
13.764534 -99.620605 37.500000 0.000000 0.000000 1.000000 30 42 86 255
14.594940 -99.369629 37.500000 0.000000 0.000000 1.000000 30 42 86 255
2.801872 -99.505859 37.500000 0.000000 0.000000 1.000000 30 42 86 255
3.632278 -99.254883 37.500000 0.000000 0.000000 1.000000 30 42 86 255
-8.160789 -99.391113 37.500000 0.000000 0.000000 1.000000 30 42 86 255
-20.720970 -99.341309 37.500000 -0.166652 -0.687188 0.707107 30 42 86 255
-8.927902 -99.205078 37.500000 0.000000 0.000000 1.000000 30 42 86 255
2.865166 -99.068848 37.500000 0.000000 0.000000 1.000000 30 42 86 255
-21.488083 -99.155273 37.500000 -0.166652 -0.687188 0.707107 30 42 86 255
-9.695015 -99.019043 37.500000 0.000000 0.000000 1.000000 30 42 86 255
2.098053 -98.882812 37.500000 0.000000 0.000000 1.000000 30 42 86 255
-10.462128 -98.833008 37.500000 0.000000 0.000000 1.000000 30 42 86 255
-23.774818 -98.579102 37.500000 -0.185099 -0.682450 0.707107 30 42 86 255
-11.214638 -98.628906 37.500000 0.000000 0.000000 1.000000 30 42 86 255
1.345543 -98.678711 37.500000 0.000000 0.000000 1.000000 30 42 86 255
-24.527328 -98.375000 37.500000 -0.185099 -0.682450 0.707107 30 42 86 255
-11.967148 -98.424805 37.500000 0.000000 0.000000 1.000000 30 42 86 255
0.593033 -98.474609 37.500000 0.000000 0.000000 1.000000 30 42 86 255
-12.719658 -98.220703 37.500000 0.000000 0.000000 1.000000 30 42 86 255
28.838638 -98.369141 37.500000 0.250319 -0.661317 0.707107 30 42 86 255
14.715836 -98.421875 37.500000 0.000000 0.000000 1.000000 30 42 86 255
15.525948 -98.115234 37.500000 0.000000 0.000000 1.000000 30 42 86 255
1.403145 -98.167969 37.500000 0.000000 0.000000 1.000000 30 42 86 255
2.213257 -97.861328 37.500000 0.000000 0.000000 1.000000 30 42 86 255
-11.909546 -97.914062 37.500000 0.000000 0.000000 1.000000 30 42 86 255
-26.768196 -97.742188 37.500000 -0.206434 -0.676302 0.707107 30 42 86 255
-12.645393 -97.689453 37.500000 0.000000 0.000000 1.000000 30 42 86 255
1.477409 -97.636719 37.500000 0.000000 0.000000 1.000000 30 42 86 255
-27.504044 -97.517578 37.500000 -0.206434 -0.676302 0.707107 30 42 86 255
-13.381241 -97.464844 37.500000 0.000000 0.000000 1.000000 30 42 86 255
0.741562 -97.412109 37.500000 0.000000 0.000000 1.000000 30 42 86 255
-14.117088 -97.240234 37.500000 0.000000 0.000000 1.000000 30 42 86 255
32.039398 -97.033203 37.500000 0.294029 -0.643076 0.707107 30 42 86 255
16.390480 -97.222656 37.500000 0.000000 0.000000 1.000000 30 42 86 255
17.180748 -96.861328 37.500000 0.000000 0.000000 1.000000 30 42 86 255
1.531830 -97.050781 37.500000 0.000000 0.000000 1.000000 30 42 86 255
2.322098 -96.689453 37.500000 0.000000 0.000000 1.000000 30 42 86 255
-13.326820 -96.878906 37.500000 0.000000 0.000000 1.000000 30 42 86 255
-29.692825 -96.820312 37.500000 -0.231156 -0.668257 0.707107 30 42 86 255
-14.043907 -96.630859 37.500000 0.000000 0.000000 1.000000 30 42 86 255
1.605011 -96.441406 37.500000 0.000000 0.000000 1.000000 30 42 86 255
-30.409912 -96.572266 37.500000 -0.231156 -0.668257 0.707107 30 42 86 255
-14.760994 -96.382812 37.500000 0.000000 0.000000 1.000000 30 42 86 255
0.887924 -96.193359 37.500000 0.000000 0.000000 1.000000 30 42 86 255
-15.478081 -96.134766 37.500000 0.000000 0.000000 1.000000 30 42 86 255
-32.540337 -95.802734 37.500000 -0.258482 -0.658170 0.707107 30 42 86 255
-16.174332 -95.861328 37.500000 0.000000 0.000000 1.000000 30 42 86 255
0.191673 -95.919922 37.500000 0.000000 0.000000 1.000000 30 42 86 255
-33.236588 -95.529297 37.500000 -0.258482 -0.658170 0.707107 30 42 86 255
-16.870583 -95.587891 37.500000 0.000000 0.000000 1.000000 30 42 86 255
-0.504578 -95.646484 37.500000 0.000000 0.000000 1.000000 30 42 86 255
-17.566833 -95.314453 37.500000 0.000000 0.000000 1.000000 30 42 86 255
35.166229 -95.491211 37.500000 0.331070 -0.624813 0.707107 30 42 86 255
17.330826 -95.568848 37.500000 0.000000 0.000000 1.000000 30 42 86 255
18.103973 -95.159180 37.500000 0.000000 0.000000 1.000000 30 42 86 255
0.268570 -95.236816 37.500000 0.000000 0.000000 1.000000 30 42 86 255
1.041718 -94.827148 37.500000 0.000000 0.000000 1.000000 30 42 86 255
-16.793686 -94.904785 37.500000 0.000000 0.000000 1.000000 30 42 86 255
-35.302399 -94.680176 37.500000 -0.289579 -0.645092 0.707107 30 42 86 255
-17.466995 -94.602539 37.500000 0.000000 0.000000 1.000000 30 42 86 255
0.368408 -94.524902 37.500000 0.000000 0.000000 1.000000 30 42 86 255
-35.975708 -94.377930 37.500000 -0.289579 -0.645092 0.707107 30 42 86 255
-18.140305 -94.300293 37.500000 0.000000 0.000000 1.000000 30 42 86 255
-0.304901 -94.222656 37.500000 0.000000 0.000000 1.000000 30 42 86 255
-18.813614 -93.998047 37.500000 0.000000 0.000000 1.000000 30 42 86 255
38.230362 -93.774414 37.500000 0.359891 -0.608669 0.707107 30 42 86 255
18.962730 -93.998535 37.500000 0.000000 0.000000 1.000000 30 42 86 255
19.721649 -93.549805 37.500000 0.000000 0.000000 1.000000 30 42 86 255
0.454018 -93.773926 37.500000 0.000000 0.000000 1.000000 30 42 86 255
1.212936 -93.325195 37.500000 0.000000 0.000000 1.000000 30 42 86 255
-18.054695 -93.549316 37.500000 0.000000 0.000000 1.000000 30 42 86 255
-37.970650 -93.439941 37.500000 -0.323450 -0.628793 0.707107 30 42 86 255
-18.703018 -93.215820 37.500000 0.000000 0.000000 1.000000 30 42 86 255
0.564613 -92.991699 37.500000 0.000000 0.000000 1.000000 30 42 86 255
-38.618973 -93.106445 37.500000 -0.323450 -0.628793 0.707107 30 42 86 255
-19.351341 -92.882324 37.500000 0.000000 0.000000 1.000000 30 42 86 255
-0.083710 -92.658203 37.500000 0.000000 0.000000 1.000000 30 42 86 255
-19.999664 -92.548828 37.500000 0.000000 0.000000 1.000000 30 42 86 255
-40.536827 -92.073242 37.500000 -0.359096 -0.609139 0.707107 30 42 86 255
-20.620872 -92.182617 37.500000 0.000000 0.000000 1.000000 30 42 86 255
-0.704918 -92.291992 37.500000 0.000000 0.000000 1.000000 30 42 86 255
-41.158035 -91.707031 37.500000 -0.359096 -0.609139 0.707107 30 42 86 255
-21.242081 -91.816406 37.500000 0.000000 0.000000 1.000000 30 42 86 255
-1.326126 -91.925781 37.500000 0.000000 0.000000 1.000000 30 42 86 255
-21.863289 -91.450195 37.500000 0.000000 0.000000 1.000000 30 42 86 255
41.243240 -91.917969 37.500000 0.381778 -0.595185 0.707107 30 42 86 255
19.958557 -91.921875 37.500000 0.000000 0.000000 1.000000 30 42 86 255
20.706078 -91.442383 37.500000 0.000000 0.000000 1.000000 30 42 86 255
-0.578606 -91.446289 37.500000 0.000000 0.000000 1.000000 30 42 86 255
0.168915 -90.966797 37.500000 0.000000 0.000000 1.000000 30 42 86 255
-21.115768 -90.970703 37.500000 0.000000 0.000000 1.000000 30 42 86 255
-42.992485 -90.571777 37.500000 -0.397781 -0.584610 0.707108 30 42 86 255
-21.707802 -90.567871 37.500000 0.000000 0.000000 1.000000 30 42 86 255
-0.423119 -90.563965 37.500000 0.000000 0.000000 1.000000 30 42 86 255
-43.584518 -90.168945 37.500000 -0.397781 -0.584610 0.707108 30 42 86 255
-22.299835 -90.165039 37.500000 0.000000 0.000000 1.000000 30 42 86 255
-1.015152 -90.161133 37.500000 0.000000 0.000000 1.000000 30 42 86 255
-22.891869 -89.762207 37.500000 0.000000 0.000000 1.000000 30 42 86 255
44.216202 -89.951172 37.500000 0.398376 -0.584204 0.707108 30 42 86 255
21.600525 -90.056152 37.500000 0.000000 0.000000 1.000000 30 42 86 255
22.339485 -89.552246 37.500000 0.000000 0.000000 1.000000 30 42 86 255
-0.276192 -89.657227 37.500000 0.000000 0.000000 1.000000 30 42 86 255
0.462769 -89.153320 37.500000 0.000000 0.000000 1.000000 30 42 86 255
-22.152908 -89.258301 37.500000 0.000000 0.000000 1.000000 30 42 86 255
-45.329445 -88.921387 37.500000 -0.437612 -0.555424 0.707107 30 42 86 255
-22.713768 -88.816406 37.500000 0.000000 0.000000 1.000000 30 42 86 255
-0.098091 -88.711426 37.500000 0.000000 0.000000 1.000000 30 42 86 255
-45.890305 -88.479492 37.500000 -0.437612 -0.555424 0.707107 30 42 86 255
-23.274628 -88.374512 37.500000 0.000000 0.000000 1.000000 30 42 86 255
-0.658951 -88.269531 37.500000 0.000000 0.000000 1.000000 30 42 86 255
-23.835487 -87.932617 37.500000 0.000000 0.000000 1.000000 30 42 86 255
-47.541618 -87.116211 37.500000 -0.474590 -0.524180 0.707106 30 42 86 255
-24.365082 -87.453125 37.500000 0.000000 0.000000 1.000000 30 42 86 255
-1.188545 -87.790039 37.500000 0.000000 0.000000 1.000000 30 42 86 255
-48.071213 -86.636719 37.500000 -0.474590 -0.524180 0.707106 30 42 86 255
-24.894676 -86.973633 37.500000 0.000000 0.000000 1.000000 30 42 86 255
-1.718140 -87.310547 37.500000 0.000000 0.000000 1.000000 30 42 86 255
-25.424271 -86.494141 37.500000 0.000000 0.000000 1.000000 30 42 86 255
48.621506 -86.849609 37.500000 0.411357 -0.575140 0.707106 30 42 86 255
23.451683 -87.080078 37.500000 0.000000 0.000000 1.000000 30 42 86 255
24.915375 -86.033203 37.500000 0.000000 0.000000 1.000000 30 42 86 255
-0.254448 -86.263672 37.500000 0.000000 0.000000 1.000000 30 42 86 255
1.209244 -85.216797 37.500000 0.000000 0.000000 1.000000 30 42 86 255
-23.960579 -85.447266 37.500000 0.000000 0.000000 1.000000 30 42 86 255
-49.630623 -85.160645 37.500000 -0.508221 -0.491641 0.707107 30 42 86 255
-24.460800 -84.930176 37.500000 0.000000 0.000000 1.000000 30 42 86 255
0.709023 -84.699707 37.500000 0.000000 0.000000 1.000000 30 42 86 255
-50.130844 -84.643555 37.500000 -0.508221 -0.491641 0.707107 30 42 86 255
-24.961021 -84.413086 37.500000 0.000000 0.000000 1.000000 30 42 86 255
0.208801 -84.182617 37.500000 0.000000 0.000000 1.000000 30 42 86 255
-25.461243 -83.895996 37.500000 0.000000 0.000000 1.000000 30 42 86 255
-51.604065 -83.059082 37.500000 -0.536346 -0.460796 0.707107 30 42 86 255
-25.934021 -83.345703 37.500000 0.000000 0.000000 1.000000 30 42 86 255
-0.263977 -83.632324 37.500000 0.000000 0.000000 1.000000 30 42 86 255
-52.076843 -82.508789 37.500000 -0.536346 -0.460796 0.707107 30 42 86 255
-26.406799 -82.795410 37.500000 0.000000 0.000000 1.000000 30 42 86 255
-0.736755 -83.082031 37.500000 0.000000 0.000000 1.000000 30 42 86 255
-26.879578 -82.245117 37.500000 0.000000 0.000000 1.000000 30 42 86 255
53.711670 -82.236328 37.500000 0.536540 -0.460570 0.707107 30 42 86 255
26.487457 -82.659180 37.500000 0.000000 0.000000 1.000000 30 42 86 255
27.568848 -81.399414 37.500000 0.000000 0.000000 1.000000 30 42 86 255
0.344635 -81.822266 37.500000 0.000000 0.000000 1.000000 30 42 86 255
1.426025 -80.562500 37.500000 0.000000 0.000000 1.000000 30 42 86 255
-25.798187 -80.985352 37.500000 0.000000 0.000000 1.000000 30 42 86 255
-53.469734 -80.825684 37.500000 -0.560822 -0.430672 0.707107 30 42 86 255
-26.245522 -80.402832 37.500000 0.000000 0.000000 1.000000 30 42 86 255
0.978691 -79.979980 37.500000 0.000000 0.000000 1.000000 30 42 86 255
-53.917068 -80.243164 37.500000 -0.560822 -0.430672 0.707107 30 42 86 255
-26.692856 -79.820312 37.500000 0.000000 0.000000 1.000000 30 42 86 255
0.531357 -79.397461 37.500000 0.000000 0.000000 1.000000 30 42 86 255
-27.140190 -79.237793 37.500000 0.000000 0.000000 1.000000 30 42 86 255
56.918121 -78.440430 37.500000 0.547402 -0.447605 0.707107 30 42 86 255
28.724739 -78.918945 37.500000 0.000000 0.000000 1.000000 30 42 86 255
29.246574 -78.280762 37.500000 0.000000 0.000000 1.000000 30 42 86 255
1.053192 -78.759277 37.500000 0.000000 0.000000 1.000000 30 42 86 255
1.575027 -78.121094 37.500000 0.000000 0.000000 1.000000 30 42 86 255
-26.618355 -78.599609 37.500000 0.000000 0.000000 1.000000 30 42 86 255
-55.235550 -78.467285 37.500000 -0.580966 -0.403086 0.707107 30 42 86 255
-27.042168 -77.988770 37.500000 0.000000 0.000000 1.000000 30 42 86 255
1.151215 -77.510254 37.500000 0.000000 0.000000 1.000000 30 42 86 255
-55.659363 -77.856445 37.500000 -0.580966 -0.403086 0.707107 30 42 86 255
-27.465981 -77.377930 37.500000 0.000000 0.000000 1.000000 30 42 86 255
0.727402 -76.899414 37.500000 0.000000 0.000000 1.000000 30 42 86 255
-27.889793 -76.767090 37.500000 0.000000 0.000000 1.000000 30 42 86 255
58.960205 -75.870117 37.500000 0.559827 -0.431965 0.707107 30 42 86 255
29.843803 -76.384766 37.500000 0.000000 0.000000 1.000000 30 42 86 255
30.343010 -75.737793 37.500000 0.000000 0.000000 1.000000 30 42 86 255
1.226608 -76.252441 37.500000 0.000000 0.000000 1.000000 30 42 86 255
1.725815 -75.605469 37.500000 0.000000 0.000000 1.000000 30 42 86 255
-27.390587 -76.120117 37.500000 0.000000 0.000000 1.000000 30 42 86 255
-56.909256 -75.997070 37.500000 -0.598057 -0.377263 0.707107 30 42 86 255
-27.792854 -75.482422 37.500000 0.000000 0.000000 1.000000 30 42 86 255
1.323547 -74.967773 37.500000 0.000000 0.000000 1.000000 30 42 86 255
-57.311523 -75.359375 37.500000 -0.598057 -0.377263 0.707107 30 42 86 255
-28.195122 -74.844727 37.500000 0.000000 0.000000 1.000000 30 42 86 255
0.921280 -74.330078 37.500000 0.000000 0.000000 1.000000 30 42 86 255
-28.597389 -74.207031 37.500000 0.000000 0.000000 1.000000 30 42 86 255
60.896652 -73.253906 37.500000 0.576722 -0.409135 0.707107 30 42 86 255
30.908966 -73.791992 37.500000 0.000000 0.000000 1.000000 30 42 86 255
31.377983 -73.130859 37.500000 0.000000 0.000000 1.000000 30 42 86 255
1.390297 -73.668945 37.500000 0.000000 0.000000 1.000000 30 42 86 255
1.859314 -73.007812 37.500000 0.000000 0.000000 1.000000 30 42 86 255
-28.128372 -73.545898 37.500000 0.000000 0.000000 1.000000 30 42 86 255
-58.498741 -73.421387 37.500000 -0.612319 -0.353645 0.707107 30 42 86 255
-28.511055 -72.883301 37.500000 0.000000 0.000000 1.000000 30 42 86 255
1.476631 -72.345215 37.500000 0.000000 0.000000 1.000000 30 42 86 255
-58.881424 -72.758789 37.500000 -0.612319 -0.353645 0.707107 30 42 86 255
-28.893738 -72.220703 37.500000 0.000000 0.000000 1.000000 30 42 86 255
1.093948 -71.682617 37.500000 0.000000 0.000000 1.000000 30 42 86 255
-29.276421 -71.558105 37.500000 0.000000 0.000000 1.000000 30 42 86 255
62.697311 -70.579102 37.500000 0.596175 -0.380230 0.707107 30 42 86 255
31.895630 -71.130859 37.500000 0.000000 0.000000 1.000000 30 42 86 255
32.326942 -70.454590 37.500000 0.000000 0.000000 1.000000 30 42 86 255
1.525261 -71.006348 37.500000 0.000000 0.000000 1.000000 30 42 86 255
1.956573 -70.330078 37.500000 0.000000 0.000000 1.000000 30 42 86 255
-28.845108 -70.881836 37.500000 0.000000 0.000000 1.000000 30 42 86 255
-60.011841 -70.749512 37.500000 -0.623839 -0.332904 0.707107 30 42 86 255
-29.210159 -70.197754 37.500000 0.000000 0.000000 1.000000 30 42 86 255
1.591522 -69.645996 37.500000 0.000000 0.000000 1.000000 30 42 86 255
-60.376892 -70.065430 37.500000 -0.623839 -0.332904 0.707107 30 42 86 255
-29.575211 -69.513672 37.500000 0.000000 0.000000 1.000000 30 42 86 255
1.226471 -68.961914 37.500000 0.000000 0.000000 1.000000 30 42 86 255
-29.940262 -68.829590 37.500000 0.000000 0.000000 1.000000 30 42 86 255
64.332001 -67.834961 37.500000 0.618320 -0.343046 0.707107 30 42 86 255
32.779236 -68.398438 37.500000 0.000000 0.000000 1.000000 30 42 86 255
33.165268 -67.702637 37.500000 0.000000 0.000000 1.000000 30 42 86 255
1.612503 -68.266113 37.500000 0.000000 0.000000 1.000000 30 42 86 255
1.998535 -67.570312 37.500000 0.000000 0.000000 1.000000 30 42 86 255
-29.554230 -68.133789 37.500000 0.000000 0.000000 1.000000 30 42 86 255
-61.456367 -67.994141 37.500000 -0.633242 -0.314649 0.707107 30 42 86 255
-29.903603 -67.430664 37.500000 0.000000 0.000000 1.000000 30 42 86 255
1.649162 -66.867188 37.500000 0.000000 0.000000 1.000000 30 42 86 255
-61.805740 -67.291016 37.500000 -0.633242 -0.314649 0.707107 30 42 86 255
-30.252975 -66.727539 37.500000 0.000000 0.000000 1.000000 30 42 86 255
1.299789 -66.164062 37.500000 0.000000 0.000000 1.000000 30 42 86 255
-30.602348 -66.024414 37.500000 0.000000 0.000000 1.000000 30 42 86 255
65.770538 -65.006836 37.500000 0.641435 -0.297593 0.707107 30 42 86 255
33.535164 -65.585449 37.500000 0.000000 0.000000 1.000000 30 42 86 255
33.868401 -64.867188 37.500000 0.000000 0.000000 1.000000 30 42 86 255
1.633026 -65.445801 37.500000 0.000000 0.000000 1.000000 30 42 86 255
1.966263 -64.727539 37.500000 0.000000 0.000000 1.000000 30 42 86 255
-30.269112 -65.306152 37.500000 0.000000 0.000000 1.000000 30 42 86 255
1.294922 -63.286133 37.500000 0.000000 0.000000 1.000000 30 42 86 255
1.630592 -64.006836 37.500000 0.000000 0.000000 1.000000 30 42 86 255
-30.940453 -63.864746 37.500000 0.000000 0.000000 1.000000 30 42 86 255
-30.604782 -64.585449 37.500000 0.000000 0.000000 1.000000 30 42 86 255
-63.175827 -64.443359 37.500000 -0.640992 -0.298545 0.707107 30 42 86 255
-62.840157 -65.164062 37.500000 -0.640992 -0.298545 0.707107 30 42 86 255
-60.576920 -41.928711 37.500000 -0.186229 0.682143 0.707107 30 42 86 255
-70.008087 -47.906250 37.500000 -0.660162 -0.253349 0.707107 30 42 86 255
-59.985901 -43.468750 37.500000 0.000000 0.000000 1.000000 30 42 86 255
-59.394882 -45.008789 37.500000 0.000000 0.000000 1.000000 30 42 86 255
-49.963715 -39.031250 37.500000 -0.186229 0.682143 0.707107 30 42 86 255
-49.372696 -40.571289 37.500000 0.000000 0.000000 1.000000 30 42 86 255
-48.781677 -42.111328 37.500000 0.000000 0.000000 1.000000 30 42 86 255
-38.759491 -37.673828 37.500000 0.000000 0.000000 1.000000 30 42 86 255
-67.612671 -54.029297 37.500000 -0.656815 -0.261904 0.707107 30 42 86 255
-58.197174 -48.070312 37.500000 0.000000 0.000000 1.000000 30 42 86 255
-57.590485 -49.591797 37.500000 0.000000 0.000000 1.000000 30 42 86 255
-48.174988 -43.632812 37.500000 0.000000 0.000000 1.000000 30 42 86 255
-47.568298 -45.154297 37.500000 0.000000 0.000000 1.000000 30 42 86 255
-38.152802 -39.195312 37.500000 0.000000 0.000000 1.000000 30 42 86 255
-65.123230 -60.037109 37.500000 -0.649503 -0.279545 0.707107 30 42 86 255
-56.345764 -52.595703 37.500000 0.000000 0.000000 1.000000 30 42 86 255
-55.707733 -54.078125 37.500000 0.000000 0.000000 1.000000 30 42 86 255
-46.930267 -46.636719 37.500000 0.000000 0.000000 1.000000 30 42 86 255
-46.292236 -48.119141 37.500000 0.000000 0.000000 1.000000 30 42 86 255
-37.514771 -40.677734 37.500000 0.000000 0.000000 1.000000 30 42 86 255
-28.309082 -34.665039 37.500000 0.677336 0.203016 0.707107 30 42 86 255
-37.086548 -42.106445 37.500000 0.000000 0.000000 1.000000 30 42 86 255
-45.864014 -49.547852 37.500000 0.000000 0.000000 1.000000 30 42 86 255
-27.880859 -36.093750 37.500000 0.677336 0.203016 0.707107 30 42 86 255
-36.658325 -43.535156 37.500000 0.000000 0.000000 1.000000 30 42 86 255
-45.435791 -50.976562 37.500000 0.000000 0.000000 1.000000 30 42 86 255
-36.230103 -44.963867 37.500000 0.000000 0.000000 1.000000 30 42 86 255
-44.972015 -52.368164 37.500000 0.000000 0.000000 1.000000 30 42 86 255
-45.203903 -51.672363 37.500000 0.000000 0.000000 1.000000 30 42 86 255
-35.766327 -46.355469 37.500000 0.000000 0.000000 1.000000 30 42 86 255
-35.998215 -45.659668 37.500000 0.000000 0.000000 1.000000 30 42 86 255
-26.560638 -40.342773 37.500000 0.670834 0.223567 0.707107 30 42 86 255
-26.792526 -39.646973 37.500000 0.670834 0.223567 0.707107 30 42 86 255
-25.843643 -42.406738 37.500000 0.661734 0.249216 0.707107 30 42 86 255
-35.281219 -47.723633 37.500000 0.000000 0.000000 1.000000 30 42 86 255
-44.718796 -53.040527 37.500000 0.000000 0.000000 1.000000 30 42 86 255
-25.590424 -43.079102 37.500000 0.661734 0.249216 0.707107 30 42 86 255
-35.028000 -48.395996 37.500000 0.000000 0.000000 1.000000 30 42 86 255
-44.465576 -53.712891 37.500000 0.000000 0.000000 1.000000 30 42 86 255
-34.774780 -49.068359 37.500000 0.000000 0.000000 1.000000 30 42 86 255
-24.802307 -45.066406 37.500000 0.647618 0.283886 0.707106 30 42 86 255
-34.493103 -49.710938 37.500000 0.000000 0.000000 1.000000 30 42 86 255
-44.183899 -54.355469 37.500000 0.000000 0.000000 1.000000 30 42 86 255
-24.520630 -45.708984 37.500000 0.647618 0.283886 0.707106 30 42 86 255
-34.211426 -50.353516 37.500000 0.000000 0.000000 1.000000 30 42 86 255
-43.902222 -54.998047 37.500000 0.000000 0.000000 1.000000 30 42 86 255
-33.929749 -50.996094 37.500000 0.000000 0.000000 1.000000 30 42 86 255
-43.267761 -56.203125 37.500000 0.000000 0.000000 1.000000 30 42 86 255
-43.584991 -55.600586 37.500000 0.000000 0.000000 1.000000 30 42 86 255
-33.295288 -52.201172 37.500000 0.000000 0.000000 1.000000 30 42 86 255
-33.612518 -51.598633 37.500000 0.000000 0.000000 1.000000 30 42 86 255
-23.322815 -48.199219 37.500000 0.625687 0.329417 0.707107 30 42 86 255
-23.640045 -47.596680 37.500000 0.625687 0.329417 0.707107 30 42 86 255
-22.328461 -49.962402 37.500000 0.594264 0.383211 0.707107 30 42 86 255
-32.618164 -53.361816 37.500000 0.000000 0.000000 1.000000 30 42 86 255
-42.907867 -56.761230 37.500000 0.000000 0.000000 1.000000 30 42 86 255
-21.968567 -50.520508 37.500000 0.594264 0.383211 0.707107 30 42 86 255
-32.258270 -53.919922 37.500000 0.000000 0.000000 1.000000 30 42 86 255
-42.547974 -57.319336 37.500000 0.000000 0.000000 1.000000 30 42 86 255
-31.898376 -54.478027 37.500000 0.000000 0.000000 1.000000 30 42 86 255
-20.839088 -52.141602 37.500000 0.549076 0.445551 0.707107 30 42 86 255
-31.488686 -54.982910 37.500000 0.000000 0.000000 1.000000 30 42 86 255
-42.138283 -57.824219 37.500000 0.000000 0.000000 1.000000 30 42 86 255
-20.429398 -52.646484 37.500000 0.549076 0.445551 0.707107 30 42 86 255
-31.078995 -55.487793 37.500000 0.000000 0.000000 1.000000 30 42 86 255
-41.728592 -58.329102 37.500000 0.000000 0.000000 1.000000 30 42 86 255
-30.669304 -55.992676 37.500000 0.000000 0.000000 1.000000 30 42 86 255
-41.277130 -58.788086 37.500000 0.000000 0.000000 1.000000 30 42 86 255
-41.502861 -58.558594 37.500000 0.000000 0.000000 1.000000 30 42 86 255
-30.217842 -56.451660 37.500000 0.000000 0.000000 1.000000 30 42 86 255
-30.443573 -56.222168 37.500000 0.000000 0.000000 1.000000 30 42 86 255
-19.158554 -54.115234 37.500000 0.504113 0.495851 0.707108 30 42 86 255
-19.384285 -53.885742 37.500000 0.504113 0.495851 0.707108 30 42 86 255
-18.466248 -54.787598 37.500000 0.468910 0.529267 0.707106 30 42 86 255
-29.751266 -56.894531 37.500000 0.000000 0.000000 1.000000 30 42 86 255
-41.036285 -59.001465 37.500000 0.000000 0.000000 1.000000 30 42 86 255
-18.225403 -55.000977 37.500000 0.468910 0.529267 0.707106 30 42 86 255
-29.510422 -57.107910 37.500000 0.000000 0.000000 1.000000 30 42 86 255
-40.795441 -59.214844 37.500000 0.000000 0.000000 1.000000 30 42 86 255
-29.269577 -57.321289 37.500000 0.000000 0.000000 1.000000 30 42 86 255
-17.487511 -55.624512 37.500000 0.430716 0.560789 0.707106 30 42 86 255
-29.013374 -57.518066 37.500000 0.000000 0.000000 1.000000 30 42 86 255
-40.539238 -59.411621 37.500000 0.000000 0.000000 1.000000 30 42 86 255
-17.231308 -55.821289 37.500000 0.430716 0.560789 0.707106 30 42 86 255
-28.757172 -57.714844 37.500000 0.000000 0.000000 1.000000 30 42 86 255
-40.283035 -59.608398 37.500000 0.000000 0.000000 1.000000 30 42 86 255
-28.500969 -57.911621 37.500000 0.000000 0.000000 1.000000 30 42 86 255
-39.741806 -59.971680 37.500000 0.000000 0.000000 1.000000 30 42 86 255
-40.012421 -59.790039 37.500000 0.000000 0.000000 1.000000 30 42 86 255
-27.959740 -58.274902 37.500000 0.000000 0.000000 1.000000 30 42 86 255
-28.230354 -58.093262 37.500000 0.000000 0.000000 1.000000 30 42 86 255
-16.177673 -56.578125 37.500000 0.394079 0.587113 0.707107 30 42 86 255
-16.448288 -56.396484 37.500000 0.394079 0.587113 0.707107 30 42 86 255
-15.056435 -57.262695 37.500000 0.342637 0.618547 0.707106 30 42 86 255
-27.109116 -58.777832 37.500000 0.000000 0.000000 1.000000 30 42 86 255
-39.161797 -60.292969 37.500000 0.000000 0.000000 1.000000 30 42 86 255
-14.476425 -57.583984 37.500000 0.342637 0.618547 0.707106 30 42 86 255
-26.529106 -59.099121 37.500000 0.000000 0.000000 1.000000 30 42 86 255
-38.581787 -60.614258 37.500000 0.000000 0.000000 1.000000 30 42 86 255
-25.949097 -59.420410 37.500000 0.000000 0.000000 1.000000 30 42 86 255
-12.692085 -58.500000 37.500000 0.283681 0.647708 0.707106 30 42 86 255
-25.324776 -59.693848 37.500000 0.000000 0.000000 1.000000 30 42 86 255
-37.957466 -60.887695 37.500000 0.000000 0.000000 1.000000 30 42 86 255
-12.067764 -58.773438 37.500000 0.283681 0.647708 0.707106 30 42 86 255
-24.700455 -59.967285 37.500000 0.000000 0.000000 1.000000 30 42 86 255
-37.333145 -61.161133 37.500000 0.000000 0.000000 1.000000 30 42 86 255
-24.076134 -60.240723 37.500000 0.000000 0.000000 1.000000 30 42 86 255
-36.013611 -61.631836 37.500000 0.000000 0.000000 1.000000 30 42 86 255
-36.673378 -61.396484 37.500000 0.000000 0.000000 1.000000 30 42 86 255
-22.756599 -60.711426 37.500000 0.000000 0.000000 1.000000 30 42 86 255
-23.416367 -60.476074 37.500000 0.000000 0.000000 1.000000 30 42 86 255
-9.499588 -59.791016 37.500000 0.237576 0.666002 0.707107 30 42 86 255
-10.159355 -59.555664 37.500000 0.237576 0.666002 0.707107 30 42 86 255
-7.493690 -60.468750 37.500000 0.204201 0.676981 0.707106 30 42 86 255
-21.410469 -61.153809 37.500000 0.000000 0.000000 1.000000 30 42 86 255
-35.327248 -61.838867 37.500000 0.000000 0.000000 1.000000 30 42 86 255
-6.807327 -60.675781 37.500000 0.204201 0.676981 0.707106 30 42 86 255
-20.724106 -61.360840 37.500000 0.000000 0.000000 1.000000 30 42 86 255
-34.640884 -62.045898 37.500000 0.000000 0.000000 1.000000 30 42 86 255
-20.037743 -61.567871 37.500000 0.000000 0.000000 1.000000 30 42 86 255
-4.017555 -61.456055 37.500000 0.176927 0.684614 0.707107 30 42 86 255
-18.620697 -61.934082 37.500000 0.000000 0.000000 1.000000 30 42 86 255
-33.223839 -62.412109 37.500000 0.000000 0.000000 1.000000 30 42 86 255
-2.600510 -61.822266 37.500000 0.176927 0.684614 0.707107 30 42 86 255
-17.203651 -62.300293 37.500000 0.000000 0.000000 1.000000 30 42 86 255
-31.806793 -62.778320 37.500000 0.000000 0.000000 1.000000 30 42 86 255
-15.786606 -62.666504 37.500000 0.000000 0.000000 1.000000 30 42 86 255
-15.255936 -63.032227 37.500000 0.000000 0.000000 1.000000 30 42 86 255
17.315109 -63.174316 37.500000 0.000000 0.000000 1.000000 30 42 86 255
0.764252 -62.920410 37.500000 0.000000 0.000000 1.000000 30 42 86 255
33.335297 -63.062500 37.500000 0.000000 0.000000 1.000000 30 42 86 255
16.784439 -62.808594 37.500000 0.000000 0.000000 1.000000 30 42 86 255
1.314484 -62.481934 37.500000 -0.047487 0.705511 0.707106 30 42 86 255
17.865341 -62.735840 37.500000 0.000000 0.000000 1.000000 30 42 86 255
34.416199 -62.989746 37.500000 0.000000 0.000000 1.000000 30 42 86 255
2.395386 -62.409180 37.500000 -0.047487 0.705511 0.707106 30 42 86 255
18.946243 -62.663086 37.500000 0.000000 0.000000 1.000000 30 42 86 255
35.497101 -62.916992 37.500000 0.000000 0.000000 1.000000 30 42 86 255
20.027145 -62.590332 37.500000 0.000000 0.000000 1.000000 30 42 86 255
36.552429 -62.766602 37.500000 0.000000 0.000000 1.000000 30 42 86 255
36.024765 -62.841797 37.500000 0.000000 0.000000 1.000000 30 42 86 255
21.082474 -62.439941 37.500000 0.000000 0.000000 1.000000 30 42 86 255
20.554810 -62.515137 37.500000 0.000000 0.000000 1.000000 30 42 86 255
5.612518 -62.113281 37.500000 -0.099759 0.700035 0.707106 30 42 86 255
5.084854 -62.188477 37.500000 -0.099759 0.700035 0.707106 30 42 86 255
7.180138 -61.840332 37.500000 -0.164523 0.687701 0.707107 30 42 86 255
22.122429 -62.242188 37.500000 0.000000 0.000000 1.000000 30 42 86 255
37.064720 -62.644043 37.500000 0.000000 0.000000 1.000000 30 42 86 255
7.692429 -61.717773 37.500000 -0.164523 0.687701 0.707107 30 42 86 255
22.634720 -62.119629 37.500000 0.000000 0.000000 1.000000 30 42 86 255
37.577011 -62.521484 37.500000 0.000000 0.000000 1.000000 30 42 86 255
23.147011 -61.997070 37.500000 0.000000 0.000000 1.000000 30 42 86 255
9.209564 -61.289551 37.500000 -0.246390 0.662790 0.707107 30 42 86 255
23.639565 -61.813965 37.500000 0.000000 0.000000 1.000000 30 42 86 255
38.069565 -62.338379 37.500000 0.000000 0.000000 1.000000 30 42 86 255
9.702118 -61.106445 37.500000 -0.246390 0.662790 0.707107 30 42 86 255
24.132118 -61.630859 37.500000 0.000000 0.000000 1.000000 30 42 86 255
38.562119 -62.155273 37.500000 0.000000 0.000000 1.000000 30 42 86 255
24.624672 -61.447754 37.500000 0.000000 0.000000 1.000000 30 42 86 255
66.989838 -62.085938 37.500000 0.662643 -0.246788 0.707107 30 42 86 255
52.775978 -62.120605 37.500000 0.000000 0.000000 1.000000 30 42 86 255
53.052391 -61.378418 37.500000 0.000000 0.000000 1.000000 30 42 86 255
38.838531 -61.413086 37.500000 0.000000 0.000000 1.000000 30 42 86 255
39.114944 -60.670898 37.500000 0.000000 0.000000 1.000000 30 42 86 255
24.901085 -60.705566 37.500000 0.000000 0.000000 1.000000 30 42 86 255
11.162231 -60.503418 37.500000 -0.315496 0.632821 0.707106 30 42 86 255
25.376091 -60.468750 37.500000 0.000000 0.000000 1.000000 30 42 86 255
39.589951 -60.434082 37.500000 0.000000 0.000000 1.000000 30 42 86 255
11.637238 -60.266602 37.500000 -0.315496 0.632821 0.707106 30 42 86 255
25.851097 -60.231934 37.500000 0.000000 0.000000 1.000000 30 42 86 255
40.064957 -60.197266 37.500000 0.000000 0.000000 1.000000 30 42 86 255
26.326103 -59.995117 37.500000 0.000000 0.000000 1.000000 30 42 86 255
67.993195 -59.074219 37.500000 0.678216 -0.200058 0.707107 30 42 86 255
54.029076 -59.635742 37.500000 0.000000 0.000000 1.000000 30 42 86 255
54.254341 -58.872070 37.500000 0.000000 0.000000 1.000000 30 42 86 255
40.290222 -59.433594 37.500000 0.000000 0.000000 1.000000 30 42 86 255
40.515488 -58.669922 37.500000 0.000000 0.000000 1.000000 30 42 86 255
26.551369 -59.231445 37.500000 0.000000 0.000000 1.000000 30 42 86 255
13.507988 -59.229004 37.500000 -0.369336 0.602985 0.707107 30 42 86 255
27.472107 -58.667480 37.500000 0.000000 0.000000 1.000000 30 42 86 255
41.436226 -58.105957 37.500000 0.000000 0.000000 1.000000 30 42 86 255
14.428726 -58.665039 37.500000 -0.369336 0.602985 0.707107 30 42 86 255
28.392845 -58.103516 37.500000 0.000000 0.000000 1.000000 30 42 86 255
42.356964 -57.541992 37.500000 0.000000 0.000000 1.000000 30 42 86 255
29.313583 -57.539551 37.500000 0.000000 0.000000 1.000000 30 42 86 255
16.907997 -56.844727 37.500000 -0.520081 0.479078 0.707107 30 42 86 255
29.951378 -56.847168 37.500000 0.000000 0.000000 1.000000 30 42 86 255
42.994759 -56.849609 37.500000 0.000000 0.000000 1.000000 30 42 86 255
17.545792 -56.152344 37.500000 -0.520081 0.479078 0.707107 30 42 86 255
30.589172 -56.154785 37.500000 0.000000 0.000000 1.000000 30 42 86 255
43.632553 -56.157227 37.500000 0.000000 0.000000 1.000000 30 42 86 255
31.226967 -55.462402 37.500000 0.000000 0.000000 1.000000 30 42 86 255
68.806564 -55.981445 37.500000 0.688846 -0.159662 0.707107 30 42 86 255
56.219559 -56.069336 37.500000 0.000000 0.000000 1.000000 30 42 86 255
56.400978 -55.286621 37.500000 0.000000 0.000000 1.000000 30 42 86 255
43.813972 -55.374512 37.500000 0.000000 0.000000 1.000000 30 42 86 255
43.995392 -54.591797 37.500000 0.000000 0.000000 1.000000 30 42 86 255
31.408386 -54.679688 37.500000 0.000000 0.000000 1.000000 30 42 86 255
19.095352 -54.399902 37.500000 -0.567004 0.422500 0.707107 30 42 86 255
31.682358 -54.312012 37.500000 0.000000 0.000000 1.000000 30 42 86 255
44.269363 -54.224121 37.500000 0.000000 0.000000 1.000000 30 42 86 255
19.369324 -54.032227 37.500000 -0.567004 0.422500 0.707107 30 42 86 255
31.956329 -53.944336 37.500000 0.000000 0.000000 1.000000 30 42 86 255
44.543335 -53.856445 37.500000 0.000000 0.000000 1.000000 30 42 86 255
32.230301 -53.576660 37.500000 0.000000 0.000000 1.000000 30 42 86 255
20.137306 -52.904297 37.500000 -0.616824 0.345729 0.707107 30 42 86 255
32.450340 -53.184082 37.500000 0.000000 0.000000 1.000000 30 42 86 255
44.763374 -53.463867 37.500000 0.000000 0.000000 1.000000 30 42 86 255
20.357346 -52.511719 37.500000 -0.616824 0.345729 0.707107 30 42 86 255
32.670380 -52.791504 37.500000 0.000000 0.000000 1.000000 30 42 86 255
44.983414 -53.071289 37.500000 0.000000 0.000000 1.000000 30 42 86 255
32.890419 -52.398926 37.500000 0.000000 0.000000 1.000000 30 42 86 255
69.459167 -52.818359 37.500000 0.695756 -0.126188 0.707107 30 42 86 255
57.221291 -52.944824 37.500000 0.000000 0.000000 1.000000 30 42 86 255
57.366173 -52.145996 37.500000 0.000000 0.000000 1.000000 30 42 86 255
45.128296 -52.272461 37.500000 0.000000 0.000000 1.000000 30 42 86 255
45.273178 -51.473633 37.500000 0.000000 0.000000 1.000000 30 42 86 255
33.035301 -51.600098 37.500000 0.000000 0.000000 1.000000 30 42 86 255
20.952042 -51.304199 37.500000 -0.664013 0.243079 0.707107 30 42 86 255
33.189919 -51.177734 37.500000 0.000000 0.000000 1.000000 30 42 86 255
45.427795 -51.051270 37.500000 0.000000 0.000000 1.000000 30 42 86 255
21.106659 -50.881836 37.500000 -0.664013 0.243079 0.707107 30 42 86 255
33.344536 -50.755371 37.500000 0.000000 0.000000 1.000000 30 42 86 255
45.582413 -50.628906 37.500000 0.000000 0.000000 1.000000 30 42 86 255
33.499153 -50.333008 37.500000 0.000000 0.000000 1.000000 30 42 86 255
21.517334 -49.589844 37.500000 -0.689593 0.156401 0.707107 30 42 86 255
33.600594 -49.885742 37.500000 0.000000 0.000000 1.000000 30 42 86 255
45.683853 -50.181641 37.500000 0.000000 0.000000 1.000000 30 42 86 255
21.618774 -49.142578 37.500000 -0.689593 0.156401 0.707107 30 42 86 255
33.702034 -49.438477 37.500000 0.000000 0.000000 1.000000 30 42 86 255
45.785294 -49.734375 37.500000 0.000000 0.000000 1.000000 30 42 86 255
33.803474 -48.991211 37.500000 0.000000 0.000000 1.000000 30 42 86 255
69.980240 -49.599609 37.500000 0.700017 -0.099883 0.707107 30 42 86 255
57.882767 -49.666992 37.500000 0.000000 0.000000 1.000000 30 42 86 255
57.998421 -48.856445 37.500000 0.000000 0.000000 1.000000 30 42 86 255
45.900948 -48.923828 37.500000 0.000000 0.000000 1.000000 30 42 86 255
46.016602 -48.113281 37.500000 0.000000 0.000000 1.000000 30 42 86 255
33.919128 -48.180664 37.500000 0.000000 0.000000 1.000000 30 42 86 255
70.398987 -46.339844 37.500000 0.702526 -0.080358 0.707107 30 42 86 255
58.207794 -47.226562 37.500000 0.000000 0.000000 1.000000 30 42 86 255
58.301514 -46.407227 37.500000 0.000000 0.000000 1.000000 30 42 86 255
46.110321 -47.293945 37.500000 0.000000 0.000000 1.000000 30 42 86 255
46.204041 -46.474609 37.500000 0.000000 0.000000 1.000000 30 42 86 255
34.012848 -47.361328 37.500000 0.000000 0.000000 1.000000 30 42 86 255
21.935913 -47.312988 37.500000 -0.701886 0.085766 0.707107 30 42 86 255
34.127106 -46.426270 37.500000 0.000000 0.000000 1.000000 30 42 86 255
46.318298 -45.539551 37.500000 0.000000 0.000000 1.000000 30 42 86 255
22.050171 -46.377930 37.500000 -0.701886 0.085766 0.707107 30 42 86 255
34.241364 -45.491211 37.500000 0.000000 0.000000 1.000000 30 42 86 255
46.432556 -44.604492 37.500000 0.000000 0.000000 1.000000 30 42 86 255
34.355621 -44.556152 37.500000 0.000000 0.000000 1.000000 30 42 86 255
46.253281 -43.101562 37.500000 0.000000 0.000000 1.000000 30 42 86 255
46.342918 -43.853027 37.500000 0.000000 0.000000 1.000000 30 42 86 255
34.176346 -43.053223 37.500000 0.000000 0.000000 1.000000 30 42 86 255
34.265984 -43.804688 37.500000 0.000000 0.000000 1.000000 30 42 86 255
22.099411 -43.004883 37.500000 -0.702129 -0.083753 0.707107 30 42 86 255
22.189049 -43.756348 37.500000 -0.702129 -0.083753 0.707107 30 42 86 255
21.844933 -41.138184 37.500000 -0.692464 -0.143155 0.707107 30 42 86 255
34.011505 -41.937988 37.500000 0.000000 0.000000 1.000000 30 42 86 255
46.178078 -42.737793 37.500000 0.000000 0.000000 1.000000 30 42 86 255
21.769730 -40.774414 37.500000 -0.692464 -0.143155 0.707107 30 42 86 255
33.936302 -41.574219 37.500000 0.000000 0.000000 1.000000 30 42 86 255
46.102875 -42.374023 37.500000 0.000000 0.000000 1.000000 30 42 86 255
33.861099 -41.210449 37.500000 0.000000 0.000000 1.000000 30 42 86 255
21.507637 -39.697266 37.500000 -0.673571 -0.215180 0.707107 30 42 86 255
33.749413 -40.860840 37.500000 0.000000 0.000000 1.000000 30 42 86 255
45.991188 -42.024414 37.500000 0.000000 0.000000 1.000000 30 42 86 255
21.395950 -39.347656 37.500000 -0.673571 -0.215180 0.707107 30 42 86 255
33.637726 -40.511230 37.500000 0.000000 0.000000 1.000000 30 42 86 255
45.879501 -41.674805 37.500000 0.000000 0.000000 1.000000 30 42 86 255
33.526039 -40.161621 37.500000 0.000000 0.000000 1.000000 30 42 86 255
70.888290 -41.390625 37.500000 0.704186 -0.064210 0.707107 30 42 86 255
58.383896 -41.532715 37.500000 0.000000 0.000000 1.000000 30 42 86 255
58.534828 -39.877441 37.500000 0.000000 0.000000 1.000000 30 42 86 255
46.030434 -40.019531 37.500000 0.000000 0.000000 1.000000 30 42 86 255
46.181366 -38.364258 37.500000 0.000000 0.000000 1.000000 30 42 86 255
33.676971 -38.506348 37.500000 0.000000 0.000000 1.000000 30 42 86 255
21.017342 -38.314941 37.500000 -0.641060 -0.298400 0.707107 30 42 86 255
33.521736 -38.172852 37.500000 0.000000 0.000000 1.000000 30 42 86 255
46.026131 -38.030762 37.500000 0.000000 0.000000 1.000000 30 42 86 255
20.862106 -37.981445 37.500000 -0.641060 -0.298400 0.707107 30 42 86 255
33.366501 -37.839355 37.500000 0.000000 0.000000 1.000000 30 42 86 255
45.870895 -37.697266 37.500000 0.000000 0.000000 1.000000 30 42 86 255
33.211266 -37.505859 37.500000 0.000000 0.000000 1.000000 30 42 86 255
20.361481 -36.995117 37.500000 -0.607550 -0.361778 0.707107 30 42 86 255
33.021111 -37.186523 37.500000 0.000000 0.000000 1.000000 30 42 86 255
45.680740 -37.377930 37.500000 0.000000 0.000000 1.000000 30 42 86 255
20.171326 -36.675781 37.500000 -0.607550 -0.361778 0.707107 30 42 86 255
32.830956 -36.867188 37.500000 0.000000 0.000000 1.000000 30 42 86 255
45.490585 -37.058594 37.500000 0.000000 0.000000 1.000000 30 42 86 255
32.640800 -36.547852 37.500000 0.000000 0.000000 1.000000 30 42 86 255
71.091278 -36.207031 37.500000 0.706124 0.037276 0.707107 30 42 86 255
58.290932 -36.632812 37.500000 0.000000 0.000000 1.000000 30 42 86 255
58.241493 -35.696289 37.500000 0.000000 0.000000 1.000000 30 42 86 255
45.441147 -36.122070 37.500000 0.000000 0.000000 1.000000 30 42 86 255
45.391708 -35.185547 37.500000 0.000000 0.000000 1.000000 30 42 86 255
32.591362 -35.611328 37.500000 0.000000 0.000000 1.000000 30 42 86 255
19.352463 -35.418945 37.500000 -0.576714 -0.409146 0.707107 30 42 86 255
32.152809 -34.993164 37.500000 0.000000 0.000000 1.000000 30 42 86 255
44.953156 -34.567383 37.500000 0.000000 0.000000 1.000000 30 42 86 255
18.913910 -34.800781 37.500000 -0.576714 -0.409146 0.707107 30 42 86 255
31.714256 -34.375000 37.500000 0.000000 0.000000 1.000000 30 42 86 255
44.514603 -33.949219 37.500000 0.000000 0.000000 1.000000 30 42 86 255
31.275703 -33.756836 37.500000 0.000000 0.000000 1.000000 30 42 86 255
70.851028 -32.471680 37.500000 0.705078 0.053524 0.707107 30 42 86 255
57.682816 -33.210449 37.500000 0.000000 0.000000 1.000000 30 42 86 255
57.612129 -32.279297 37.500000 0.000000 0.000000 1.000000 30 42 86 255
44.443916 -33.018066 37.500000 0.000000 0.000000 1.000000 30 42 86 255
44.373230 -32.086914 37.500000 0.000000 0.000000 1.000000 30 42 86 255
31.205017 -32.825684 37.500000 0.000000 0.000000 1.000000 30 42 86 255
41.983627 -30.313477 37.500000 0.000000 0.000000 1.000000 30 42 86 255
43.178429 -31.200195 37.500000 0.000000 0.000000 1.000000 30 42 86 255
28.815414 -31.052246 37.500000 0.000000 0.000000 1.000000 30 42 86 255
30.010216 -31.938965 37.500000 0.000000 0.000000 1.000000 30 42 86 255
15.647202 -31.791016 37.500000 -0.421405 -0.567818 0.707107 30 42 86 255
16.842003 -32.677734 37.500000 -0.421405 -0.567818 0.707107 30 42 86 255
12.636238 -29.618164 37.500000 -0.382352 -0.594817 0.707107 30 42 86 255
26.999252 -29.766113 37.500000 0.000000 0.000000 1.000000 30 42 86 255
41.362267 -29.914062 37.500000 0.000000 0.000000 1.000000 30 42 86 255
12.014877 -29.218750 37.500000 -0.382352 -0.594817 0.707107 30 42 86 255
26.377892 -29.366699 37.500000 0.000000 0.000000 1.000000 30 42 86 255
40.740906 -29.514648 37.500000 0.000000 0.000000 1.000000 30 42 86 255
25.756531 -28.967285 37.500000 0.000000 0.000000 1.000000 30 42 86 255
10.124344 -28.066895 37.500000 -0.338360 -0.620897 0.707106 30 42 86 255
25.108719 -28.614258 37.500000 0.000000 0.000000 1.000000 30 42 86 255
40.093094 -29.161621 37.500000 0.000000 0.000000 1.000000 30 42 86 255
9.476532 -27.713867 37.500000 -0.338360 -0.620897 0.707106 30 42 86 255
24.460907 -28.261230 37.500000 0.000000 0.000000 1.000000 30 42 86 255
39.445282 -28.808594 37.500000 0.000000 0.000000 1.000000 30 42 86 255
23.813095 -27.908203 37.500000 0.000000 0.000000 1.000000 30 42 86 255
70.483368 -28.768555 37.500000 0.701824 0.086274 0.707107 30 42 86 255
54.964325 -28.788574 37.500000 0.000000 0.000000 1.000000 30 42 86 255
54.851181 -27.868164 37.500000 0.000000 0.000000 1.000000 30 42 86 255
39.332138 -27.888184 37.500000 0.000000 0.000000 1.000000 30 42 86 255
39.218994 -26.967773 37.500000 0.000000 0.000000 1.000000 30 42 86 255
23.699951 -26.987793 37.500000 0.000000 0.000000 1.000000 30 42 86 255
7.509674 -26.696777 37.500000 -0.297291 -0.641574 0.707107 30 42 86 255
23.028717 -26.676758 37.500000 0.000000 0.000000 1.000000 30 42 86 255
38.547760 -26.656738 37.500000 0.000000 0.000000 1.000000 30 42 86 255
6.838440 -26.385742 37.500000 -0.297291 -0.641574 0.707107 30 42 86 255
22.357483 -26.365723 37.500000 0.000000 0.000000 1.000000 30 42 86 255
37.876526 -26.345703 37.500000 0.000000 0.000000 1.000000 30 42 86 255
21.686249 -26.054688 37.500000 0.000000 0.000000 1.000000 30 42 86 255
4.807167 -25.484375 37.500000 -0.265706 -0.655286 0.707107 30 42 86 255
20.997444 -25.775391 37.500000 0.000000 0.000000 1.000000 30 42 86 255
37.187721 -26.066406 37.500000 0.000000 0.000000 1.000000 30 42 86 255
4.118362 -25.205078 37.500000 -0.265706 -0.655286 0.707107 30 42 86 255
20.308640 -25.496094 37.500000 0.000000 0.000000 1.000000 30 42 86 255
36.498917 -25.787109 37.500000 0.000000 0.000000 1.000000 30 42 86 255
19.619835 -25.216797 37.500000 0.000000 0.000000 1.000000 30 42 86 255
69.903351 -25.118164 37.500000 0.693972 0.135656 0.707107 30 42 86 255
53.201134 -25.452637 37.500000 0.000000 0.000000 1.000000 30 42 86 255
53.024269 -24.547852 37.500000 0.000000 0.000000 1.000000 30 42 86 255
36.322052 -24.882324 37.500000 0.000000 0.000000 1.000000 30 42 86 255
36.145187 -23.977539 37.500000 0.000000 0.000000 1.000000 30 42 86 255
19.442970 -24.312012 37.500000 0.000000 0.000000 1.000000 30 42 86 255
1.333847 -24.141113 37.500000 -0.239044 -0.665475 0.707107 30 42 86 255
18.036064 -23.806641 37.500000 0.000000 0.000000 1.000000 30 42 86 255
34.738281 -23.472168 37.500000 0.000000 0.000000 1.000000 30 42 86 255
-0.073059 -23.635742 37.500000 -0.239044 -0.665475 0.707107 30 42 86 255
16.629158 -23.301270 37.500000 0.000000 0.000000 1.000000 30 42 86 255
33.331375 -22.966797 37.500000 0.000000 0.000000 1.000000 30 42 86 255
15.222252 -22.795898 37.500000 0.000000 0.000000 1.000000 30 42 86 255
69.035645 -21.540039 37.500000 0.679013 0.197335 0.707107 30 42 86 255
51.183510 -22.253418 37.500000 0.000000 0.000000 1.000000 30 42 86 255
50.926521 -21.369141 37.500000 0.000000 0.000000 1.000000 30 42 86 255
33.074387 -22.082520 37.500000 0.000000 0.000000 1.000000 30 42 86 255
32.817398 -21.198242 37.500000 0.000000 0.000000 1.000000 30 42 86 255
14.965263 -21.911621 37.500000 0.000000 0.000000 1.000000 30 42 86 255
67.546814 -17.166992 37.500000 0.662238 0.247874 0.707107 30 42 86 255
63.578789 -11.597168 37.500000 0.000000 0.000000 1.000000 30 42 86 255
59.610764 -6.027344 37.500000 0.000000 0.000000 1.000000 30 42 86 255
67.871765 -18.035156 37.500000 0.662238 0.247874 0.707107 30 42 86 255
63.903740 -12.465332 37.500000 0.000000 0.000000 1.000000 30 42 86 255
59.935715 -6.895508 37.500000 0.000000 0.000000 1.000000 30 42 86 255
64.228691 -13.333496 37.500000 0.000000 0.000000 1.000000 30 42 86 255
46.376556 -14.046875 37.500000 0.000000 0.000000 1.000000 30 42 86 255
42.083580 -7.608887 37.500000 0.000000 0.000000 1.000000 30 42 86 255
28.524422 -14.760254 37.500000 0.000000 0.000000 1.000000 30 42 86 255
24.231445 -8.322266 37.500000 0.000000 0.000000 1.000000 30 42 86 255
10.672287 -15.473633 37.500000 0.000000 0.000000 1.000000 30 42 86 255
48.650330 8.030273 37.500000 0.427625 0.563149 0.707107 30 42 86 255
36.440887 -0.145996 37.500000 0.000000 0.000000 1.000000 30 42 86 255
35.091171 0.878906 37.500000 0.000000 0.000000 1.000000 30 42 86 255
22.881729 -7.297363 37.500000 0.000000 0.000000 1.000000 30 42 86 255
21.532013 -6.272461 37.500000 0.000000 0.000000 1.000000 30 42 86 255
9.322571 -14.448730 37.500000 0.000000 0.000000 1.000000 30 42 86 255
42.072952 12.193359 37.500000 0.338357 0.620898 0.707107 30 42 86 255
31.802483 2.960449 37.500000 0.000000 0.000000 1.000000 30 42 86 255
29.863510 4.017090 37.500000 0.000000 0.000000 1.000000 30 42 86 255
19.593040 -5.215820 37.500000 0.000000 0.000000 1.000000 30 42 86 255
17.654068 -4.159180 37.500000 0.000000 0.000000 1.000000 30 42 86 255
7.383598 -13.392090 37.500000 0.000000 0.000000 1.000000 30 42 86 255
36.228912 15.304688 37.500000 0.320070 0.630520 0.707107 30 42 86 255
26.941490 5.572754 37.500000 0.000000 0.000000 1.000000 30 42 86 255
25.958443 6.071777 37.500000 0.000000 0.000000 1.000000 30 42 86 255
16.671021 -3.660156 37.500000 0.000000 0.000000 1.000000 30 42 86 255
15.687973 -3.161133 37.500000 0.000000 0.000000 1.000000 30 42 86 255
6.400551 -12.893066 37.500000 0.000000 0.000000 1.000000 30 42 86 255
32.264557 17.229492 37.500000 0.297505 0.641475 0.707107 30 42 86 255
23.976265 7.034180 37.500000 0.000000 0.000000 1.000000 30 42 86 255
22.977135 7.497559 37.500000 0.000000 0.000000 1.000000 30 42 86 255
14.688843 -2.697754 37.500000 0.000000 0.000000 1.000000 30 42 86 255
13.689713 -2.234375 37.500000 0.000000 0.000000 1.000000 30 42 86 255
5.401421 -12.429688 37.500000 0.000000 0.000000 1.000000 30 42 86 255
28.234802 19.008789 37.500000 0.273627 0.652019 0.707107 30 42 86 255
20.962257 8.387207 37.500000 0.000000 0.000000 1.000000 30 42 86 255
19.946510 8.813477 37.500000 0.000000 0.000000 1.000000 30 42 86 255
12.673965 -1.808105 37.500000 0.000000 0.000000 1.000000 30 42 86 255
11.658218 -1.381836 37.500000 0.000000 0.000000 1.000000 30 42 86 255
4.385674 -12.003418 37.500000 0.000000 0.000000 1.000000 30 42 86 255
24.146622 20.660156 37.500000 0.256011 0.659134 0.707107 30 42 86 255
17.902420 9.639160 37.500000 0.000000 0.000000 1.000000 30 42 86 255
16.874077 10.038574 37.500000 0.000000 0.000000 1.000000 30 42 86 255
10.629875 -0.982422 37.500000 0.000000 0.000000 1.000000 30 42 86 255
9.601532 -0.583008 37.500000 0.000000 0.000000 1.000000 30 42 86 255
3.357330 -11.604004 37.500000 0.000000 0.000000 1.000000 30 42 86 255
17.934494 22.964844 37.500000 0.240913 0.664802 0.707107 30 42 86 255
13.768013 11.190918 37.500000 0.000000 0.000000 1.000000 30 42 86 255
11.690292 11.943848 37.500000 0.000000 0.000000 1.000000 30 42 86 255
7.523811 0.169922 37.500000 0.000000 0.000000 1.000000 30 42 86 255
5.446091 0.922852 37.500000 0.000000 0.000000 1.000000 30 42 86 255
1.279610 -10.851074 37.500000 0.000000 0.000000 1.000000 30 42 86 255
10.659042 25.756836 37.500000 0.269486 0.653741 0.707107 30 42 86 255
8.052567 13.339844 37.500000 0.000000 0.000000 1.000000 30 42 86 255
6.492561 13.982910 37.500000 0.000000 0.000000 1.000000 30 42 86 255
3.886086 1.565918 37.500000 0.000000 0.000000 1.000000 30 42 86 255
2.326080 2.208984 37.500000 0.000000 0.000000 1.000000 30 42 86 255
-0.280396 -10.208008 37.500000 0.000000 0.000000 1.000000 30 42 86 255
4.468155 28.425781 37.500000 0.290332 0.644754 0.707107 30 42 86 255
3.397118 15.317383 37.500000 0.000000 0.000000 1.000000 30 42 86 255
1.861679 16.008789 37.500000 0.000000 0.000000 1.000000 30 42 86 255
0.790642 2.900391 37.500000 0.000000 0.000000 1.000000 30 42 86 255
-0.744797 3.591797 37.500000 0.000000 0.000000 1.000000 30 42 86 255
-1.815834 -9.516602 37.500000 0.000000 0.000000 1.000000 30 42 86 255
-5.071236 -21.824707 37.500000 -0.243253 -0.663949 0.707107 30 42 86 255
-4.000198 -8.716309 37.500000 0.000000 0.000000 1.000000 30 42 86 255
-2.929161 4.392090 37.500000 0.000000 0.000000 1.000000 30 42 86 255
-7.255600 -21.024414 37.500000 -0.243253 -0.663949 0.707107 30 42 86 255
-6.184563 -7.916016 37.500000 0.000000 0.000000 1.000000 30 42 86 255
-5.113525 5.192383 37.500000 0.000000 0.000000 1.000000 30 42 86 255
-8.368927 -7.115723 37.500000 0.000000 0.000000 1.000000 30 42 86 255
-0.104370 30.565430 37.500000 0.318249 0.631441 0.707107 30 42 86 255
-2.608948 17.878906 37.500000 0.000000 0.000000 1.000000 30 42 86 255
-3.359772 18.257324 37.500000 0.000000 0.000000 1.000000 30 42 86 255
-5.864349 5.570801 37.500000 0.000000 0.000000 1.000000 30 42 86 255
-6.615173 5.949219 37.500000 0.000000 0.000000 1.000000 30 42 86 255
-9.119751 -6.737305 37.500000 0.000000 0.000000 1.000000 30 42 86 255
-12.707901 -19.004883 37.500000 -0.254996 -0.659528 0.707107 30 42 86 255
-10.203323 -6.318359 37.500000 0.000000 0.000000 1.000000 30 42 86 255
-7.698746 6.368164 37.500000 0.000000 0.000000 1.000000 30 42 86 255
-13.791473 -18.585938 37.500000 -0.254996 -0.659528 0.707107 30 42 86 255
-11.286896 -5.899414 37.500000 0.000000 0.000000 1.000000 30 42 86 255
-8.782318 6.787109 37.500000 0.000000 0.000000 1.000000 30 42 86 255
-12.370468 -5.480469 37.500000 0.000000 0.000000 1.000000 30 42 86 255
-3.080032 32.133789 37.500000 0.341031 0.619434 0.707106 30 42 86 255
-5.931175 19.460449 37.500000 0.000000 0.000000 1.000000 30 42 86 255
-6.668182 19.866211 37.500000 0.000000 0.000000 1.000000 30 42 86 255
-9.519325 7.192871 37.500000 0.000000 0.000000 1.000000 30 42 86 255
-10.256332 7.598633 37.500000 0.000000 0.000000 1.000000 30 42 86 255
-13.107475 -5.074707 37.500000 0.000000 0.000000 1.000000 30 42 86 255
-17.031860 -17.304688 37.500000 -0.269978 -0.653538 0.707107 30 42 86 255
-14.180717 -4.631348 37.500000 0.000000 0.000000 1.000000 30 42 86 255
-11.329575 8.041992 37.500000 0.000000 0.000000 1.000000 30 42 86 255
-18.105103 -16.861328 37.500000 -0.269978 -0.653538 0.707107 30 42 86 255
-15.253960 -4.187988 37.500000 0.000000 0.000000 1.000000 30 42 86 255
-12.402817 8.485352 37.500000 0.000000 0.000000 1.000000 30 42 86 255
-16.327202 -3.744629 37.500000 0.000000 0.000000 1.000000 30 42 86 255
-7.452103 34.667969 37.500000 0.361306 0.607831 0.707107 30 42 86 255
-9.927460 21.576660 37.500000 0.000000 0.000000 1.000000 30 42 86 255
-11.376488 22.437988 37.500000 0.000000 0.000000 1.000000 30 42 86 255
-13.851845 9.346680 37.500000 0.000000 0.000000 1.000000 30 42 86 255
-15.300873 10.208008 37.500000 0.000000 0.000000 1.000000 30 42 86 255
-17.776230 -2.883301 37.500000 0.000000 0.000000 1.000000 30 42 86 255
-13.885063 23.772949 37.500000 0.000000 0.000000 1.000000 30 42 86 255
-17.419968 11.155273 37.500000 0.000000 0.000000 1.000000 30 42 86 255
-16.360420 10.681641 37.500000 0.000000 0.000000 1.000000 30 42 86 255
-19.895325 -1.936035 37.500000 0.000000 0.000000 1.000000 30 42 86 255
-18.835777 -2.409668 37.500000 0.000000 0.000000 1.000000 30 42 86 255
-22.370682 -15.027344 37.500000 -0.288568 -0.645545 0.707107 30 42 86 255
-21.311134 -15.500977 37.500000 -0.288568 -0.645545 0.707107 30 42 86 255
-13.502007 39.655273 37.500000 0.545453 0.449980 0.707107 30 42 86 255
-21.216309 13.953125 37.500000 0.000000 0.000000 1.000000 30 42 86 255
-17.230659 26.648438 37.500000 0.000000 0.000000 1.000000 30 42 86 255
-20.959312 13.641602 37.500000 0.000000 0.000000 1.000000 30 42 86 255
-13.245010 39.343750 37.500000 0.545453 0.449980 0.707107 30 42 86 255
-16.973663 26.336914 37.500000 0.000000 0.000000 1.000000 30 42 86 255
-20.702316 13.330078 37.500000 0.000000 0.000000 1.000000 30 42 86 255
-16.716667 26.025391 37.500000 0.000000 0.000000 1.000000 30 42 86 255
-12.135803 38.138184 37.500000 0.494582 0.505361 0.707106 30 42 86 255
-16.121452 25.442871 37.500000 0.000000 0.000000 1.000000 30 42 86 255
-20.107101 12.747559 37.500000 0.000000 0.000000 1.000000 30 42 86 255
-11.540588 37.555664 37.500000 0.494582 0.505361 0.707106 30 42 86 255
-15.526237 24.860352 37.500000 0.000000 0.000000 1.000000 30 42 86 255
-19.511887 12.165039 37.500000 0.000000 0.000000 1.000000 30 42 86 255
-14.931023 24.277832 37.500000 0.000000 0.000000 1.000000 30 42 86 255
-26.581696 -13.070312 37.500000 -0.307383 -0.636801 0.707107 30 42 86 255
-23.046791 -0.452637 37.500000 0.000000 0.000000 1.000000 30 42 86 255
-22.000832 -0.957520 37.500000 0.000000 0.000000 1.000000 30 42 86 255
-18.465927 11.660156 37.500000 0.000000 0.000000 1.000000 30 42 86 255
-30.742439 -11.000000 37.500000 -0.322571 -0.629244 0.707107 30 42 86 255
-27.013786 2.006836 37.500000 0.000000 0.000000 1.000000 30 42 86 255
-23.285133 15.013672 37.500000 0.000000 0.000000 1.000000 30 42 86 255
-32.811264 -9.939453 37.500000 -0.322571 -0.629244 0.707107 30 42 86 255
-29.082611 3.067383 37.500000 0.000000 0.000000 1.000000 30 42 86 255
-25.353958 16.074219 37.500000 0.000000 0.000000 1.000000 30 42 86 255
-31.151436 4.127930 37.500000 0.000000 0.000000 1.000000 30 42 86 255
-37.654320 -7.324707 37.500000 -0.405427 -0.579336 0.707106 30 42 86 255
-31.856842 4.621582 37.500000 0.000000 0.000000 1.000000 30 42 86 255
-26.059364 16.567871 37.500000 0.000000 0.000000 1.000000 30 42 86 255
-38.359726 -6.831055 37.500000 -0.405427 -0.579336 0.707106 30 42 86 255
-32.562248 5.115234 37.500000 0.000000 0.000000 1.000000 30 42 86 255
-26.764771 17.061523 37.500000 0.000000 0.000000 1.000000 30 42 86 255
-33.267654 5.608887 37.500000 0.000000 0.000000 1.000000 30 42 86 255
-14.175491 40.639648 37.500000 0.601244 0.372165 0.707106 30 42 86 255
-20.470131 28.850586 37.500000 0.000000 0.000000 1.000000 30 42 86 255
-20.678375 29.187012 37.500000 0.000000 0.000000 1.000000 30 42 86 255
-26.973015 17.397949 37.500000 0.000000 0.000000 1.000000 30 42 86 255
-27.181259 17.734375 37.500000 0.000000 0.000000 1.000000 30 42 86 255
-33.475899 5.945312 37.500000 0.000000 0.000000 1.000000 30 42 86 255
-40.461029 -5.335449 37.500000 -0.419197 -0.569450 0.707107 30 42 86 255
-34.166389 6.453613 37.500000 0.000000 0.000000 1.000000 30 42 86 255
-27.871750 18.242676 37.500000 0.000000 0.000000 1.000000 30 42 86 255
-41.151520 -4.827148 37.500000 -0.419197 -0.569450 0.707107 30 42 86 255
-34.856880 6.961914 37.500000 0.000000 0.000000 1.000000 30 42 86 255
-28.562241 18.750977 37.500000 0.000000 0.000000 1.000000 30 42 86 255
-35.547371 7.470215 37.500000 0.000000 0.000000 1.000000 30 42 86 255
-43.193146 -3.272461 37.500000 -0.446552 -0.548262 0.707107 30 42 86 255
-36.208015 8.008301 37.500000 0.000000 0.000000 1.000000 30 42 86 255
-29.222885 19.289062 37.500000 0.000000 0.000000 1.000000 30 42 86 255
-43.853790 -2.734375 37.500000 -0.446552 -0.548262 0.707107 30 42 86 255
-36.868660 8.546387 37.500000 0.000000 0.000000 1.000000 30 42 86 255
-29.883530 19.827148 37.500000 0.000000 0.000000 1.000000 30 42 86 255
-37.529305 9.084473 37.500000 0.000000 0.000000 1.000000 30 42 86 255
-14.888367 42.044922 37.500000 0.655472 0.265248 0.707107 30 42 86 255
-22.385948 30.936035 37.500000 0.000000 0.000000 1.000000 30 42 86 255
-22.534142 31.302246 37.500000 0.000000 0.000000 1.000000 30 42 86 255
-30.031723 20.193359 37.500000 0.000000 0.000000 1.000000 30 42 86 255
-30.179916 20.559570 37.500000 0.000000 0.000000 1.000000 30 42 86 255
-37.677498 9.450684 37.500000 0.000000 0.000000 1.000000 30 42 86 255
-31.411713 21.721680 37.500000 0.000000 0.000000 1.000000 30 42 86 255
-30.795815 21.140625 37.500000 0.000000 0.000000 1.000000 30 42 86 255
-38.909294 10.612793 37.500000 0.000000 0.000000 1.000000 30 42 86 255
-38.293396 10.031738 37.500000 0.000000 0.000000 1.000000 30 42 86 255
-46.406876 -0.496094 37.500000 -0.485239 -0.514337 0.707107 30 42 86 255
-45.790977 -1.077148 37.500000 -0.485239 -0.514337 0.707107 30 42 86 255
-48.201492 1.299805 37.500000 -0.528725 -0.469521 0.707107 30 42 86 255
-40.088013 11.827637 37.500000 0.000000 0.000000 1.000000 30 42 86 255
-31.974533 22.355469 37.500000 0.000000 0.000000 1.000000 30 42 86 255
-48.764313 1.933594 37.500000 -0.528725 -0.469521 0.707107 30 42 86 255
-40.650833 12.461426 37.500000 0.000000 0.000000 1.000000 30 42 86 255
-32.537354 22.989258 37.500000 0.000000 0.000000 1.000000 30 42 86 255
-41.213654 13.095215 37.500000 0.000000 0.000000 1.000000 30 42 86 255
-50.410416 3.876465 37.500000 -0.560067 -0.431655 0.707107 30 42 86 255
-41.734116 13.770508 37.500000 0.000000 0.000000 1.000000 30 42 86 255
-33.057816 23.664551 37.500000 0.000000 0.000000 1.000000 30 42 86 255
-50.930878 4.551758 37.500000 -0.560067 -0.431655 0.707107 30 42 86 255
-42.254578 14.445801 37.500000 0.000000 0.000000 1.000000 30 42 86 255
-33.578278 24.339844 37.500000 0.000000 0.000000 1.000000 30 42 86 255
-42.775040 15.121094 37.500000 0.000000 0.000000 1.000000 30 42 86 255
-15.381989 43.559570 37.500000 0.685647 0.172883 0.707107 30 42 86 255
-24.480133 33.949707 37.500000 0.000000 0.000000 1.000000 30 42 86 255
-24.578751 34.340820 37.500000 0.000000 0.000000 1.000000 30 42 86 255
-33.676895 24.730957 37.500000 0.000000 0.000000 1.000000 30 42 86 255
-33.775513 25.122070 37.500000 0.000000 0.000000 1.000000 30 42 86 255
-42.873657 15.512207 37.500000 0.000000 0.000000 1.000000 30 42 86 255
-35.716171 27.960938 37.500000 0.000000 0.000000 1.000000 30 42 86 255
-34.745842 26.541504 37.500000 0.000000 0.000000 1.000000 30 42 86 255
-44.814316 18.351074 37.500000 0.000000 0.000000 1.000000 30 42 86 255
-43.843987 16.931641 37.500000 0.000000 0.000000 1.000000 30 42 86 255
-53.912460 8.741211 37.500000 -0.583745 -0.399050 0.707107 30 42 86 255
-52.942131 7.321777 37.500000 -0.583745 -0.399050 0.707107 30 42 86 255
-56.270264 12.436035 37.500000 -0.635641 -0.309775 0.707107 30 42 86 255
-46.201790 20.626465 37.500000 0.000000 0.000000 1.000000 30 42 86 255
-36.133316 28.816895 37.500000 0.000000 0.000000 1.000000 30 42 86 255
-56.687408 13.291992 37.500000 -0.635641 -0.309775 0.707107 30 42 86 255
-46.618935 21.482422 37.500000 0.000000 0.000000 1.000000 30 42 86 255
-36.550461 29.672852 37.500000 0.000000 0.000000 1.000000 30 42 86 255
-47.036079 22.338379 37.500000 0.000000 0.000000 1.000000 30 42 86 255
-57.915077 15.865723 37.500000 -0.643263 -0.293620 0.707107 30 42 86 255
-47.429459 23.200195 37.500000 0.000000 0.000000 1.000000 30 42 86 255
-36.943840 30.534668 37.500000 0.000000 0.000000 1.000000 30 42 86 255
-58.308456 16.727539 37.500000 -0.643263 -0.293620 0.707107 30 42 86 255
-47.822838 24.062012 37.500000 0.000000 0.000000 1.000000 30 42 86 255
-37.337219 31.396484 37.500000 0.000000 0.000000 1.000000 30 42 86 255
-48.216217 24.923828 37.500000 0.000000 0.000000 1.000000 30 42 86 255
-38.028931 33.144531 37.500000 0.000000 0.000000 1.000000 30 42 86 255
-37.683075 32.270508 37.500000 0.000000 0.000000 1.000000 30 42 86 255
-48.907928 26.671875 37.500000 0.000000 0.000000 1.000000 30 42 86 255
-48.562073 25.797852 37.500000 0.000000 0.000000 1.000000 30 42 86 255
-59.786926 20.199219 37.500000 -0.657502 -0.260177 0.707106 30 42 86 255
-59.441071 19.325195 37.500000 -0.657502 -0.260177 0.707106 30 42 86 255
-60.626312 22.391602 37.500000 -0.671019 -0.223012 0.707106 30 42 86 255
-49.401459 27.990234 37.500000 0.000000 0.000000 1.000000 30 42 86 255
-38.176605 33.588867 37.500000 0.000000 0.000000 1.000000 30 42 86 255
-60.773987 22.835938 37.500000 -0.671019 -0.223012 0.707106 30 42 86 255
-49.549133 28.434570 37.500000 0.000000 0.000000 1.000000 30 42 86 255
-38.324280 34.033203 37.500000 0.000000 0.000000 1.000000 30 42 86 255
-49.696808 28.878906 37.500000 0.000000 0.000000 1.000000 30 42 86 255
-61.196220 24.173828 37.500000 -0.680483 -0.192206 0.707106 30 42 86 255
-49.823692 29.328125 37.500000 0.000000 0.000000 1.000000 30 42 86 255
-38.451164 34.482422 37.500000 0.000000 0.000000 1.000000 30 42 86 255
-61.323105 24.623047 37.500000 -0.680483 -0.192206 0.707106 30 42 86 255
-49.950577 29.777344 37.500000 0.000000 0.000000 1.000000 30 42 86 255
-38.578049 34.931641 37.500000 0.000000 0.000000 1.000000 30 42 86 255
-50.077461 30.226562 37.500000 0.000000 0.000000 1.000000 30 42 86 255
-38.957886 36.762695 37.500000 0.000000 0.000000 1.000000 30 42 86 255
-38.767967 35.847168 37.500000 0.000000 0.000000 1.000000 30 42 86 255
-50.457298 32.057617 37.500000 0.000000 0.000000 1.000000 30 42 86 255
-50.267380 31.142090 37.500000 0.000000 0.000000 1.000000 30 42 86 255
-61.956711 27.352539 37.500000 -0.692367 -0.143626 0.707106 30 42 86 255
-61.766792 26.437012 37.500000 -0.692367 -0.143626 0.707106 30 42 86 255
-62.458801 30.116699 37.500000 -0.701115 -0.091859 0.707107 30 42 86 255
-50.769470 33.906250 37.500000 0.000000 0.000000 1.000000 30 42 86 255
-39.080139 37.695801 37.500000 0.000000 0.000000 1.000000 30 42 86 255
-62.581055 31.049805 37.500000 -0.701115 -0.091859 0.707107 30 42 86 255
-50.891724 34.839355 37.500000 0.000000 0.000000 1.000000 30 42 86 255
-39.202393 38.628906 37.500000 0.000000 0.000000 1.000000 30 42 86 255
-51.013977 35.772461 37.500000 0.000000 0.000000 1.000000 30 42 86 255
-62.902725 33.861328 37.500000 -0.704763 -0.057528 0.707107 30 42 86 255
-51.091141 36.717773 37.500000 0.000000 0.000000 1.000000 30 42 86 255
-39.279556 39.574219 37.500000 0.000000 0.000000 1.000000 30 42 86 255
-62.979889 34.806641 37.500000 -0.704763 -0.057528 0.707107 30 42 86 255
-51.168304 37.663086 37.500000 0.000000 0.000000 1.000000 30 42 86 255
-39.356720 40.519531 37.500000 0.000000 0.000000 1.000000 30 42 86 255
-51.245468 38.608398 37.500000 0.000000 0.000000 1.000000 30 42 86 255
-15.808487 45.991211 37.500000 0.700374 0.097350 0.707107 30 42 86 255
-27.582603 43.255371 37.500000 0.000000 0.000000 1.000000 30 42 86 255
-27.697235 44.080078 37.500000 0.000000 0.000000 1.000000 30 42 86 255
-39.471352 41.344238 37.500000 0.000000 0.000000 1.000000 30 42 86 255
-39.585983 42.168945 37.500000 0.000000 0.000000 1.000000 30 42 86 255
-51.360100 39.433105 37.500000 0.000000 0.000000 1.000000 30 42 86 255
-39.437393 47.223633 37.500000 0.000000 0.000000 1.000000 30 42 86 255
-39.511688 44.696289 37.500000 0.000000 0.000000 1.000000 30 42 86 255
-51.211510 44.487793 37.500000 0.000000 0.000000 1.000000 30 42 86 255
-51.285805 41.960449 37.500000 0.000000 0.000000 1.000000 30 42 86 255
-62.985626 41.751953 37.500000 0.000000 0.000000 1.000000 30 42 86 255
-63.059921 39.224609 37.500000 0.000000 0.000000 1.000000 30 42 86 255
-63.094864 43.654297 37.500000 -0.704753 0.057641 0.707107 30 42 86 255
-63.040245 42.703125 37.500000 0.000000 0.000000 1.000000 30 42 86 255
-63.169159 41.126953 37.500000 0.000000 0.000000 1.000000 30 42 86 255
-63.114540 40.175781 37.500000 0.000000 0.000000 1.000000 30 42 86 255
-63.243454 38.599609 37.500000 -0.705944 -0.040537 0.707107 30 42 86 255
-63.188835 37.648438 37.500000 -0.705944 -0.040537 0.707107 30 42 86 255
-62.755913 47.587891 37.500000 -0.703325 0.073032 0.707107 30 42 86 255
-51.056091 47.796387 37.500000 0.000000 0.000000 1.000000 30 42 86 255
-39.356270 48.004883 37.500000 0.000000 0.000000 1.000000 30 42 86 255
-62.674789 48.369141 37.500000 -0.703325 0.073032 0.707107 30 42 86 255
-50.974968 48.577637 37.500000 0.000000 0.000000 1.000000 30 42 86 255
-39.275146 48.786133 37.500000 0.000000 0.000000 1.000000 30 42 86 255
-50.893845 49.358887 37.500000 0.000000 0.000000 1.000000 30 42 86 255
-62.411423 50.704590 37.500000 -0.701132 0.091725 0.707107 30 42 86 255
-50.792725 50.131836 37.500000 0.000000 0.000000 1.000000 30 42 86 255
-39.174026 49.559082 37.500000 0.000000 0.000000 1.000000 30 42 86 255
-62.310303 51.477539 37.500000 -0.701132 0.091725 0.707107 30 42 86 255
-50.691605 50.904785 37.500000 0.000000 0.000000 1.000000 30 42 86 255
-39.072906 50.332031 37.500000 0.000000 0.000000 1.000000 30 42 86 255
-50.590485 51.677734 37.500000 0.000000 0.000000 1.000000 30 42 86 255
-38.817368 51.858398 37.500000 0.000000 0.000000 1.000000 30 42 86 255
-38.945137 51.095215 37.500000 0.000000 0.000000 1.000000 30 42 86 255
-50.334946 53.204102 37.500000 0.000000 0.000000 1.000000 30 42 86 255
-50.462715 52.440918 37.500000 0.000000 0.000000 1.000000 30 42 86 255
-61.852524 54.549805 37.500000 -0.697401 0.116756 0.707106 30 42 86 255
-61.980293 53.786621 37.500000 -0.697401 0.116756 0.707106 30 42 86 255
-61.435890 56.825195 37.500000 -0.691299 0.148680 0.707107 30 42 86 255
-50.046082 54.716309 37.500000 0.000000 0.000000 1.000000 30 42 86 255
-38.656273 52.607422 37.500000 0.000000 0.000000 1.000000 30 42 86 255
-61.274796 57.574219 37.500000 -0.691299 0.148680 0.707107 30 42 86 255
-49.884987 55.465332 37.500000 0.000000 0.000000 1.000000 30 42 86 255
-38.495178 53.356445 37.500000 0.000000 0.000000 1.000000 30 42 86 255
-49.723892 56.214355 37.500000 0.000000 0.000000 1.000000 30 42 86 255
-60.751518 59.805664 37.500000 -0.681938 0.186978 0.707107 30 42 86 255
-49.522804 56.947754 37.500000 0.000000 0.000000 1.000000 30 42 86 255
-38.294090 54.089844 37.500000 0.000000 0.000000 1.000000 30 42 86 255
-60.550430 60.539062 37.500000 -0.681938 0.186978 0.707107 30 42 86 255
-49.321716 57.681152 37.500000 0.000000 0.000000 1.000000 30 42 86 255
-38.093002 54.823242 37.500000 0.000000 0.000000 1.000000 30 42 86 255
-49.120628 58.414551 37.500000 0.000000 0.000000 1.000000 30 42 86 255
-37.597534 56.252930 37.500000 0.000000 0.000000 1.000000 30 42 86 255
-37.845268 55.538086 37.500000 0.000000 0.000000 1.000000 30 42 86 255
-48.625160 59.844238 37.500000 0.000000 0.000000 1.000000 30 42 86 255
-48.872894 59.129395 37.500000 0.000000 0.000000 1.000000 30 42 86 255
-59.652786 63.435547 37.500000 -0.668123 0.231543 0.707107 30 42 86 255
-59.900520 62.720703 37.500000 -0.668123 0.231543 0.707107 30 42 86 255
-58.857384 65.558594 37.500000 -0.648988 0.280740 0.707107 30 42 86 255
-48.077492 61.252441 37.500000 0.000000 0.000000 1.000000 30 42 86 255
-37.297600 56.946289 37.500000 0.000000 0.000000 1.000000 30 42 86 255
-58.557449 66.251953 37.500000 -0.648988 0.280740 0.707107 30 42 86 255
-47.777557 61.945801 37.500000 0.000000 0.000000 1.000000 30 42 86 255
-36.997665 57.639648 37.500000 0.000000 0.000000 1.000000 30 42 86 255
-47.477623 62.639160 37.500000 0.000000 0.000000 1.000000 30 42 86 255
-57.608467 68.312988 37.500000 -0.627940 0.325103 0.707107 30 42 86 255
-47.128510 63.313477 37.500000 0.000000 0.000000 1.000000 30 42 86 255
-36.648552 58.313965 37.500000 0.000000 0.000000 1.000000 30 42 86 255
-57.259354 68.987305 37.500000 -0.627940 0.325103 0.707107 30 42 86 255
-46.779396 63.987793 37.500000 0.000000 0.000000 1.000000 30 42 86 255
-36.299438 58.988281 37.500000 0.000000 0.000000 1.000000 30 42 86 255
-46.430283 64.662109 37.500000 0.000000 0.000000 1.000000 30 42 86 255
-35.516861 60.301758 37.500000 0.000000 0.000000 1.000000 30 42 86 255
-35.908150 59.645020 37.500000 0.000000 0.000000 1.000000 30 42 86 255
-45.647705 65.975586 37.500000 0.000000 0.000000 1.000000 30 42 86 255
-46.038994 65.318848 37.500000 0.000000 0.000000 1.000000 30 42 86 255
-55.778549 71.649414 37.500000 -0.607460 0.361928 0.707107 30 42 86 255
-56.169838 70.992676 37.500000 -0.607460 0.361928 0.707107 30 42 86 255
-54.569557 73.606445 37.500000 -0.589454 0.390568 0.707107 30 42 86 255
-44.830002 67.275879 37.500000 0.000000 0.000000 1.000000 30 42 86 255
-35.090446 60.945312 37.500000 0.000000 0.000000 1.000000 30 42 86 255
-54.143143 74.250000 37.500000 -0.589454 0.390568 0.707107 30 42 86 255
-44.403587 67.919434 37.500000 0.000000 0.000000 1.000000 30 42 86 255
-34.664032 61.588867 37.500000 0.000000 0.000000 1.000000 30 42 86 255
-43.977173 68.562988 37.500000 0.000000 0.000000 1.000000 30 42 86 255
-52.835785 76.168457 37.500000 -0.573859 0.413141 0.707107 30 42 86 255
-43.522644 69.194336 37.500000 0.000000 0.000000 1.000000 30 42 86 255
-34.209503 62.220215 37.500000 0.000000 0.000000 1.000000 30 42 86 255
-52.381256 76.799805 37.500000 -0.573859 0.413141 0.707107 30 42 86 255
-43.068115 69.825684 37.500000 0.000000 0.000000 1.000000 30 42 86 255
-33.754974 62.851562 37.500000 0.000000 0.000000 1.000000 30 42 86 255
-42.613586 70.457031 37.500000 0.000000 0.000000 1.000000 30 42 86 255
-15.843552 49.111328 37.500000 0.701022 -0.092566 0.707107 30 42 86 255
-24.799263 55.981445 37.500000 0.000000 0.000000 1.000000 30 42 86 255
-24.702164 56.716797 37.500000 0.000000 0.000000 1.000000 30 42 86 255
-33.657875 63.586914 37.500000 0.000000 0.000000 1.000000 30 42 86 255
-33.560776 64.322266 37.500000 0.000000 0.000000 1.000000 30 42 86 255
-42.516487 71.192383 37.500000 0.000000 0.000000 1.000000 30 42 86 255
-50.996590 78.686035 37.500000 -0.562223 0.428842 0.707107 30 42 86 255
-42.040878 71.815918 37.500000 0.000000 0.000000 1.000000 30 42 86 255
-33.085167 64.945801 37.500000 0.000000 0.000000 1.000000 30 42 86 255
-50.520981 79.309570 37.500000 -0.562223 0.428842 0.707107 30 42 86 255
-41.565269 72.439453 37.500000 0.000000 0.000000 1.000000 30 42 86 255
-32.609558 65.569336 37.500000 0.000000 0.000000 1.000000 30 42 86 255
-41.089661 73.062988 37.500000 0.000000 0.000000 1.000000 30 42 86 255
-15.486176 51.289062 37.500000 0.688995 -0.159015 0.707107 30 42 86 255
-24.047867 58.429199 37.500000 0.000000 0.000000 1.000000 30 42 86 255
-23.966278 58.782715 37.500000 0.000000 0.000000 1.000000 30 42 86 255
-32.527969 65.922852 37.500000 0.000000 0.000000 1.000000 30 42 86 255
-32.446381 66.276367 37.500000 0.000000 0.000000 1.000000 30 42 86 255
-41.008072 73.416504 37.500000 0.000000 0.000000 1.000000 30 42 86 255
-48.583397 81.789062 37.500000 -0.552064 0.441843 0.707107 30 42 86 255
-40.021706 74.648926 37.500000 0.000000 0.000000 1.000000 30 42 86 255
-31.460014 67.508789 37.500000 0.000000 0.000000 1.000000 30 42 86 255
-47.597031 83.021484 37.500000 -0.552064 0.441843 0.707107 30 42 86 255
-39.035339 75.881348 37.500000 0.000000 0.000000 1.000000 30 42 86 255
-30.473648 68.741211 37.500000 0.000000 0.000000 1.000000 30 42 86 255
-38.048973 77.113770 37.500000 0.000000 0.000000 1.000000 30 42 86 255
-44.335075 86.479004 37.500000 -0.431394 0.560267 0.707107 30 42 86 255
-36.759750 78.106445 37.500000 0.000000 0.000000 1.000000 30 42 86 255
-29.184425 69.733887 37.500000 0.000000 0.000000 1.000000 30 42 86 255
-43.045853 87.471680 37.500000 -0.431394 0.560267 0.707107 30 42 86 255
-35.470528 79.099121 37.500000 0.000000 0.000000 1.000000 30 42 86 255
-27.895203 70.726562 37.500000 0.000000 0.000000 1.000000 30 42 86 255
-34.181305 80.091797 37.500000 0.000000 0.000000 1.000000 30 42 86 255
-15.080505 52.668945 37.500000 0.665224 -0.239744 0.707107 30 42 86 255
-21.487854 61.697754 37.500000 0.000000 0.000000 1.000000 30 42 86 255
-21.366608 62.034180 37.500000 0.000000 0.000000 1.000000 30 42 86 255
-27.773956 71.062988 37.500000 0.000000 0.000000 1.000000 30 42 86 255
-27.652710 71.399414 37.500000 0.000000 0.000000 1.000000 30 42 86 255
-34.060059 80.428223 37.500000 0.000000 0.000000 1.000000 30 42 86 255
-39.815773 89.935059 37.500000 -0.418249 0.570147 0.707107 30 42 86 255
-33.408424 80.906250 37.500000 0.000000 0.000000 1.000000 30 42 86 255
-27.001076 71.877441 37.500000 0.000000 0.000000 1.000000 30 42 86 255
-39.164139 90.413086 37.500000 -0.418249 0.570147 0.707107 30 42 86 255
-32.756790 81.384277 37.500000 0.000000 0.000000 1.000000 30 42 86 255
-26.349442 72.355469 37.500000 0.000000 0.000000 1.000000 30 42 86 255
-32.105156 81.862305 37.500000 0.000000 0.000000 1.000000 30 42 86 255
-37.200790 91.825195 37.500000 -0.401942 0.581758 0.707107 30 42 86 255
-31.445076 82.318359 37.500000 0.000000 0.000000 1.000000 30 42 86 255
-25.689362 72.811523 37.500000 0.000000 0.000000 1.000000 30 42 86 255
-36.540710 92.281250 37.500000 -0.401942 0.581758 0.707107 30 42 86 255
-30.784996 82.774414 37.500000 0.000000 0.000000 1.000000 30 42 86 255
-25.029282 73.267578 37.500000 0.000000 0.000000 1.000000 30 42 86 255
-30.124916 83.230469 37.500000 0.000000 0.000000 1.000000 30 42 86 255
-14.500717 53.972656 37.500000 0.623574 -0.333400 0.707107 30 42 86 255
-19.764999 63.620117 37.500000 0.000000 0.000000 1.000000 30 42 86 255
-19.596352 63.935547 37.500000 0.000000 0.000000 1.000000 30 42 86 255
-24.860634 73.583008 37.500000 0.000000 0.000000 1.000000 30 42 86 255
-24.691986 73.898438 37.500000 0.000000 0.000000 1.000000 30 42 86 255
-29.956268 83.545898 37.500000 0.000000 0.000000 1.000000 30 42 86 255
-34.549232 93.620117 37.500000 -0.379347 0.596738 0.707107 30 42 86 255
-29.284950 83.972656 37.500000 0.000000 0.000000 1.000000 30 42 86 255
-24.020668 74.325195 37.500000 0.000000 0.000000 1.000000 30 42 86 255
-33.877914 94.046875 37.500000 -0.379347 0.596738 0.707107 30 42 86 255
-28.613632 84.399414 37.500000 0.000000 0.000000 1.000000 30 42 86 255
-23.349350 74.751953 37.500000 0.000000 0.000000 1.000000 30 42 86 255
-27.942314 84.826172 37.500000 0.000000 0.000000 1.000000 30 42 86 255
-13.750046 55.201172 37.500000 0.581554 -0.402238 0.707106 30 42 86 255
-18.549698 64.976562 37.500000 0.000000 0.000000 1.000000 30 42 86 255
-18.343010 65.275391 37.500000 0.000000 0.000000 1.000000 30 42 86 255
-23.142662 75.050781 37.500000 0.000000 0.000000 1.000000 30 42 86 255
-22.935974 75.349609 37.500000 0.000000 0.000000 1.000000 30 42 86 255
-27.735626 85.125000 37.500000 0.000000 0.000000 1.000000 30 42 86 255
-31.849899 95.290527 37.500000 -0.349803 0.614523 0.707107 30 42 86 255
-27.050247 85.515137 37.500000 0.000000 0.000000 1.000000 30 42 86 255
-22.250595 75.739746 37.500000 0.000000 0.000000 1.000000 30 42 86 255
-31.164520 95.680664 37.500000 -0.349803 0.614523 0.707107 30 42 86 255
-26.364868 85.905273 37.500000 0.000000 0.000000 1.000000 30 42 86 255
-21.565216 76.129883 37.500000 0.000000 0.000000 1.000000 30 42 86 255
-25.679489 86.295410 37.500000 0.000000 0.000000 1.000000 30 42 86 255
-29.091507 96.807617 37.500000 -0.313011 0.634054 0.707107 30 42 86 255
-24.977234 86.642090 37.500000 0.000000 0.000000 1.000000 30 42 86 255
-20.862961 76.476562 37.500000 0.000000 0.000000 1.000000 30 42 86 255
-28.389252 97.154297 37.500000 -0.313011 0.634054 0.707107 30 42 86 255
-24.274979 86.988770 37.500000 0.000000 0.000000 1.000000 30 42 86 255
-20.160706 76.823242 37.500000 0.000000 0.000000 1.000000 30 42 86 255
-23.572723 87.335449 37.500000 0.000000 0.000000 1.000000 30 42 86 255
-12.383133 56.939453 37.500000 0.542508 -0.453525 0.707107 30 42 86 255
-16.271919 66.881348 37.500000 0.000000 0.000000 1.000000 30 42 86 255
-15.795151 67.451660 37.500000 0.000000 0.000000 1.000000 30 42 86 255
-19.683937 77.393555 37.500000 0.000000 0.000000 1.000000 30 42 86 255
-19.207169 77.963867 37.500000 0.000000 0.000000 1.000000 30 42 86 255
-23.095955 87.905762 37.500000 0.000000 0.000000 1.000000 30 42 86 255
-17.763382 78.556641 37.500000 0.000000 0.000000 1.000000 30 42 86 255
-18.485275 78.260254 37.500000 0.000000 0.000000 1.000000 30 42 86 255
-21.652168 88.498535 37.500000 0.000000 0.000000 1.000000 30 42 86 255
-22.374062 88.202148 37.500000 0.000000 0.000000 1.000000 30 42 86 255
-25.540955 98.440430 37.500000 -0.268562 0.654121 0.707107 30 42 86 255
-26.262848 98.144043 37.500000 -0.268562 0.654121 0.707107 30 42 86 255
-23.354843 99.275879 37.500000 -0.219720 0.672104 0.707107 30 42 86 255
-20.187950 89.037598 37.500000 0.000000 0.000000 1.000000 30 42 86 255
-17.021057 78.799316 37.500000 0.000000 0.000000 1.000000 30 42 86 255
-22.612518 99.518555 37.500000 -0.219720 0.672104 0.707107 30 42 86 255
-19.445625 89.280273 37.500000 0.000000 0.000000 1.000000 30 42 86 255
-16.278732 79.041992 37.500000 0.000000 0.000000 1.000000 30 42 86 255
-18.703300 89.522949 37.500000 0.000000 0.000000 1.000000 30 42 86 255
-20.367470 100.199219 37.500000 -0.175914 0.684875 0.707107 30 42 86 255
-17.942902 89.718262 37.500000 0.000000 0.000000 1.000000 30 42 86 255
-15.518333 79.237305 37.500000 0.000000 0.000000 1.000000 30 42 86 255
-19.607071 100.394531 37.500000 -0.175914 0.684875 0.707107 30 42 86 255
-17.182503 89.913574 37.500000 0.000000 0.000000 1.000000 30 42 86 255
-14.757935 79.432617 37.500000 0.000000 0.000000 1.000000 30 42 86 255
-16.422104 90.108887 37.500000 0.000000 0.000000 1.000000 30 42 86 255
-9.993622 59.085938 37.500000 0.405683 -0.579156 0.707106 30 42 86 255
-12.375778 69.259277 37.500000 0.000000 0.000000 1.000000 30 42 86 255
-11.657791 69.762207 37.500000 0.000000 0.000000 1.000000 30 42 86 255
-14.039948 79.935547 37.500000 0.000000 0.000000 1.000000 30 42 86 255
-13.321960 80.438477 37.500000 0.000000 0.000000 1.000000 30 42 86 255
-15.704117 90.611816 37.500000 0.000000 0.000000 1.000000 30 42 86 255
-17.310356 100.941406 37.500000 -0.139591 0.693192 0.707107 30 42 86 255
-14.928200 90.768066 37.500000 0.000000 0.000000 1.000000 30 42 86 255
-12.546043 80.594727 37.500000 0.000000 0.000000 1.000000 30 42 86 255
-16.534439 101.097656 37.500000 -0.139591 0.693192 0.707107 30 42 86 255
-14.152283 90.924316 37.500000 0.000000 0.000000 1.000000 30 42 86 255
-11.770126 80.750977 37.500000 0.000000 0.000000 1.000000 30 42 86 255
-13.376366 91.080566 37.500000 0.000000 0.000000 1.000000 30 42 86 255
-7.810440 60.513672 37.500000 0.347650 -0.615743 0.707106 30 42 86 255
-9.790283 70.632324 37.500000 0.000000 0.000000 1.000000 30 42 86 255
-9.416679 70.843262 37.500000 0.000000 0.000000 1.000000 30 42 86 255
-11.396523 80.961914 37.500000 0.000000 0.000000 1.000000 30 42 86 255
-11.022919 81.172852 37.500000 0.000000 0.000000 1.000000 30 42 86 255
-13.002762 91.291504 37.500000 0.000000 0.000000 1.000000 30 42 86 255
-14.193764 101.532227 37.500000 -0.108135 0.698789 0.707107 30 42 86 255
-12.213921 91.413574 37.500000 0.000000 0.000000 1.000000 30 42 86 255
-10.234077 81.294922 37.500000 0.000000 0.000000 1.000000 30 42 86 255
-13.404922 101.654297 37.500000 -0.108135 0.698789 0.707107 30 42 86 255
-11.425079 91.535645 37.500000 0.000000 0.000000 1.000000 30 42 86 255
-9.445236 81.416992 37.500000 0.000000 0.000000 1.000000 30 42 86 255
-10.636238 91.657715 37.500000 0.000000 0.000000 1.000000 30 42 86 255
-6.281021 61.263672 37.500000 0.273529 -0.652060 0.707107 30 42 86 255
-7.863129 71.340332 37.500000 0.000000 0.000000 1.000000 30 42 86 255
-7.472023 71.504395 37.500000 0.000000 0.000000 1.000000 30 42 86 255
-9.054131 81.581055 37.500000 0.000000 0.000000 1.000000 30 42 86 255
-8.663025 81.745117 37.500000 0.000000 0.000000 1.000000 30 42 86 255
-10.245132 91.821777 37.500000 0.000000 0.000000 1.000000 30 42 86 255
-11.028061 101.993652 37.500000 -0.083654 0.702141 0.707107 30 42 86 255
-9.445953 91.916992 37.500000 0.000000 0.000000 1.000000 30 42 86 255
-7.863846 81.840332 37.500000 0.000000 0.000000 1.000000 30 42 86 255
-10.228882 102.088867 37.500000 -0.083654 0.702141 0.707107 30 42 86 255
-8.646774 92.012207 37.500000 0.000000 0.000000 1.000000 30 42 86 255
-7.064667 81.935547 37.500000 0.000000 0.000000 1.000000 30 42 86 255
-7.847595 92.107422 37.500000 0.000000 0.000000 1.000000 30 42 86 255
-4.677139 61.809570 37.500000 0.181155 -0.683508 0.707107 30 42 86 255
-5.870903 71.872559 37.500000 0.000000 0.000000 1.000000 30 42 86 255
-5.460068 71.981445 37.500000 0.000000 0.000000 1.000000 30 42 86 255
-6.653831 82.044434 37.500000 0.000000 0.000000 1.000000 30 42 86 255
-6.242996 82.153320 37.500000 0.000000 0.000000 1.000000 30 42 86 255
-7.436760 92.216309 37.500000 0.000000 0.000000 1.000000 30 42 86 255
-7.823578 102.354980 37.500000 -0.066030 0.704017 0.707107 30 42 86 255
-6.629814 92.291992 37.500000 0.000000 0.000000 1.000000 30 42 86 255
-5.436050 82.229004 37.500000 0.000000 0.000000 1.000000 30 42 86 255
-7.016632 102.430664 37.500000 -0.066030 0.704017 0.707107 30 42 86 255
-5.822868 92.367676 37.500000 0.000000 0.000000 1.000000 30 42 86 255
-4.629105 82.304688 37.500000 0.000000 0.000000 1.000000 30 42 86 255
-5.015923 92.443359 37.500000 0.000000 0.000000 1.000000 30 42 86 255
-3.003128 62.162109 37.500000 0.110431 -0.698431 0.707107 30 42 86 255
-3.816116 72.233398 37.500000 0.000000 0.000000 1.000000 30 42 86 255
-3.389946 72.300781 37.500000 0.000000 0.000000 1.000000 30 42 86 255
-4.202934 82.372070 37.500000 0.000000 0.000000 1.000000 30 42 86 255
-3.776764 82.439453 37.500000 0.000000 0.000000 1.000000 30 42 86 255
-4.589752 92.510742 37.500000 0.000000 0.000000 1.000000 30 42 86 255
-3.775955 102.698730 37.500000 -0.050595 0.705294 0.707107 30 42 86 255
-2.962967 92.627441 37.500000 0.000000 0.000000 1.000000 30 42 86 255
-2.149979 82.556152 37.500000 0.000000 0.000000 1.000000 30 42 86 255
-2.149170 102.815430 37.500000 -0.050595 0.705294 0.707107 30 42 86 255
-1.336182 92.744141 37.500000 0.000000 0.000000 1.000000 30 42 86 255
-0.523193 82.672852 37.500000 0.000000 0.000000 1.000000 30 42 86 255
0.290604 92.860840 37.500000 0.000000 0.000000 1.000000 30 42 86 255
-0.395065 62.425781 37.500000 0.051777 -0.705209 0.707107 30 42 86 255
-0.459129 72.549316 37.500000 0.000000 0.000000 1.000000 30 42 86 255
0.418732 72.613770 37.500000 0.000000 0.000000 1.000000 30 42 86 255
0.354668 82.737305 37.500000 0.000000 0.000000 1.000000 30 42 86 255
1.232529 82.801758 37.500000 0.000000 0.000000 1.000000 30 42 86 255
1.168465 92.925293 37.500000 0.000000 0.000000 1.000000 30 42 86 255
4.200668 82.424805 37.500000 0.000000 0.000000 1.000000 30 42 86 255
2.716599 82.613281 37.500000 0.000000 0.000000 1.000000 30 42 86 255
4.136604 92.548340 37.500000 0.000000 0.000000 1.000000 30 42 86 255
2.652534 92.736816 37.500000 0.000000 0.000000 1.000000 30 42 86 255
4.072540 102.671875 37.500000 0.089087 0.701472 0.707107 30 42 86 255
2.588470 102.860352 37.500000 0.089087 0.701472 0.707107 30 42 86 255
8.510765 102.086914 37.500000 0.099064 0.700133 0.707107 30 42 86 255
7.090759 92.151855 37.500000 0.000000 0.000000 1.000000 30 42 86 255
5.670753 82.216797 37.500000 0.000000 0.000000 1.000000 30 42 86 255
9.980850 101.878906 37.500000 0.099064 0.700133 0.707107 30 42 86 255
8.560844 91.943848 37.500000 0.000000 0.000000 1.000000 30 42 86 255
7.140839 82.008789 37.500000 0.000000 0.000000 1.000000 30 42 86 255
10.030930 91.735840 37.500000 0.000000 0.000000 1.000000 30 42 86 255
14.363129 101.218750 37.500000 0.118030 0.697187 0.707107 30 42 86 255
11.473038 91.491699 37.500000 0.000000 0.000000 1.000000 30 42 86 255
8.582947 81.764648 37.500000 0.000000 0.000000 1.000000 30 42 86 255
15.805237 100.974609 37.500000 0.118030 0.697187 0.707107 30 42 86 255
12.915146 91.247559 37.500000 0.000000 0.000000 1.000000 30 42 86 255
10.025055 81.520508 37.500000 0.000000 0.000000 1.000000 30 42 86 255
14.357254 91.003418 37.500000 0.000000 0.000000 1.000000 30 42 86 255
12.825378 80.921875 37.500000 0.000000 0.000000 1.000000 30 42 86 255
11.425217 81.221191 37.500000 0.000000 0.000000 1.000000 30 42 86 255
17.157578 90.404785 37.500000 0.000000 0.000000 1.000000 30 42 86 255
15.757416 90.704102 37.500000 0.000000 0.000000 1.000000 30 42 86 255
21.489777 99.887695 37.500000 0.147820 0.691483 0.707107 30 42 86 255
20.089615 100.187012 37.500000 0.147820 0.691483 0.707107 30 42 86 255
24.970078 99.112793 37.500000 0.177437 0.684482 0.707107 30 42 86 255
19.237717 89.929199 37.500000 0.000000 0.000000 1.000000 30 42 86 255
13.505356 80.745605 37.500000 0.000000 0.000000 1.000000 30 42 86 255
25.650055 98.936523 37.500000 0.177437 0.684482 0.707107 30 42 86 255
19.917694 89.752930 37.500000 0.000000 0.000000 1.000000 30 42 86 255
14.185333 80.569336 37.500000 0.000000 0.000000 1.000000 30 42 86 255
20.597672 89.576660 37.500000 0.000000 0.000000 1.000000 30 42 86 255
27.674255 98.386719 37.500000 0.201305 0.677846 0.707107 30 42 86 255
21.261917 89.379395 37.500000 0.000000 0.000000 1.000000 30 42 86 255
14.849579 80.372070 37.500000 0.000000 0.000000 1.000000 30 42 86 255
28.338501 98.189453 37.500000 0.201305 0.677846 0.707107 30 42 86 255
21.926163 89.182129 37.500000 0.000000 0.000000 1.000000 30 42 86 255
15.513824 80.174805 37.500000 0.000000 0.000000 1.000000 30 42 86 255
22.590408 88.984863 37.500000 0.000000 0.000000 1.000000 30 42 86 255
16.807343 79.733398 37.500000 0.000000 0.000000 1.000000 30 42 86 255
16.160583 79.954102 37.500000 0.000000 0.000000 1.000000 30 42 86 255
23.883926 88.543457 37.500000 0.000000 0.000000 1.000000 30 42 86 255
23.237167 88.764160 37.500000 0.000000 0.000000 1.000000 30 42 86 255
30.960510 97.353516 37.500000 0.228366 0.669215 0.707107 30 42 86 255
30.313751 97.574219 37.500000 0.228366 0.669215 0.707107 30 42 86 255
32.881561 96.666992 37.500000 0.257270 0.658645 0.707107 30 42 86 255
25.158218 88.077637 37.500000 0.000000 0.000000 1.000000 30 42 86 255
17.434875 79.488281 37.500000 0.000000 0.000000 1.000000 30 42 86 255
33.509094 96.421875 37.500000 0.257270 0.658645 0.707107 30 42 86 255
25.785751 87.832520 37.500000 0.000000 0.000000 1.000000 30 42 86 255
18.062408 79.243164 37.500000 0.000000 0.000000 1.000000 30 42 86 255
26.413284 87.587402 37.500000 0.000000 0.000000 1.000000 30 42 86 255
35.370712 95.658203 37.500000 0.290604 0.644631 0.707107 30 42 86 255
27.019836 87.313965 37.500000 0.000000 0.000000 1.000000 30 42 86 255
18.668961 78.969727 37.500000 0.000000 0.000000 1.000000 30 42 86 255
35.977264 95.384766 37.500000 0.290604 0.644631 0.707107 30 42 86 255
27.626389 87.040527 37.500000 0.000000 0.000000 1.000000 30 42 86 255
19.275513 78.696289 37.500000 0.000000 0.000000 1.000000 30 42 86 255
28.232941 86.767090 37.500000 0.000000 0.000000 1.000000 30 42 86 255
20.443176 78.090820 37.500000 0.000000 0.000000 1.000000 30 42 86 255
19.859344 78.393555 37.500000 0.000000 0.000000 1.000000 30 42 86 255
29.400604 86.161621 37.500000 0.000000 0.000000 1.000000 30 42 86 255
28.816772 86.464355 37.500000 0.000000 0.000000 1.000000 30 42 86 255
38.358032 94.232422 37.500000 0.325499 0.627735 0.707106 30 42 86 255
37.774200 94.535156 37.500000 0.325499 0.627735 0.707106 30 42 86 255
40.085052 93.291016 37.500000 0.364061 0.606184 0.707107 30 42 86 255
30.543793 85.522949 37.500000 0.000000 0.000000 1.000000 30 42 86 255
21.002533 77.754883 37.500000 0.000000 0.000000 1.000000 30 42 86 255
40.644409 92.955078 37.500000 0.364061 0.606184 0.707107 30 42 86 255
31.103149 85.187012 37.500000 0.000000 0.000000 1.000000 30 42 86 255
21.561890 77.418945 37.500000 0.000000 0.000000 1.000000 30 42 86 255
31.662506 84.851074 37.500000 0.000000 0.000000 1.000000 30 42 86 255
42.296257 91.913574 37.500000 0.402887 0.581104 0.707107 30 42 86 255
32.195641 84.481445 37.500000 0.000000 0.000000 1.000000 30 42 86 255
22.095024 77.049316 37.500000 0.000000 0.000000 1.000000 30 42 86 255
42.829391 91.543945 37.500000 0.402887 0.581104 0.707107 30 42 86 255
32.728775 84.111816 37.500000 0.000000 0.000000 1.000000 30 42 86 255
22.628159 76.679688 37.500000 0.000000 0.000000 1.000000 30 42 86 255
33.261909 83.742188 37.500000 0.000000 0.000000 1.000000 30 42 86 255
23.639221 75.866211 37.500000 0.000000 0.000000 1.000000 30 42 86 255
23.133690 76.272949 37.500000 0.000000 0.000000 1.000000 30 42 86 255
34.272972 82.928711 37.500000 0.000000 0.000000 1.000000 30 42 86 255
33.767441 83.335449 37.500000 0.000000 0.000000 1.000000 30 42 86 255
44.906723 89.991211 37.500000 0.443262 0.550926 0.707107 30 42 86 255
44.401192 90.397949 37.500000 0.443262 0.550926 0.707107 30 42 86 255
46.396606 88.736328 37.500000 0.479275 0.519900 0.707107 30 42 86 255
35.257324 82.080566 37.500000 0.000000 0.000000 1.000000 30 42 86 255
24.118042 75.424805 37.500000 0.000000 0.000000 1.000000 30 42 86 255
46.875427 88.294922 37.500000 0.479275 0.519900 0.707107 30 42 86 255
35.736145 81.639160 37.500000 0.000000 0.000000 1.000000 30 42 86 255
24.596863 74.983398 37.500000 0.000000 0.000000 1.000000 30 42 86 255
36.214966 81.197754 37.500000 0.000000 0.000000 1.000000 30 42 86 255
48.286949 86.937500 37.500000 0.511036 0.488716 0.707106 30 42 86 255
36.668846 80.723145 37.500000 0.000000 0.000000 1.000000 30 42 86 255
25.050743 74.508789 37.500000 0.000000 0.000000 1.000000 30 42 86 255
48.740829 86.462891 37.500000 0.511036 0.488716 0.707106 30 42 86 255
37.122726 80.248535 37.500000 0.000000 0.000000 1.000000 30 42 86 255
25.504623 74.034180 37.500000 0.000000 0.000000 1.000000 30 42 86 255
37.576607 79.773926 37.500000 0.000000 0.000000 1.000000 30 42 86 255
26.366104 73.024414 37.500000 0.000000 0.000000 1.000000 30 42 86 255
25.935364 73.529297 37.500000 0.000000 0.000000 1.000000 30 42 86 255
38.438087 78.764160 37.500000 0.000000 0.000000 1.000000 30 42 86 255
38.007347 79.269043 37.500000 0.000000 0.000000 1.000000 30 42 86 255
50.510071 84.503906 37.500000 0.537936 0.458939 0.707107 30 42 86 255
50.079330 85.008789 37.500000 0.537936 0.458939 0.707107 30 42 86 255
51.780914 82.960938 37.500000 0.560873 0.430606 0.707107 30 42 86 255
39.278191 77.726074 37.500000 0.000000 0.000000 1.000000 30 42 86 255
26.775467 72.491211 37.500000 0.000000 0.000000 1.000000 30 42 86 255
52.190277 82.427734 37.500000 0.560873 0.430606 0.707107 30 42 86 255
39.687553 77.192871 37.500000 0.000000 0.000000 1.000000 30 42 86 255
27.184830 71.958008 37.500000 0.000000 0.000000 1.000000 30 42 86 255
40.096916 76.659668 37.500000 0.000000 0.000000 1.000000 30 42 86 255
53.398766 80.802246 37.500000 0.580061 0.404388 0.707107 30 42 86 255
40.486679 76.100586 37.500000 0.000000 0.000000 1.000000 30 42 86 255
27.574593 71.398926 37.500000 0.000000 0.000000 1.000000 30 42 86 255
53.788528 80.243164 37.500000 0.580061 0.404388 0.707107 30 42 86 255
40.876442 75.541504 37.500000 0.000000 0.000000 1.000000 30 42 86 255
27.964355 70.839844 37.500000 0.000000 0.000000 1.000000 30 42 86 255
41.266205 74.982422 37.500000 0.000000 0.000000 1.000000 30 42 86 255
28.708313 69.674805 37.500000 0.000000 0.000000 1.000000 30 42 86 255
28.336334 70.257324 37.500000 0.000000 0.000000 1.000000 30 42 86 255
42.010162 73.817383 37.500000 0.000000 0.000000 1.000000 30 42 86 255
41.638184 74.399902 37.500000 0.000000 0.000000 1.000000 30 42 86 255
55.312012 77.959961 37.500000 0.595963 0.380563 0.707107 30 42 86 255
54.940033 78.542480 37.500000 0.595963 0.380563 0.707107 30 42 86 255
56.411903 76.190918 37.500000 0.609198 0.358995 0.707107 30 42 86 255
42.738075 72.630859 37.500000 0.000000 0.000000 1.000000 30 42 86 255
29.064247 69.070801 37.500000 0.000000 0.000000 1.000000 30 42 86 255
56.767838 75.586914 37.500000 0.609198 0.358995 0.707107 30 42 86 255
43.094009 72.026855 37.500000 0.000000 0.000000 1.000000 30 42 86 255
29.420181 68.466797 37.500000 0.000000 0.000000 1.000000 30 42 86 255
43.449944 71.422852 37.500000 0.000000 0.000000 1.000000 30 42 86 255
58.150627 73.117676 37.500000 0.624274 0.332087 0.707107 30 42 86 255
44.120865 70.161621 37.500000 0.000000 0.000000 1.000000 30 42 86 255
30.091103 67.205566 37.500000 0.000000 0.000000 1.000000 30 42 86 255
58.821548 71.856445 37.500000 0.624274 0.332087 0.707107 30 42 86 255
44.791786 68.900391 37.500000 0.000000 0.000000 1.000000 30 42 86 255
30.762024 65.944336 37.500000 0.000000 0.000000 1.000000 30 42 86 255
45.462708 67.639160 37.500000 0.000000 0.000000 1.000000 30 42 86 255
16.689507 62.931152 37.500000 0.000000 0.000000 1.000000 30 42 86 255
32.018356 63.307617 37.500000 0.000000 0.000000 1.000000 30 42 86 255
31.390190 64.625977 37.500000 0.000000 0.000000 1.000000 30 42 86 255
46.719040 65.002441 37.500000 0.000000 0.000000 1.000000 30 42 86 255
46.090874 66.320801 37.500000 0.000000 0.000000 1.000000 30 42 86 255
61.419724 66.697266 37.500000 0.638348 0.304157 0.707107 30 42 86 255
60.791557 68.015625 37.500000 0.638348 0.304157 0.707107 30 42 86 255
7.872688 60.820801 37.500000 -0.201486 -0.677794 0.707106 30 42 86 255
22.028267 60.319336 37.500000 0.000000 0.000000 1.000000 30 42 86 255
36.183846 59.817871 37.500000 0.000000 0.000000 1.000000 30 42 86 255
7.292862 60.993164 37.500000 -0.201486 -0.677794 0.707106 30 42 86 255
21.448441 60.491699 37.500000 0.000000 0.000000 1.000000 30 42 86 255
35.604019 59.990234 37.500000 0.000000 0.000000 1.000000 30 42 86 255
20.868614 60.664062 37.500000 0.000000 0.000000 1.000000 30 42 86 255
4.940071 61.642090 37.500000 -0.174694 -0.685188 0.707107 30 42 86 255
19.675476 60.968262 37.500000 0.000000 0.000000 1.000000 30 42 86 255
34.410881 60.294434 37.500000 0.000000 0.000000 1.000000 30 42 86 255
3.746933 61.946289 37.500000 -0.174694 -0.685188 0.707107 30 42 86 255
18.482338 61.272461 37.500000 0.000000 0.000000 1.000000 30 42 86 255
33.217743 60.598633 37.500000 0.000000 0.000000 1.000000 30 42 86 255
17.289200 61.576660 37.500000 0.000000 0.000000 1.000000 30 42 86 255
63.875443 61.351562 37.500000 0.646570 0.286265 0.707107 30 42 86 255
48.546593 60.975098 37.500000 0.000000 0.000000 1.000000 30 42 86 255
47.946899 62.329590 37.500000 0.000000 0.000000 1.000000 30 42 86 255
32.618050 61.953125 37.500000 0.000000 0.000000 1.000000 30 42 86 255
17.900063 55.556641 37.500000 -0.467837 -0.530216 0.707106 30 42 86 255
30.175697 55.044434 37.500000 0.000000 0.000000 1.000000 30 42 86 255
42.451332 54.532227 37.500000 0.000000 0.000000 1.000000 30 42 86 255
17.486130 55.921875 37.500000 -0.467837 -0.530216 0.707106 30 42 86 255
29.761765 55.409668 37.500000 0.000000 0.000000 1.000000 30 42 86 255
42.037399 54.897461 37.500000 0.000000 0.000000 1.000000 30 42 86 255
29.347832 55.774902 37.500000 0.000000 0.000000 1.000000 30 42 86 255
16.198975 56.964355 37.500000 -0.397348 -0.584907 0.707106 30 42 86 255
28.888542 56.086914 37.500000 0.000000 0.000000 1.000000 30 42 86 255
41.578110 55.209473 37.500000 0.000000 0.000000 1.000000 30 42 86 255
15.739685 57.276367 37.500000 -0.397348 -0.584907 0.707106 30 42 86 255
28.429253 56.398926 37.500000 0.000000 0.000000 1.000000 30 42 86 255
41.118820 55.521484 37.500000 0.000000 0.000000 1.000000 30 42 86 255
27.969963 56.710938 37.500000 0.000000 0.000000 1.000000 30 42 86 255
66.245682 55.892578 37.500000 0.650593 0.276999 0.707107 30 42 86 255
53.682251 55.707031 37.500000 0.000000 0.000000 1.000000 30 42 86 255
53.096825 57.082031 37.500000 0.000000 0.000000 1.000000 30 42 86 255
40.533394 56.896484 37.500000 0.000000 0.000000 1.000000 30 42 86 255
1.104401 103.048828 18.750000 0.027352 0.999626 0.000000 30 42 86 255
2.588470 102.860352 18.750000 0.125988 0.992032 0.000000 30 42 86 255
4.072540 102.671875 18.750000 0.125988 0.992032 0.000000 30 42 86 255
1.104401 103.048828 0.000000 0.027352 0.999626 0.000000 30 42 86 255
2.588470 102.860352 0.000000 0.125988 0.992032 0.000000 30 42 86 255
4.072540 102.671875 0.000000 0.125988 0.992032 0.000000 30 42 86 255
2.588470 102.860352 -18.750000 0.125988 0.992032 0.000000 30 42 86 255
4.072540 102.671875 -18.750000 0.125988 0.992032 0.000000 30 42 86 255
5.556610 102.483398 0.000000 0.125988 0.992032 0.000000 30 42 86 255
5.556610 102.483398 -18.750000 0.125988 0.992032 0.000000 30 42 86 255
7.040680 102.294922 0.000000 0.133046 0.991110 0.000000 30 42 86 255
7.040680 102.294922 -18.750000 0.133046 0.991110 0.000000 30 42 86 255
8.510765 102.086914 18.750000 0.140098 0.990138 0.000000 30 42 86 255
9.980850 101.878906 18.750000 0.140098 0.990138 0.000000 30 42 86 255
8.510765 102.086914 0.000000 0.140098 0.990138 0.000000 30 42 86 255
9.980850 101.878906 0.000000 0.140098 0.990138 0.000000 30 42 86 255
8.510765 102.086914 -18.750000 0.140098 0.990138 0.000000 30 42 86 255
9.980850 101.878906 -18.750000 0.140098 0.990138 0.000000 30 42 86 255
11.450935 101.670898 0.000000 0.140098 0.990138 0.000000 30 42 86 255
11.450935 101.670898 -18.750000 0.140098 0.990138 0.000000 30 42 86 255
12.921021 101.462891 0.000000 0.153523 0.988145 0.000000 30 42 86 255
12.921021 101.462891 -18.750000 0.153523 0.988145 0.000000 30 42 86 255
14.363129 101.218750 18.750000 0.166919 0.985971 0.000000 30 42 86 255
15.805237 100.974609 18.750000 0.166919 0.985971 0.000000 30 42 86 255
14.363129 101.218750 0.000000 0.166919 0.985971 0.000000 30 42 86 255
15.805237 100.974609 0.000000 0.166919 0.985971 0.000000 30 42 86 255
14.363129 101.218750 -18.750000 0.166919 0.985971 0.000000 30 42 86 255
15.805237 100.974609 -18.750000 0.166919 0.985971 0.000000 30 42 86 255
17.247345 100.730469 0.000000 0.166919 0.985971 0.000000 30 42 86 255
17.247345 100.730469 -18.750000 0.166919 0.985971 0.000000 30 42 86 255
18.689453 100.486328 0.000000 0.188028 0.982164 0.000000 30 42 86 255
18.689453 100.486328 -18.750000 0.188028 0.982164 0.000000 30 42 86 255
20.089615 100.187012 18.750000 0.209049 0.977905 0.000000 30 42 86 255
21.489777 99.887695 18.750000 0.209049 0.977905 0.000000 30 42 86 255
20.089615 100.187012 0.000000 0.209049 0.977905 0.000000 30 42 86 255
21.489777 99.887695 0.000000 0.209049 0.977905 0.000000 30 42 86 255
20.089615 100.187012 -18.750000 0.209049 0.977905 0.000000 30 42 86 255
21.489777 99.887695 -18.750000 0.209049 0.977905 0.000000 30 42 86 255
22.889938 99.588379 0.000000 0.209049 0.977905 0.000000 30 42 86 255
22.889938 99.588379 -18.750000 0.209049 0.977905 0.000000 30 42 86 255
24.290100 99.289062 0.000000 0.230045 0.973180 0.000000 30 42 86 255
24.290100 99.289062 -18.750000 0.230045 0.973180 0.000000 30 42 86 255
24.970078 99.112793 18.750000 0.250934 0.968004 0.000000 30 42 86 255
25.650055 98.936523 18.750000 0.250934 0.968004 0.000000 30 42 86 255
24.970078 99.112793 0.000000 0.250934 0.968004 0.000000 30 42 86 255
25.650055 98.936523 0.000000 0.250934 0.968004 0.000000 30 42 86 255
24.970078 99.112793 -18.750000 0.250934 0.968004 0.000000 30 42 86 255
25.650055 98.936523 -18.750000 0.250934 0.968004 0.000000 30 42 86 255
26.330032 98.760254 0.000000 0.250934 0.968004 0.000000 30 42 86 255
26.330032 98.760254 -18.750000 0.250934 0.968004 0.000000 30 42 86 255
27.010010 98.583984 0.000000 0.267852 0.963460 0.000000 30 42 86 255
27.010010 98.583984 -18.750000 0.267852 0.963460 0.000000 30 42 86 255
27.674255 98.386719 18.750000 0.284688 0.958620 0.000000 30 42 86 255
28.338501 98.189453 18.750000 0.284688 0.958620 0.000000 30 42 86 255
27.674255 98.386719 0.000000 0.284688 0.958620 0.000000 30 42 86 255
28.338501 98.189453 0.000000 0.284688 0.958620 0.000000 30 42 86 255
27.674255 98.386719 -18.750000 0.284688 0.958620 0.000000 30 42 86 255
28.338501 98.189453 -18.750000 0.284688 0.958620 0.000000 30 42 86 255
29.002747 97.992188 0.000000 0.284688 0.958620 0.000000 30 42 86 255
29.002747 97.992188 -18.750000 0.284688 0.958620 0.000000 30 42 86 255
29.666992 97.794922 0.000000 0.303885 0.952709 0.000000 30 42 86 255
29.666992 97.794922 -18.750000 0.303885 0.952709 0.000000 30 42 86 255
30.313751 97.574219 18.750000 0.322959 0.946413 0.000000 30 42 86 255
30.960510 97.353516 18.750000 0.322959 0.946413 0.000000 30 42 86 255
30.313751 97.574219 0.000000 0.322959 0.946413 0.000000 30 42 86 255
30.960510 97.353516 0.000000 0.322959 0.946413 0.000000 30 42 86 255
30.313751 97.574219 -18.750000 0.322959 0.946413 0.000000 30 42 86 255
30.960510 97.353516 -18.750000 0.322958 0.946413 0.000000 30 42 86 255
31.607269 97.132812 0.000000 0.322958 0.946413 0.000000 30 42 86 255
31.607269 97.132812 -18.750000 0.322958 0.946413 0.000000 30 42 86 255
32.254028 96.912109 0.000000 0.343478 0.939161 0.000000 30 42 86 255
32.254028 96.912109 -18.750000 0.343478 0.939161 0.000000 30 42 86 255
32.881561 96.666992 18.750000 0.363834 0.931464 0.000000 30 42 86 255
33.509094 96.421875 18.750000 0.363834 0.931464 0.000000 30 42 86 255
32.881561 96.666992 0.000000 0.363834 0.931464 0.000000 30 42 86 255
33.509094 96.421875 0.000000 0.363834 0.931464 0.000000 30 42 86 255
32.881561 96.666992 -18.750000 0.363834 0.931464 0.000000 30 42 86 255
33.509094 96.421875 -18.750000 0.363834 0.931464 0.000000 30 42 86 255
34.136627 96.176758 0.000000 0.363834 0.931464 0.000000 30 42 86 255
34.136627 96.176758 -18.750000 0.363834 0.931464 0.000000 30 42 86 255
34.764160 95.931641 0.000000 0.387532 0.921856 0.000000 30 42 86 255
34.764160 95.931641 -18.750000 0.387532 0.921856 0.000000 30 42 86 255
35.370712 95.658203 18.750000 0.410976 0.911646 0.000000 30 42 86 255
35.977264 95.384766 18.750000 0.410976 0.911646 0.000000 30 42 86 255
35.370712 95.658203 0.000000 0.410976 0.911646 0.000000 30 42 86 255
35.977264 95.384766 0.000000 0.410976 0.911646 0.000000 30 42 86 255
35.370712 95.658203 -18.750000 0.410976 0.911646 0.000000 30 42 86 255
35.977264 95.384766 -18.750000 0.410976 0.911646 0.000000 30 42 86 255
36.583817 95.111328 0.000000 0.410976 0.911646 0.000000 30 42 86 255
36.583817 95.111328 -18.750000 0.410976 0.911646 0.000000 30 42 86 255
37.190369 94.837891 0.000000 0.435814 0.900037 0.000000 30 42 86 255
37.190369 94.837891 -18.750000 0.435814 0.900037 0.000000 30 42 86 255
37.774200 94.535156 18.750000 0.460325 0.887750 0.000000 30 42 86 255
38.358032 94.232422 18.750000 0.460325 0.887750 0.000000 30 42 86 255
37.774200 94.535156 0.000000 0.460325 0.887750 0.000000 30 42 86 255
38.358032 94.232422 0.000000 0.460325 0.887750 0.000000 30 42 86 255
37.774200 94.535156 -18.750000 0.460325 0.887750 0.000000 30 42 86 255
38.358032 94.232422 -18.750000 0.460325 0.887750 0.000000 30 42 86 255
38.941864 93.929688 0.000000 0.460325 0.887750 0.000000 30 42 86 255
38.941864 93.929688 -18.750000 0.460325 0.887750 0.000000 30 42 86 255
39.525696 93.626953 0.000000 0.487831 0.872938 0.000000 30 42 86 255
39.525696 93.626953 -18.750000 0.487831 0.872938 0.000000 30 42 86 255
40.085052 93.291016 18.750000 0.514860 0.857274 0.000000 30 42 86 255
40.644409 92.955078 18.750000 0.514860 0.857274 0.000000 30 42 86 255
40.085052 93.291016 0.000000 0.514860 0.857274 0.000000 30 42 86 255
40.644409 92.955078 0.000000 0.514860 0.857274 0.000000 30 42 86 255
40.085052 93.291016 -18.750000 0.514860 0.857274 0.000000 30 42 86 255
40.644409 92.955078 -18.750000 0.514860 0.857274 0.000000 30 42 86 255
41.203766 92.619141 0.000000 0.514860 0.857274 0.000000 30 42 86 255
41.203766 92.619141 -18.750000 0.514860 0.857274 0.000000 30 42 86 255
41.763123 92.283203 0.000000 0.542604 0.839989 0.000000 30 42 86 255
41.763123 92.283203 -18.750000 0.542604 0.839989 0.000000 30 42 86 255
42.296257 91.913574 18.750000 0.569768 0.821806 0.000000 30 42 86 255
42.829391 91.543945 18.750000 0.569768 0.821806 0.000000 30 42 86 255
42.296257 91.913574 0.000000 0.569768 0.821806 0.000000 30 42 86 255
42.829391 91.543945 0.000000 0.569768 0.821806 0.000000 30 42 86 255
42.296257 91.913574 -18.750000 0.569768 0.821806 0.000000 30 42 86 255
42.829391 91.543945 -18.750000 0.569768 0.821806 0.000000 30 42 86 255
43.362526 91.174316 0.000000 0.569768 0.821806 0.000000 30 42 86 255
43.362526 91.174316 -18.750000 0.569768 0.821806 0.000000 30 42 86 255
43.895660 90.804688 0.000000 0.598698 0.800975 0.000000 30 42 86 255
43.895660 90.804688 -18.750000 0.598698 0.800975 0.000000 30 42 86 255
44.401192 90.397949 18.750000 0.626867 0.779127 0.000000 30 42 86 255
44.906723 89.991211 18.750000 0.626867 0.779127 0.000000 30 42 86 255
44.401192 90.397949 0.000000 0.626867 0.779127 0.000000 30 42 86 255
44.906723 89.991211 0.000000 0.626867 0.779127 0.000000 30 42 86 255
44.401192 90.397949 -18.750000 0.626867 0.779127 0.000000 30 42 86 255
44.906723 89.991211 -18.750000 0.626867 0.779127 0.000000 30 42 86 255
45.412254 89.584473 0.000000 0.626867 0.779127 0.000000 30 42 86 255
45.412254 89.584473 -18.750000 0.626867 0.779127 0.000000 30 42 86 255
45.917786 89.177734 0.000000 0.652701 0.757616 0.000000 30 42 86 255
45.917786 89.177734 -18.750000 0.652701 0.757616 0.000000 30 42 86 255
46.396606 88.736328 18.750000 0.677797 0.735249 0.000000 30 42 86 255
46.875427 88.294922 18.750000 0.677797 0.735249 0.000000 30 42 86 255
46.396606 88.736328 0.000000 0.677797 0.735249 0.000000 30 42 86 255
46.875427 88.294922 0.000000 0.677797 0.735249 0.000000 30 42 86 255
46.396606 88.736328 -18.750000 0.677797 0.735249 0.000000 30 42 86 255
46.875427 88.294922 -18.750000 0.677797 0.735249 0.000000 30 42 86 255
47.354248 87.853516 0.000000 0.677797 0.735249 0.000000 30 42 86 255
47.354248 87.853516 -18.750000 0.677797 0.735249 0.000000 30 42 86 255
47.833069 87.412109 0.000000 0.700602 0.713552 0.000000 30 42 86 255
47.833069 87.412109 -18.750000 0.700602 0.713552 0.000000 30 42 86 255
48.286949 86.937500 18.750000 0.722713 0.691148 0.000000 30 42 86 255
48.740829 86.462891 18.750000 0.722713 0.691148 0.000000 30 42 86 255
48.286949 86.937500 0.000000 0.722713 0.691148 0.000000 30 42 86 255
48.740829 86.462891 0.000000 0.722713 0.691148 0.000000 30 42 86 255
48.286949 86.937500 -18.750000 0.722713 0.691148 0.000000 30 42 86 255
48.740829 86.462891 -18.750000 0.722713 0.691148 0.000000 30 42 86 255
49.194710 85.988281 0.000000 0.722713 0.691148 0.000000 30 42 86 255
49.194710 85.988281 -18.750000 0.722713 0.691148 0.000000 30 42 86 255
49.648590 85.513672 0.000000 0.742033 0.670363 0.000000 30 42 86 255
49.648590 85.513672 -18.750000 0.742033 0.670363 0.000000 30 42 86 255
50.079330 85.008789 18.750000 0.760756 0.649038 0.000000 30 42 86 255
50.510071 84.503906 18.750000 0.760756 0.649038 0.000000 30 42 86 255
50.079330 85.008789 0.000000 0.760756 0.649038 0.000000 30 42 86 255
50.510071 84.503906 0.000000 0.760756 0.649038 0.000000 30 42 86 255
50.079330 85.008789 -18.750000 0.760756 0.649038 0.000000 30 42 86 255
50.510071 84.503906 -18.750000 0.760756 0.649038 0.000000 30 42 86 255
50.940811 83.999023 0.000000 0.760756 0.649038 0.000000 30 42 86 255
50.940811 83.999023 -18.750000 0.760756 0.649038 0.000000 30 42 86 255
51.371552 83.494141 0.000000 0.777233 0.629213 0.000000 30 42 86 255
51.371552 83.494141 -18.750000 0.777233 0.629213 0.000000 30 42 86 255
51.780914 82.960938 18.750000 0.793194 0.608969 0.000000 30 42 86 255
52.190277 82.427734 18.750000 0.793194 0.608969 0.000000 30 42 86 255
51.780914 82.960938 0.000000 0.793194 0.608969 0.000000 30 42 86 255
52.190277 82.427734 0.000000 0.793194 0.608969 0.000000 30 42 86 255
51.780914 82.960938 -18.750000 0.793194 0.608969 0.000000 30 42 86 255
52.190277 82.427734 -18.750000 0.793194 0.608969 0.000000 30 42 86 255
52.599640 81.894531 0.000000 0.793194 0.608969 0.000000 30 42 86 255
52.599640 81.894531 -18.750000 0.793194 0.608969 0.000000 30 42 86 255
53.009003 81.361328 0.000000 0.806975 0.590586 0.000000 30 42 86 255
53.009003 81.361328 -18.750000 0.806975 0.590586 0.000000 30 42 86 255
53.398766 80.802246 18.750000 0.820330 0.571891 0.000000 30 42 86 255
53.788528 80.243164 18.750000 0.820330 0.571891 0.000000 30 42 86 255
53.398766 80.802246 0.000000 0.820330 0.571891 0.000000 30 42 86 255
53.788528 80.243164 0.000000 0.820330 0.571891 0.000000 30 42 86 255
53.398766 80.802246 -18.750000 0.820330 0.571891 0.000000 30 42 86 255
53.788528 80.243164 -18.750000 0.820330 0.571891 0.000000 30 42 86 255
54.178291 79.684082 0.000000 0.820330 0.571891 0.000000 30 42 86 255
54.178291 79.684082 -18.750000 0.820330 0.571891 0.000000 30 42 86 255
54.568054 79.125000 0.000000 0.831745 0.555158 0.000000 30 42 86 255
54.568054 79.125000 -18.750000 0.831745 0.555158 0.000000 30 42 86 255
54.940033 78.542480 18.750000 0.842819 0.538198 0.000000 30 42 86 255
55.312012 77.959961 18.750000 0.842819 0.538198 0.000000 30 42 86 255
54.940033 78.542480 0.000000 0.842819 0.538198 0.000000 30 42 86 255
55.312012 77.959961 0.000000 0.842819 0.538198 0.000000 30 42 86 255
54.940033 78.542480 -18.750000 0.842819 0.538198 0.000000 30 42 86 255
55.312012 77.959961 -18.750000 0.842819 0.538198 0.000000 30 42 86 255
55.683990 77.377441 0.000000 0.842819 0.538198 0.000000 30 42 86 255
55.683990 77.377441 -18.750000 0.842819 0.538198 0.000000 30 42 86 255
56.055969 76.794922 0.000000 0.852314 0.523030 0.000000 30 42 86 255
56.055969 76.794922 -18.750000 0.852314 0.523030 0.000000 30 42 86 255
56.411903 76.190918 18.750000 0.861536 0.507696 0.000000 30 42 86 255
56.767838 75.586914 18.750000 0.861536 0.507696 0.000000 30 42 86 255
56.411903 76.190918 0.000000 0.861536 0.507696 0.000000 30 42 86 255
56.767838 75.586914 0.000000 0.861536 0.507696 0.000000 30 42 86 255
56.411903 76.190918 -18.750000 0.861536 0.507696 0.000000 30 42 86 255
56.767838 75.586914 -18.750000 0.861536 0.507696 0.000000 30 42 86 255
57.123772 74.982910 0.000000 0.861536 0.507696 0.000000 30 42 86 255
57.123772 74.982910 -18.750000 0.861536 0.507696 0.000000 30 42 86 255
57.479706 74.378906 0.000000 0.872404 0.488785 0.000000 30 42 86 255
57.479706 74.378906 -18.750000 0.872404 0.488785 0.000000 30 42 86 255
58.150627 73.117676 18.750000 0.882857 0.469642 0.000000 30 42 86 255
58.821548 71.856445 18.750000 0.882857 0.469642 0.000000 30 42 86 255
58.150627 73.117676 0.000000 0.882857 0.469642 0.000000 30 42 86 255
58.821548 71.856445 0.000000 0.882857 0.469642 0.000000 30 42 86 255
58.150627 73.117676 -18.750000 0.882857 0.469642 0.000000 30 42 86 255
58.821548 71.856445 -18.750000 0.882857 0.469642 0.000000 30 42 86 255
59.492470 70.595215 0.000000 0.882857 0.469642 0.000000 30 42 86 255
59.492470 70.595215 -18.750000 0.882857 0.469642 0.000000 30 42 86 255
60.163391 69.333984 0.000000 0.893027 0.450003 0.000000 30 42 86 255
60.163391 69.333984 -18.750000 0.893027 0.450003 0.000000 30 42 86 255
60.791557 68.015625 18.750000 0.902761 0.430143 0.000000 30 42 86 255
61.419724 66.697266 18.750000 0.902761 0.430143 0.000000 30 42 86 255
60.791557 68.015625 0.000000 0.902761 0.430143 0.000000 30 42 86 255
61.419724 66.697266 0.000000 0.902761 0.430143 0.000000 30 42 86 255
60.791557 68.015625 -18.750000 0.902761 0.430143 0.000000 30 42 86 255
61.419724 66.697266 -18.750000 0.902761 0.430143 0.000000 30 42 86 255
62.047890 65.378906 0.000000 0.902761 0.430143 0.000000 30 42 86 255
62.047890 65.378906 -18.750000 0.902761 0.430143 0.000000 30 42 86 255
62.676056 64.060547 0.000000 0.908662 0.417532 0.000000 30 42 86 255
62.676056 64.060547 -18.750000 0.908662 0.417532 0.000000 30 42 86 255
63.275749 62.706055 18.750000 0.914388 0.404840 0.000000 30 42 86 255
63.875443 61.351562 18.750000 0.914388 0.404840 0.000000 30 42 86 255
63.275749 62.706055 0.000000 0.914388 0.404840 0.000000 30 42 86 255
63.875443 61.351562 0.000000 0.914388 0.404840 0.000000 30 42 86 255
63.275749 62.706055 -18.750000 0.914388 0.404840 0.000000 30 42 86 255
63.875443 61.351562 -18.750000 0.914388 0.404840 0.000000 30 42 86 255
64.475136 59.997070 0.000000 0.914388 0.404840 0.000000 30 42 86 255
64.475136 59.997070 -18.750000 0.914388 0.404840 0.000000 30 42 86 255
65.074829 58.642578 0.000000 0.917256 0.398298 0.000000 30 42 86 255
65.074829 58.642578 -18.750000 0.917256 0.398298 0.000000 30 42 86 255
65.660255 57.267578 18.750000 0.920077 0.391736 0.000000 30 42 86 255
66.245682 55.892578 18.750000 0.920077 0.391736 0.000000 30 42 86 255
65.660255 57.267578 0.000000 0.920077 0.391736 0.000000 30 42 86 255
66.245682 55.892578 0.000000 0.920077 0.391736 0.000000 30 42 86 255
65.660255 57.267578 -18.750000 0.920077 0.391736 0.000000 30 42 86 255
67.416534 53.142578 18.750000 0.917491 -0.397756 0.000000 30 42 86 255
67.416534 53.142578 0.000000 0.917491 -0.397756 0.000000 30 42 86 255
66.831108 54.517578 0.000000 0.920077 0.391736 0.000000 30 42 86 255
66.831108 54.517578 -18.750000 0.920077 0.391736 0.000000 30 42 86 255
66.245682 55.892578 -18.750000 0.920077 0.391736 0.000000 30 42 86 255
-45.624298 85.486328 18.750000 -0.700434 0.713718 0.000000 30 42 86 255
-44.335075 86.479004 18.750000 -0.610084 0.792337 0.000000 30 42 86 255
-43.045853 87.471680 18.750000 -0.610084 0.792337 0.000000 30 42 86 255
-45.624298 85.486328 0.000000 -0.700434 0.713718 0.000000 30 42 86 255
-44.335075 86.479004 0.000000 -0.610084 0.792337 0.000000 30 42 86 255
-43.045853 87.471680 0.000000 -0.610084 0.792337 0.000000 30 42 86 255
-44.335075 86.479004 -18.750000 -0.610084 0.792337 0.000000 30 42 86 255
-43.045853 87.471680 -18.750000 -0.610084 0.792337 0.000000 30 42 86 255
-41.756630 88.464355 0.000000 -0.610084 0.792337 0.000000 30 42 86 255
-41.756630 88.464355 -18.750000 -0.610084 0.792337 0.000000 30 42 86 255
-40.467407 89.457031 0.000000 -0.600830 0.799377 0.000000 30 42 86 255
-40.467407 89.457031 -18.750000 -0.600830 0.799377 0.000000 30 42 86 255
-39.815773 89.935059 18.750000 -0.591494 0.806309 0.000000 30 42 86 255
-39.164139 90.413086 18.750000 -0.591494 0.806309 0.000000 30 42 86 255
-39.815773 89.935059 0.000000 -0.591494 0.806309 0.000000 30 42 86 255
-39.164139 90.413086 0.000000 -0.591494 0.806309 0.000000 30 42 86 255
-39.815773 89.935059 -18.750000 -0.591494 0.806309 0.000000 30 42 86 255
-39.164139 90.413086 -18.750000 -0.591494 0.806309 0.000000 30 42 86 255
-38.512505 90.891113 0.000000 -0.591494 0.806309 0.000000 30 42 86 255
-38.512505 90.891113 -18.750000 -0.591494 0.806309 0.000000 30 42 86 255
-37.860870 91.369141 0.000000 -0.580021 0.814601 0.000000 30 42 86 255
-37.860870 91.369141 -18.750000 -0.580021 0.814601 0.000000 30 42 86 255
-37.200790 91.825195 18.750000 -0.568431 0.822731 0.000000 30 42 86 255
-36.540710 92.281250 18.750000 -0.568431 0.822731 0.000000 30 42 86 255
-37.200790 91.825195 0.000000 -0.568431 0.822731 0.000000 30 42 86 255
-36.540710 92.281250 0.000000 -0.568431 0.822731 0.000000 30 42 86 255
-37.200790 91.825195 -18.750000 -0.568431 0.822731 0.000000 30 42 86 255
-36.540710 92.281250 -18.750000 -0.568431 0.822731 0.000000 30 42 86 255
-35.880630 92.737305 0.000000 -0.568431 0.822731 0.000000 30 42 86 255
-35.880630 92.737305 -18.750000 -0.568431 0.822731 0.000000 30 42 86 255
-35.220551 93.193359 0.000000 -0.552556 0.833476 0.000000 30 42 86 255
-35.220551 93.193359 -18.750000 -0.552556 0.833476 0.000000 30 42 86 255
-34.549232 93.620117 18.750000 -0.536478 0.843915 0.000000 30 42 86 255
-33.877914 94.046875 18.750000 -0.536478 0.843915 0.000000 30 42 86 255
-34.549232 93.620117 0.000000 -0.536478 0.843915 0.000000 30 42 86 255
-33.877914 94.046875 0.000000 -0.536478 0.843915 0.000000 30 42 86 255
-34.549232 93.620117 -18.750000 -0.536478 0.843915 0.000000 30 42 86 255
-33.877914 94.046875 -18.750000 -0.536478 0.843915 0.000000 30 42 86 255
-33.206596 94.473633 0.000000 -0.536478 0.843915 0.000000 30 42 86 255
-33.206596 94.473633 -18.750000 -0.536478 0.843915 0.000000 30 42 86 255
-32.535278 94.900391 0.000000 -0.515740 0.856745 0.000000 30 42 86 255
-32.535278 94.900391 -18.750000 -0.515740 0.856745 0.000000 30 42 86 255
-31.849899 95.290527 18.750000 -0.494696 0.869066 0.000000 30 42 86 255
-31.164520 95.680664 18.750000 -0.494696 0.869066 0.000000 30 42 86 255
-31.849899 95.290527 0.000000 -0.494696 0.869066 0.000000 30 42 86 255
-31.164520 95.680664 0.000000 -0.494696 0.869066 0.000000 30 42 86 255
-31.849899 95.290527 -18.750000 -0.494696 0.869066 0.000000 30 42 86 255
-31.164520 95.680664 -18.750000 -0.494696 0.869066 0.000000 30 42 86 255
-30.479141 96.070801 0.000000 -0.494696 0.869066 0.000000 30 42 86 255
-30.479141 96.070801 -18.750000 -0.494696 0.869066 0.000000 30 42 86 255
-29.793762 96.460938 0.000000 -0.468884 0.883260 0.000000 30 42 86 255
-29.793762 96.460938 -18.750000 -0.468884 0.883260 0.000000 30 42 86 255
-29.091507 96.807617 18.750000 -0.442664 0.896687 0.000000 30 42 86 255
-28.389252 97.154297 18.750000 -0.442664 0.896687 0.000000 30 42 86 255
-29.091507 96.807617 0.000000 -0.442664 0.896687 0.000000 30 42 86 255
-28.389252 97.154297 0.000000 -0.442664 0.896687 0.000000 30 42 86 255
-29.091507 96.807617 -18.750000 -0.442664 0.896687 0.000000 30 42 86 255
-28.389252 97.154297 -18.750000 -0.442664 0.896687 0.000000 30 42 86 255
-27.686996 97.500977 0.000000 -0.442664 0.896687 0.000000 30 42 86 255
-27.686996 97.500977 -18.750000 -0.442664 0.896687 0.000000 30 42 86 255
-26.984741 97.847656 0.000000 -0.411479 0.911419 0.000000 30 42 86 255
-26.984741 97.847656 -18.750000 -0.411479 0.911419 0.000000 30 42 86 255
-26.262848 98.144043 18.750000 -0.379804 0.925067 0.000000 30 42 86 255
-25.540955 98.440430 18.750000 -0.379804 0.925067 0.000000 30 42 86 255
-26.262848 98.144043 0.000000 -0.379804 0.925067 0.000000 30 42 86 255
-25.540955 98.440430 0.000000 -0.379804 0.925067 0.000000 30 42 86 255
-26.262848 98.144043 -18.750000 -0.379804 0.925067 0.000000 30 42 86 255
-25.540955 98.440430 -18.750000 -0.379804 0.925067 0.000000 30 42 86 255
-24.819061 98.736816 0.000000 -0.379804 0.925067 0.000000 30 42 86 255
-24.819061 98.736816 -18.750000 -0.379804 0.925067 0.000000 30 42 86 255
-24.097168 99.033203 0.000000 -0.345501 0.938418 0.000000 30 42 86 255
-24.097168 99.033203 -18.750000 -0.345501 0.938418 0.000000 30 42 86 255
-23.354843 99.275879 18.750000 -0.310730 0.950498 0.000000 30 42 86 255
-22.612518 99.518555 18.750000 -0.310730 0.950498 0.000000 30 42 86 255
-23.354843 99.275879 0.000000 -0.310730 0.950498 0.000000 30 42 86 255
-22.612518 99.518555 0.000000 -0.310730 0.950498 0.000000 30 42 86 255
-23.354843 99.275879 -18.750000 -0.310730 0.950498 0.000000 30 42 86 255
-22.612518 99.518555 -18.750000 -0.310730 0.950498 0.000000 30 42 86 255
-21.870193 99.761230 0.000000 -0.310730 0.950498 0.000000 30 42 86 255
-21.870193 99.761230 -18.750000 -0.310730 0.950498 0.000000 30 42 86 255
-21.127869 100.003906 0.000000 -0.279901 0.960029 0.000000 30 42 86 255
-21.127869 100.003906 -18.750000 -0.279901 0.960029 0.000000 30 42 86 255
-20.367470 100.199219 18.750000 -0.248780 0.968560 0.000000 30 42 86 255
-19.607071 100.394531 18.750000 -0.248780 0.968560 0.000000 30 42 86 255
-20.367470 100.199219 0.000000 -0.248780 0.968560 0.000000 30 42 86 255
-19.607071 100.394531 0.000000 -0.248780 0.968560 0.000000 30 42 86 255
-20.367470 100.199219 -18.750000 -0.248780 0.968560 0.000000 30 42 86 255
-19.607071 100.394531 -18.750000 -0.248780 0.968560 0.000000 30 42 86 255
-18.846672 100.589844 0.000000 -0.248780 0.968560 0.000000 30 42 86 255
-18.846672 100.589844 -18.750000 -0.248780 0.968560 0.000000 30 42 86 255
-18.086273 100.785156 0.000000 -0.223173 0.974779 0.000000 30 42 86 255
-18.086273 100.785156 -18.750000 -0.223173 0.974779 0.000000 30 42 86 255
-17.310356 100.941406 18.750000 -0.197412 0.980321 0.000000 30 42 86 255
-16.534439 101.097656 18.750000 -0.197412 0.980321 0.000000 30 42 86 255
-17.310356 100.941406 0.000000 -0.197412 0.980321 0.000000 30 42 86 255
-16.534439 101.097656 0.000000 -0.197412 0.980321 0.000000 30 42 86 255
-17.310356 100.941406 -18.750000 -0.197412 0.980321 0.000000 30 42 86 255
-16.534439 101.097656 -18.750000 -0.197412 0.980321 0.000000 30 42 86 255
-15.758522 101.253906 0.000000 -0.197412 0.980321 0.000000 30 42 86 255
-15.758522 101.253906 -18.750000 -0.197412 0.980321 0.000000 30 42 86 255
-14.982605 101.410156 0.000000 -0.175214 0.984530 0.000000 30 42 86 255
-14.982605 101.410156 -18.750000 -0.175214 0.984530 0.000000 30 42 86 255
-14.193764 101.532227 18.750000 -0.152926 0.988238 0.000000 30 42 86 255
-13.404922 101.654297 18.750000 -0.152926 0.988238 0.000000 30 42 86 255
-14.193764 101.532227 0.000000 -0.152926 0.988238 0.000000 30 42 86 255
-13.404922 101.654297 0.000000 -0.152926 0.988238 0.000000 30 42 86 255
-14.193764 101.532227 -18.750000 -0.152926 0.988238 0.000000 30 42 86 255
-13.404922 101.654297 -18.750000 -0.152926 0.988238 0.000000 30 42 86 255
-12.616081 101.776367 0.000000 -0.152926 0.988238 0.000000 30 42 86 255
-12.616081 101.776367 -18.750000 -0.152926 0.988238 0.000000 30 42 86 255
-11.827240 101.898438 0.000000 -0.135636 0.990759 0.000000 30 42 86 255
-11.827240 101.898438 -18.750000 -0.135636 0.990759 0.000000 30 42 86 255
-11.028061 101.993652 18.750000 -0.118304 0.992977 0.000000 30 42 86 255
-10.228882 102.088867 18.750000 -0.118304 0.992977 0.000000 30 42 86 255
-11.028061 101.993652 0.000000 -0.118304 0.992977 0.000000 30 42 86 255
-10.228882 102.088867 0.000000 -0.118304 0.992977 0.000000 30 42 86 255
-11.028061 101.993652 -18.750000 -0.118304 0.992977 0.000000 30 42 86 255
-10.228882 102.088867 -18.750000 -0.118304 0.992977 0.000000 30 42 86 255
-9.429703 102.184082 0.000000 -0.118304 0.992977 0.000000 30 42 86 255
-9.429703 102.184082 -18.750000 -0.118304 0.992977 0.000000 30 42 86 255
-8.630524 102.279297 0.000000 -0.105851 0.994382 0.000000 30 42 86 255
-8.630524 102.279297 -18.750000 -0.105851 0.994382 0.000000 30 42 86 255
-7.823578 102.354980 18.750000 -0.093380 0.995631 0.000000 30 42 86 255
-7.016632 102.430664 18.750000 -0.093380 0.995631 0.000000 30 42 86 255
-7.823578 102.354980 0.000000 -0.093380 0.995631 0.000000 30 42 86 255
-7.016632 102.430664 0.000000 -0.093380 0.995631 0.000000 30 42 86 255
-7.823578 102.354980 -18.750000 -0.093380 0.995631 0.000000 30 42 86 255
-7.016632 102.430664 -18.750000 -0.093380 0.995631 0.000000 30 42 86 255
-6.209686 102.506348 0.000000 -0.093380 0.995631 0.000000 30 42 86 255
-6.209686 102.506348 -18.750000 -0.093380 0.995631 0.000000 30 42 86 255
-5.402740 102.582031 0.000000 -0.082471 0.996593 0.000000 30 42 86 255
-5.402740 102.582031 -18.750000 -0.082471 0.996593 0.000000 30 42 86 255
-3.775955 102.698730 18.750000 -0.071552 0.997437 0.000000 30 42 86 255
-2.149170 102.815430 18.750000 -0.071552 0.997437 0.000000 30 42 86 255
-3.775955 102.698730 0.000000 -0.071552 0.997437 0.000000 30 42 86 255
-2.149170 102.815430 0.000000 -0.071552 0.997437 0.000000 30 42 86 255
-3.775955 102.698730 -18.750000 -0.071552 0.997437 0.000000 30 42 86 255
-0.522385 102.932129 0.000000 -0.071552 0.997437 0.000000 30 42 86 255
-0.522385 102.932129 -18.750000 -0.071552 0.997437 0.000000 30 42 86 255
-2.149170 102.815430 -18.750000 -0.071552 0.997437 0.000000 30 42 86 255
-63.352692 40.501953 18.750000 -0.999927 0.012124 0.000000 30 42 86 255
-63.223778 42.078125 18.750000 -0.996672 0.081517 0.000000 30 42 86 255
-63.094864 43.654297 18.750000 -0.996672 0.081517 0.000000 30 42 86 255
-63.352692 40.501953 0.000000 -0.999927 0.012124 0.000000 30 42 86 255
-63.223778 42.078125 0.000000 -0.996672 0.081517 0.000000 30 42 86 255
-63.094864 43.654297 0.000000 -0.996672 0.081517 0.000000 30 42 86 255
-63.223778 42.078125 -18.750000 -0.996672 0.081517 0.000000 30 42 86 255
-63.094864 43.654297 -18.750000 -0.996672 0.081517 0.000000 30 42 86 255
-62.965950 45.230469 0.000000 -0.996672 0.081517 0.000000 30 42 86 255
-62.965950 45.230469 -18.750000 -0.996672 0.081517 0.000000 30 42 86 255
-62.837036 46.806641 0.000000 -0.995721 0.092405 0.000000 30 42 86 255
-62.837036 46.806641 -18.750000 -0.995721 0.092405 0.000000 30 42 86 255
-62.755913 47.587891 18.750000 -0.994652 0.103283 0.000000 30 42 86 255
-62.674789 48.369141 18.750000 -0.994652 0.103283 0.000000 30 42 86 255
-62.755913 47.587891 0.000000 -0.994652 0.103283 0.000000 30 42 86 255
-62.674789 48.369141 0.000000 -0.994652 0.103283 0.000000 30 42 86 255
-62.755913 47.587891 -18.750000 -0.994652 0.103283 0.000000 30 42 86 255
-62.674789 48.369141 -18.750000 -0.994652 0.103283 0.000000 30 42 86 255
-62.593666 49.150391 0.000000 -0.994652 0.103283 0.000000 30 42 86 255
-62.593666 49.150391 -18.750000 -0.994652 0.103283 0.000000 30 42 86 255
-62.512543 49.931641 0.000000 -0.993189 0.116511 0.000000 30 42 86 255
-62.512543 49.931641 -18.750000 -0.993189 0.116511 0.000000 30 42 86 255
-62.411423 50.704590 18.750000 -0.991551 0.129718 0.000000 30 42 86 255
-62.310303 51.477539 18.750000 -0.991551 0.129718 0.000000 30 42 86 255
-62.411423 50.704590 0.000000 -0.991551 0.129718 0.000000 30 42 86 255
-62.310303 51.477539 0.000000 -0.991551 0.129718 0.000000 30 42 86 255
-62.411423 50.704590 -18.750000 -0.991551 0.129718 0.000000 30 42 86 255
-62.310303 51.477539 -18.750000 -0.991551 0.129718 0.000000 30 42 86 255
-62.209183 52.250488 0.000000 -0.991551 0.129718 0.000000 30 42 86 255
-62.209183 52.250488 -18.750000 -0.991551 0.129718 0.000000 30 42 86 255
-62.108063 53.023438 0.000000 -0.989071 0.147442 0.000000 30 42 86 255
-62.108063 53.023438 -18.750000 -0.989071 0.147442 0.000000 30 42 86 255
-61.980293 53.786621 18.750000 -0.986274 0.165118 0.000000 30 42 86 255
-61.852524 54.549805 18.750000 -0.986274 0.165118 0.000000 30 42 86 255
-61.980293 53.786621 0.000000 -0.986274 0.165118 0.000000 30 42 86 255
-61.852524 54.549805 0.000000 -0.986274 0.165118 0.000000 30 42 86 255
-61.980293 53.786621 -18.750000 -0.986274 0.165118 0.000000 30 42 86 255
-61.852524 54.549805 -18.750000 -0.986274 0.165118 0.000000 30 42 86 255
-61.724754 55.312988 0.000000 -0.986274 0.165118 0.000000 30 42 86 255
-61.724754 55.312988 -18.750000 -0.986274 0.165118 0.000000 30 42 86 255
-61.596985 56.076172 0.000000 -0.982219 0.187741 0.000000 30 42 86 255
-61.596985 56.076172 -18.750000 -0.982219 0.187741 0.000000 30 42 86 255
-61.435890 56.825195 18.750000 -0.977644 0.210265 0.000000 30 42 86 255
-61.274796 57.574219 18.750000 -0.977644 0.210265 0.000000 30 42 86 255
-61.435890 56.825195 0.000000 -0.977644 0.210265 0.000000 30 42 86 255
-61.274796 57.574219 0.000000 -0.977644 0.210265 0.000000 30 42 86 255
-61.435890 56.825195 -18.750000 -0.977644 0.210265 0.000000 30 42 86 255
-61.274796 57.574219 -18.750000 -0.977644 0.210265 0.000000 30 42 86 255
-61.113701 58.323242 0.000000 -0.977644 0.210265 0.000000 30 42 86 255
-61.113701 58.323242 -18.750000 -0.977644 0.210265 0.000000 30 42 86 255
-60.952606 59.072266 0.000000 -0.971403 0.237438 0.000000 30 42 86 255
-60.952606 59.072266 -18.750000 -0.971403 0.237438 0.000000 30 42 86 255
-60.751518 59.805664 18.750000 -0.964406 0.264427 0.000000 30 42 86 255
-60.550430 60.539062 18.750000 -0.964406 0.264427 0.000000 30 42 86 255
-60.751518 59.805664 0.000000 -0.964406 0.264427 0.000000 30 42 86 255
-60.550430 60.539062 0.000000 -0.964406 0.264427 0.000000 30 42 86 255
-60.751518 59.805664 -18.750000 -0.964406 0.264427 0.000000 30 42 86 255
-60.550430 60.539062 -18.750000 -0.964406 0.264427 0.000000 30 42 86 255
-60.349342 61.272461 0.000000 -0.964406 0.264427 0.000000 30 42 86 255
-60.349342 61.272461 -18.750000 -0.964406 0.264427 0.000000 30 42 86 255
-60.148254 62.005859 0.000000 -0.955157 0.296100 0.000000 30 42 86 255
-60.148254 62.005859 -18.750000 -0.955157 0.296100 0.000000 30 42 86 255
-59.900520 62.720703 18.750000 -0.944868 0.327451 0.000000 30 42 86 255
-59.652786 63.435547 18.750000 -0.944868 0.327451 0.000000 30 42 86 255
-59.900520 62.720703 0.000000 -0.944868 0.327451 0.000000 30 42 86 255
-59.652786 63.435547 0.000000 -0.944868 0.327451 0.000000 30 42 86 255
-59.900520 62.720703 -18.750000 -0.944868 0.327451 0.000000 30 42 86 255
-59.652786 63.435547 -18.750000 -0.944868 0.327451 0.000000 30 42 86 255
-59.405052 64.150391 0.000000 -0.944868 0.327451 0.000000 30 42 86 255
-59.405052 64.150391 -18.750000 -0.944868 0.327451 0.000000 30 42 86 255
-59.157318 64.865234 0.000000 -0.931987 0.362491 0.000000 30 42 86 255
-59.157318 64.865234 -18.750000 -0.931987 0.362491 0.000000 30 42 86 255
-58.857384 65.558594 18.750000 -0.917807 0.397026 0.000000 30 42 86 255
-58.557449 66.251953 18.750000 -0.917807 0.397026 0.000000 30 42 86 255
-58.857384 65.558594 0.000000 -0.917807 0.397026 0.000000 30 42 86 255
-58.557449 66.251953 0.000000 -0.917807 0.397026 0.000000 30 42 86 255
-58.857384 65.558594 -18.750000 -0.917807 0.397026 0.000000 30 42 86 255
-58.557449 66.251953 -18.750000 -0.917807 0.397026 0.000000 30 42 86 255
-58.257515 66.945312 0.000000 -0.917807 0.397026 0.000000 30 42 86 255
-58.257515 66.945312 -18.750000 -0.917807 0.397026 0.000000 30 42 86 255
-57.957581 67.638672 0.000000 -0.903469 0.428654 0.000000 30 42 86 255
-57.957581 67.638672 -18.750000 -0.903469 0.428654 0.000000 30 42 86 255
-57.608467 68.312988 18.750000 -0.888041 0.459765 0.000000 30 42 86 255
-57.259354 68.987305 18.750000 -0.888041 0.459765 0.000000 30 42 86 255
-57.608467 68.312988 0.000000 -0.888041 0.459765 0.000000 30 42 86 255
-57.259354 68.987305 0.000000 -0.888041 0.459765 0.000000 30 42 86 255
-57.608467 68.312988 -18.750000 -0.888041 0.459765 0.000000 30 42 86 255
-57.259354 68.987305 -18.750000 -0.888041 0.459765 0.000000 30 42 86 255
-56.910240 69.661621 0.000000 -0.888041 0.459765 0.000000 30 42 86 255
-56.910240 69.661621 -18.750000 -0.888041 0.459765 0.000000 30 42 86 255
-56.561127 70.335938 0.000000 -0.873947 0.486020 0.000000 30 42 86 255
-56.561127 70.335938 -18.750000 -0.873947 0.486020 0.000000 30 42 86 255
-56.169838 70.992676 18.750000 -0.859078 0.511844 0.000000 30 42 86 255
-55.778549 71.649414 18.750000 -0.859078 0.511844 0.000000 30 42 86 255
-56.169838 70.992676 0.000000 -0.859078 0.511844 0.000000 30 42 86 255
-55.778549 71.649414 0.000000 -0.859078 0.511844 0.000000 30 42 86 255
-56.169838 70.992676 -18.750000 -0.859078 0.511844 0.000000 30 42 86 255
-55.778549 71.649414 -18.750000 -0.859078 0.511844 0.000000 30 42 86 255
-55.387260 72.306152 0.000000 -0.859078 0.511844 0.000000 30 42 86 255
-55.387260 72.306152 -18.750000 -0.859078 0.511844 0.000000 30 42 86 255
-54.995972 72.962891 0.000000 -0.846589 0.532248 0.000000 30 42 86 255
-54.995972 72.962891 -18.750000 -0.846589 0.532248 0.000000 30 42 86 255
-54.569557 73.606445 18.750000 -0.833614 0.552347 0.000000 30 42 86 255
-54.143143 74.250000 18.750000 -0.833614 0.552347 0.000000 30 42 86 255
-54.569557 73.606445 0.000000 -0.833614 0.552347 0.000000 30 42 86 255
-54.143143 74.250000 0.000000 -0.833614 0.552347 0.000000 30 42 86 255
-54.569557 73.606445 -18.750000 -0.833614 0.552347 0.000000 30 42 86 255
-54.143143 74.250000 -18.750000 -0.833614 0.552347 0.000000 30 42 86 255
-53.716728 74.893555 0.000000 -0.833614 0.552347 0.000000 30 42 86 255
-53.716728 74.893555 -18.750000 -0.833614 0.552347 0.000000 30 42 86 255
-53.290314 75.537109 0.000000 -0.822742 0.568415 0.000000 30 42 86 255
-53.290314 75.537109 -18.750000 -0.822742 0.568415 0.000000 30 42 86 255
-52.835785 76.168457 18.750000 -0.811560 0.584270 0.000000 30 42 86 255
-52.381256 76.799805 18.750000 -0.811560 0.584270 0.000000 30 42 86 255
-52.835785 76.168457 0.000000 -0.811560 0.584270 0.000000 30 42 86 255
-52.381256 76.799805 0.000000 -0.811560 0.584270 0.000000 30 42 86 255
-52.835785 76.168457 -18.750000 -0.811560 0.584270 0.000000 30 42 86 255
-52.381256 76.799805 -18.750000 -0.811560 0.584270 0.000000 30 42 86 255
-51.926727 77.431152 0.000000 -0.811560 0.584270 0.000000 30 42 86 255
-51.926727 77.431152 -18.750000 -0.811560 0.584270 0.000000 30 42 86 255
-51.472198 78.062500 0.000000 -0.803408 0.595429 0.000000 30 42 86 255
-51.472198 78.062500 -18.750000 -0.803408 0.595429 0.000000 30 42 86 255
-50.996590 78.686035 18.750000 -0.795103 0.606474 0.000000 30 42 86 255
-50.520981 79.309570 18.750000 -0.795103 0.606474 0.000000 30 42 86 255
-50.996590 78.686035 0.000000 -0.795103 0.606474 0.000000 30 42 86 255
-50.520981 79.309570 0.000000 -0.795103 0.606474 0.000000 30 42 86 255
-50.996590 78.686035 -18.750000 -0.795103 0.606474 0.000000 30 42 86 255
-50.520981 79.309570 -18.750000 -0.795103 0.606474 0.000000 30 42 86 255
-50.045372 79.933105 0.000000 -0.795103 0.606474 0.000000 30 42 86 255
-50.045372 79.933105 -18.750000 -0.795103 0.606474 0.000000 30 42 86 255
-49.569763 80.556641 0.000000 -0.787973 0.615709 0.000000 30 42 86 255
-49.569763 80.556641 -18.750000 -0.787973 0.615709 0.000000 30 42 86 255
-48.583397 81.789062 18.750000 -0.780736 0.624861 0.000000 30 42 86 255
-47.597031 83.021484 18.750000 -0.780736 0.624861 0.000000 30 42 86 255
-48.583397 81.789062 0.000000 -0.780736 0.624861 0.000000 30 42 86 255
-47.597031 83.021484 0.000000 -0.780736 0.624861 0.000000 30 42 86 255
-48.583397 81.789062 -18.750000 -0.780736 0.624861 0.000000 30 42 86 255
-46.610664 84.253906 0.000000 -0.780736 0.624861 0.000000 30 42 86 255
-46.610664 84.253906 -18.750000 -0.780736 0.624861 0.000000 30 42 86 255
-47.597031 83.021484 -18.750000 -0.780736 0.624861 0.000000 30 42 86 255
-55.853119 11.580078 18.750000 -0.864544 -0.502557 0.000000 30 42 86 255
-56.270264 12.436035 18.750000 -0.898932 -0.438088 0.000000 30 42 86 255
-56.687408 13.291992 18.750000 -0.898932 -0.438088 0.000000 30 42 86 255
-55.853119 11.580078 0.000000 -0.864544 -0.502557 0.000000 30 42 86 255
-56.270264 12.436035 0.000000 -0.898932 -0.438088 0.000000 30 42 86 255
-56.687408 13.291992 0.000000 -0.898932 -0.438088 0.000000 30 42 86 255
-56.270264 12.436035 -18.750000 -0.898932 -0.438088 0.000000 30 42 86 255
-56.687408 13.291992 -18.750000 -0.898932 -0.438088 0.000000 30 42 86 255
-57.104553 14.147949 0.000000 -0.898932 -0.438088 0.000000 30 42 86 255
-57.104553 14.147949 -18.750000 -0.898932 -0.438088 0.000000 30 42 86 255
-57.521698 15.003906 0.000000 -0.904394 -0.426699 0.000000 30 42 86 255
-57.521698 15.003906 -18.750000 -0.904394 -0.426699 0.000000 30 42 86 255
-57.915077 15.865723 18.750000 -0.909711 -0.415241 0.000000 30 42 86 255
-58.308456 16.727539 18.750000 -0.909711 -0.415241 0.000000 30 42 86 255
-57.915077 15.865723 0.000000 -0.909711 -0.415241 0.000000 30 42 86 255
-58.308456 16.727539 0.000000 -0.909711 -0.415241 0.000000 30 42 86 255
-57.915077 15.865723 -18.750000 -0.909711 -0.415241 0.000000 30 42 86 255
-58.308456 16.727539 -18.750000 -0.909711 -0.415241 0.000000 30 42 86 255
-58.701836 17.589355 0.000000 -0.909711 -0.415241 0.000000 30 42 86 255
-58.701836 17.589355 -18.750000 -0.909711 -0.415241 0.000000 30 42 86 255
-59.095215 18.451172 0.000000 -0.920083 -0.391723 0.000000 30 42 86 255
-59.095215 18.451172 -18.750000 -0.920083 -0.391723 0.000000 30 42 86 255
-59.441071 19.325195 18.750000 -0.929847 -0.367945 0.000000 30 42 86 255
-59.786926 20.199219 18.750000 -0.929847 -0.367945 0.000000 30 42 86 255
-59.441071 19.325195 0.000000 -0.929847 -0.367945 0.000000 30 42 86 255
-59.786926 20.199219 0.000000 -0.929847 -0.367945 0.000000 30 42 86 255
-59.441071 19.325195 -18.750000 -0.929847 -0.367945 0.000000 30 42 86 255
-59.786926 20.199219 -18.750000 -0.929847 -0.367946 0.000000 30 42 86 255
-60.132782 21.073242 0.000000 -0.929847 -0.367946 0.000000 30 42 86 255
-60.132782 21.073242 -18.750000 -0.929847 -0.367946 0.000000 30 42 86 255
-60.478638 21.947266 0.000000 -0.939773 -0.341800 0.000000 30 42 86 255
-60.478638 21.947266 -18.750000 -0.939773 -0.341800 0.000000 30 42 86 255
-60.626312 22.391602 18.750000 -0.948963 -0.315387 0.000000 30 42 86 255
-60.773987 22.835938 18.750000 -0.948963 -0.315387 0.000000 30 42 86 255
-60.626312 22.391602 0.000000 -0.948963 -0.315387 0.000000 30 42 86 255
-60.773987 22.835938 0.000000 -0.948963 -0.315387 0.000000 30 42 86 255
-60.626312 22.391602 -18.750000 -0.948963 -0.315387 0.000000 30 42 86 255
-60.773987 22.835938 -18.750000 -0.948963 -0.315387 0.000000 30 42 86 255
-60.921661 23.280273 0.000000 -0.948963 -0.315387 0.000000 30 42 86 255
-60.921661 23.280273 -18.750000 -0.948963 -0.315387 0.000000 30 42 86 255
-61.069336 23.724609 0.000000 -0.955904 -0.293680 0.000000 30 42 86 255
-61.069336 23.724609 -18.750000 -0.955904 -0.293680 0.000000 30 42 86 255
-61.196220 24.173828 18.750000 -0.962348 -0.271821 0.000000 30 42 86 255
-61.323105 24.623047 18.750000 -0.962348 -0.271821 0.000000 30 42 86 255
-61.196220 24.173828 0.000000 -0.962348 -0.271821 0.000000 30 42 86 255
-61.323105 24.623047 0.000000 -0.962348 -0.271821 0.000000 30 42 86 255
-61.196220 24.173828 -18.750000 -0.962348 -0.271821 0.000000 30 42 86 255
-61.323105 24.623047 -18.750000 -0.962348 -0.271821 0.000000 30 42 86 255
-61.449989 25.072266 0.000000 -0.962348 -0.271821 0.000000 30 42 86 255
-61.449989 25.072266 -18.750000 -0.962348 -0.271821 0.000000 30 42 86 255
-61.576874 25.521484 0.000000 -0.971359 -0.237618 0.000000 30 42 86 255
-61.576874 25.521484 -18.750000 -0.971359 -0.237618 0.000000 30 42 86 255
-61.766792 26.437012 18.750000 -0.979154 -0.203117 0.000000 30 42 86 255
-61.956711 27.352539 18.750000 -0.979154 -0.203117 0.000000 30 42 86 255
-61.766792 26.437012 0.000000 -0.979154 -0.203117 0.000000 30 42 86 255
-61.956711 27.352539 0.000000 -0.979154 -0.203117 0.000000 30 42 86 255
-61.766792 26.437012 -18.750000 -0.979154 -0.203117 0.000000 30 42 86 255
-61.956711 27.352539 -18.750000 -0.979154 -0.203117 0.000000 30 42 86 255
-62.146629 28.268066 0.000000 -0.979154 -0.203117 0.000000 30 42 86 255
-62.146629 28.268066 -18.750000 -0.979154 -0.203117 0.000000 30 42 86 255
-62.336548 29.183594 0.000000 -0.986020 -0.166627 0.000000 30 42 86 255
-62.336548 29.183594 -18.750000 -0.986020 -0.166627 0.000000 30 42 86 255
-62.458801 30.116699 18.750000 -0.991526 -0.129908 0.000000 30 42 86 255
-62.581055 31.049805 18.750000 -0.991526 -0.129908 0.000000 30 42 86 255
-62.458801 30.116699 0.000000 -0.991526 -0.129908 0.000000 30 42 86 255
-62.581055 31.049805 0.000000 -0.991526 -0.129908 0.000000 30 42 86 255
-62.458801 30.116699 -18.750000 -0.991526 -0.129908 0.000000 30 42 86 255
-62.581055 31.049805 -18.750000 -0.991526 -0.129908 0.000000 30 42 86 255
-62.703308 31.982910 0.000000 -0.991526 -0.129908 0.000000 30 42 86 255
-62.703308 31.982910 -18.750000 -0.991526 -0.129908 0.000000 30 42 86 255
-62.825562 32.916016 0.000000 -0.994402 -0.105664 0.000000 30 42 86 255
-62.825562 32.916016 -18.750000 -0.994402 -0.105664 0.000000 30 42 86 255
-62.902725 33.861328 18.750000 -0.996685 -0.081357 0.000000 30 42 86 255
-62.979889 34.806641 18.750000 -0.996685 -0.081357 0.000000 30 42 86 255
-62.902725 33.861328 0.000000 -0.996685 -0.081357 0.000000 30 42 86 255
-62.979889 34.806641 0.000000 -0.996685 -0.081357 0.000000 30 42 86 255
-62.902725 33.861328 -18.750000 -0.996685 -0.081357 0.000000 30 42 86 255
-62.979889 34.806641 -18.750000 -0.996685 -0.081357 0.000000 30 42 86 255
-63.057053 35.751953 0.000000 -0.996685 -0.081357 0.000000 30 42 86 255
-63.057053 35.751953 -18.750000 -0.996685 -0.081357 0.000000 30 42 86 255
-63.134216 36.697266 0.000000 -0.997593 -0.069348 0.000000 30 42 86 255
-63.134216 36.697266 -18.750000 -0.997593 -0.069348 0.000000 30 42 86 255
-63.188835 37.648438 18.750000 -0.998355 -0.057328 0.000000 30 42 86 255
-63.243454 38.599609 18.750000 -0.998355 -0.057328 0.000000 30 42 86 255
-63.188835 37.648438 0.000000 -0.998355 -0.057328 0.000000 30 42 86 255
-63.243454 38.599609 0.000000 -0.998355 -0.057328 0.000000 30 42 86 255
-63.188835 37.648438 -18.750000 -0.998355 -0.057328 0.000000 30 42 86 255
-63.298073 39.550781 0.000000 -0.998355 -0.057328 0.000000 30 42 86 255
-63.298073 39.550781 -18.750000 -0.998355 -0.057328 0.000000 30 42 86 255
-63.243454 38.599609 -18.750000 -0.998355 -0.057328 0.000000 30 42 86 255
-36.948914 -7.818359 18.750000 -0.515980 -0.856601 0.000000 30 42 86 255
-37.654320 -7.324707 18.750000 -0.573359 -0.819304 0.000000 30 42 86 255
-38.359726 -6.831055 18.750000 -0.573359 -0.819304 0.000000 30 42 86 255
-36.948914 -7.818359 0.000000 -0.515980 -0.856601 0.000000 30 42 86 255
-37.654320 -7.324707 0.000000 -0.573359 -0.819304 0.000000 30 42 86 255
-38.359726 -6.831055 0.000000 -0.573359 -0.819304 0.000000 30 42 86 255
-37.654320 -7.324707 -18.750000 -0.573359 -0.819304 0.000000 30 42 86 255
-38.359726 -6.831055 -18.750000 -0.573359 -0.819304 0.000000 30 42 86 255
-39.065132 -6.337402 0.000000 -0.573359 -0.819304 0.000000 30 42 86 255
-39.065132 -6.337402 -18.750000 -0.573359 -0.819304 0.000000 30 42 86 255
-39.770538 -5.843750 0.000000 -0.583139 -0.812372 0.000000 30 42 86 255
-39.770538 -5.843750 -18.750000 -0.583139 -0.812372 0.000000 30 42 86 255
-40.461029 -5.335449 18.750000 -0.592835 -0.805324 0.000000 30 42 86 255
-41.151520 -4.827148 18.750000 -0.592835 -0.805324 0.000000 30 42 86 255
-40.461029 -5.335449 0.000000 -0.592835 -0.805324 0.000000 30 42 86 255
-41.151520 -4.827148 0.000000 -0.592835 -0.805324 0.000000 30 42 86 255
-40.461029 -5.335449 -18.750000 -0.592835 -0.805324 0.000000 30 42 86 255
-41.151520 -4.827148 -18.750000 -0.592835 -0.805324 0.000000 30 42 86 255
-41.842010 -4.318848 0.000000 -0.592835 -0.805324 0.000000 30 42 86 255
-41.842010 -4.318848 -18.750000 -0.592835 -0.805324 0.000000 30 42 86 255
-42.532501 -3.810547 0.000000 -0.612361 -0.790579 0.000000 30 42 86 255
-42.532501 -3.810547 -18.750000 -0.612361 -0.790579 0.000000 30 42 86 255
-43.193146 -3.272461 18.750000 -0.631520 -0.775360 0.000000 30 42 86 255
-43.853790 -2.734375 18.750000 -0.631520 -0.775360 0.000000 30 42 86 255
-43.193146 -3.272461 0.000000 -0.631520 -0.775360 0.000000 30 42 86 255
-43.853790 -2.734375 0.000000 -0.631520 -0.775360 0.000000 30 42 86 255
-43.193146 -3.272461 -18.750000 -0.631520 -0.775360 0.000000 30 42 86 255
-43.853790 -2.734375 -18.750000 -0.631520 -0.775360 0.000000 30 42 86 255
-44.514435 -2.196289 0.000000 -0.631520 -0.775360 0.000000 30 42 86 255
-44.514435 -2.196289 -18.750000 -0.631520 -0.775360 0.000000 30 42 86 255
-45.175079 -1.658203 0.000000 -0.659313 -0.751869 0.000000 30 42 86 255
-45.175079 -1.658203 -18.750000 -0.659313 -0.751869 0.000000 30 42 86 255
-45.790977 -1.077148 18.750000 -0.686232 -0.727383 0.000000 30 42 86 255
-46.406876 -0.496094 18.750000 -0.686232 -0.727383 0.000000 30 42 86 255
-45.790977 -1.077148 0.000000 -0.686232 -0.727383 0.000000 30 42 86 255
-46.406876 -0.496094 0.000000 -0.686232 -0.727383 0.000000 30 42 86 255
-45.790977 -1.077148 -18.750000 -0.686232 -0.727383 0.000000 30 42 86 255
-46.406876 -0.496094 -18.750000 -0.686232 -0.727383 0.000000 30 42 86 255
-47.022774 0.084961 0.000000 -0.686232 -0.727383 0.000000 30 42 86 255
-47.022774 0.084961 -18.750000 -0.686232 -0.727383 0.000000 30 42 86 255
-47.638672 0.666016 0.000000 -0.717681 -0.696372 0.000000 30 42 86 255
-47.638672 0.666016 -18.750000 -0.717681 -0.696372 0.000000 30 42 86 255
-48.201492 1.299805 18.750000 -0.747730 -0.664003 0.000000 30 42 86 255
-48.764313 1.933594 18.750000 -0.747730 -0.664003 0.000000 30 42 86 255
-48.201492 1.299805 0.000000 -0.747730 -0.664003 0.000000 30 42 86 255
-48.764313 1.933594 0.000000 -0.747730 -0.664003 0.000000 30 42 86 255
-48.201492 1.299805 -18.750000 -0.747730 -0.664003 0.000000 30 42 86 255
-48.764313 1.933594 -18.750000 -0.747730 -0.664003 0.000000 30 42 86 255
-49.327133 2.567383 0.000000 -0.747730 -0.664003 0.000000 30 42 86 255
-49.327133 2.567383 -18.750000 -0.747730 -0.664003 0.000000 30 42 86 255
-49.889954 3.201172 0.000000 -0.770357 -0.637613 0.000000 30 42 86 255
-49.889954 3.201172 -18.750000 -0.770357 -0.637613 0.000000 30 42 86 255
-50.410416 3.876465 18.750000 -0.792053 -0.610452 0.000000 30 42 86 255
-50.930878 4.551758 18.750000 -0.792053 -0.610452 0.000000 30 42 86 255
-50.410416 3.876465 0.000000 -0.792053 -0.610452 0.000000 30 42 86 255
-50.930878 4.551758 0.000000 -0.792053 -0.610452 0.000000 30 42 86 255
-50.410416 3.876465 -18.750000 -0.792053 -0.610452 0.000000 30 42 86 255
-50.930878 4.551758 -18.750000 -0.792053 -0.610452 0.000000 30 42 86 255
-51.451340 5.227051 0.000000 -0.792053 -0.610452 0.000000 30 42 86 255
-51.451340 5.227051 -18.750000 -0.792053 -0.610452 0.000000 30 42 86 255
-51.971802 5.902344 0.000000 -0.809126 -0.587636 0.000000 30 42 86 255
-51.971802 5.902344 -18.750000 -0.809126 -0.587636 0.000000 30 42 86 255
-52.942131 7.321777 18.750000 -0.825541 -0.564342 0.000000 30 42 86 255
-53.912460 8.741211 18.750000 -0.825541 -0.564342 0.000000 30 42 86 255
-52.942131 7.321777 0.000000 -0.825541 -0.564342 0.000000 30 42 86 255
-53.912460 8.741211 0.000000 -0.825541 -0.564342 0.000000 30 42 86 255
-52.942131 7.321777 -18.750000 -0.825541 -0.564342 0.000000 30 42 86 255
-54.882790 10.160645 0.000000 -0.825541 -0.564342 0.000000 30 42 86 255
-54.882790 10.160645 -18.750000 -0.825541 -0.564342 0.000000 30 42 86 255
-53.912460 8.741211 -18.750000 -0.825541 -0.564342 0.000000 30 42 86 255
-2.886871 -22.625000 18.750000 -0.341037 -0.940050 0.000000 30 42 86 255
-5.071236 -21.824707 18.750000 -0.344012 -0.938965 0.000000 30 42 86 255
-7.255600 -21.024414 18.750000 -0.344012 -0.938965 0.000000 30 42 86 255
-2.886871 -22.625000 0.000000 -0.341037 -0.940050 0.000000 30 42 86 255
-5.071236 -21.824707 0.000000 -0.344012 -0.938965 0.000000 30 42 86 255
-7.255600 -21.024414 0.000000 -0.344012 -0.938965 0.000000 30 42 86 255
-5.071236 -21.824707 -18.750000 -0.344012 -0.938965 0.000000 30 42 86 255
-7.255600 -21.024414 -18.750000 -0.344012 -0.938965 0.000000 30 42 86 255
-9.439964 -20.224121 0.000000 -0.344012 -0.938965 0.000000 30 42 86 255
-9.439964 -20.224121 -18.750000 -0.344012 -0.938965 0.000000 30 42 86 255
-11.624329 -19.423828 0.000000 -0.352329 -0.935876 0.000000 30 42 86 255
-11.624329 -19.423828 -18.750000 -0.352329 -0.935876 0.000000 30 42 86 255
-12.707901 -19.004883 18.750000 -0.360618 -0.932714 0.000000 30 42 86 255
-13.791473 -18.585938 18.750000 -0.360618 -0.932714 0.000000 30 42 86 255
-12.707901 -19.004883 0.000000 -0.360618 -0.932714 0.000000 30 42 86 255
-13.791473 -18.585938 0.000000 -0.360618 -0.932713 0.000000 30 42 86 255
-12.707901 -19.004883 -18.750000 -0.360618 -0.932713 0.000000 30 42 86 255
-13.791473 -18.585938 -18.750000 -0.360618 -0.932714 0.000000 30 42 86 255
-14.875046 -18.166992 0.000000 -0.360618 -0.932714 0.000000 30 42 86 255
-14.875046 -18.166992 -18.750000 -0.360618 -0.932714 0.000000 30 42 86 255
-15.958618 -17.748047 0.000000 -0.371237 -0.928538 0.000000 30 42 86 255
-15.958618 -17.748047 -18.750000 -0.371237 -0.928538 0.000000 30 42 86 255
-17.031860 -17.304688 18.750000 -0.381807 -0.924242 0.000000 30 42 86 255
-18.105103 -16.861328 18.750000 -0.381807 -0.924242 0.000000 30 42 86 255
-17.031860 -17.304688 0.000000 -0.381807 -0.924242 0.000000 30 42 86 255
-18.105103 -16.861328 0.000000 -0.381807 -0.924242 0.000000 30 42 86 255
-17.031860 -17.304688 -18.750000 -0.381807 -0.924242 0.000000 30 42 86 255
-18.105103 -16.861328 -18.750000 -0.381807 -0.924242 0.000000 30 42 86 255
-19.178345 -16.417969 0.000000 -0.381807 -0.924242 0.000000 30 42 86 255
-19.178345 -16.417969 -18.750000 -0.381807 -0.924242 0.000000 30 42 86 255
-20.251587 -15.974609 0.000000 -0.394992 -0.918684 0.000000 30 42 86 255
-20.251587 -15.974609 -18.750000 -0.394992 -0.918684 0.000000 30 42 86 255
-21.311134 -15.500977 18.750000 -0.408097 -0.912939 0.000000 30 42 86 255
-22.370682 -15.027344 18.750000 -0.408097 -0.912939 0.000000 30 42 86 255
-21.311134 -15.500977 0.000000 -0.408097 -0.912939 0.000000 30 42 86 255
-22.370682 -15.027344 0.000000 -0.408097 -0.912939 0.000000 30 42 86 255
-21.311134 -15.500977 -18.750000 -0.408097 -0.912939 0.000000 30 42 86 255
-22.370682 -15.027344 -18.750000 -0.408097 -0.912939 0.000000 30 42 86 255
-23.430229 -14.553711 0.000000 -0.408097 -0.912939 0.000000 30 42 86 255
-23.430229 -14.553711 -18.750000 -0.408097 -0.912939 0.000000 30 42 86 255
-24.489777 -14.080078 0.000000 -0.421446 -0.906853 0.000000 30 42 86 255
-24.489777 -14.080078 -18.750000 -0.421446 -0.906853 0.000000 30 42 86 255
-25.535736 -13.575195 18.750000 -0.434705 -0.900573 0.000000 30 42 86 255
-26.581696 -13.070312 18.750000 -0.434705 -0.900573 0.000000 30 42 86 255
-25.535736 -13.575195 0.000000 -0.434705 -0.900573 0.000000 30 42 86 255
-26.581696 -13.070312 0.000000 -0.434705 -0.900573 0.000000 30 42 86 255
-25.535736 -13.575195 -18.750000 -0.434705 -0.900573 0.000000 30 42 86 255
-26.581696 -13.070312 -18.750000 -0.434705 -0.900573 0.000000 30 42 86 255
-27.627655 -12.565430 0.000000 -0.434705 -0.900573 0.000000 30 42 86 255
-27.627655 -12.565430 -18.750000 -0.434705 -0.900573 0.000000 30 42 86 255
-28.673615 -12.060547 0.000000 -0.445477 -0.895294 0.000000 30 42 86 255
-28.673615 -12.060547 -18.750000 -0.445477 -0.895294 0.000000 30 42 86 255
-30.742439 -11.000000 18.750000 -0.456184 -0.889885 0.000000 30 42 86 255
-32.811264 -9.939453 18.750000 -0.456184 -0.889885 0.000000 30 42 86 255
-30.742439 -11.000000 0.000000 -0.456184 -0.889885 0.000000 30 42 86 255
-32.811264 -9.939453 0.000000 -0.456184 -0.889885 0.000000 30 42 86 255
-30.742439 -11.000000 -18.750000 -0.456184 -0.889885 0.000000 30 42 86 255
-34.880089 -8.878906 0.000000 -0.456184 -0.889885 0.000000 30 42 86 255
-34.880089 -8.878906 -18.750000 -0.456184 -0.889885 0.000000 30 42 86 255
-32.811264 -9.939453 -18.750000 -0.456184 -0.889885 0.000000 30 42 86 255
18.036804 -33.564453 18.750000 -0.714639 -0.699493 0.000000 30 42 86 255
16.842003 -32.677734 18.750000 -0.595957 -0.803017 0.000000 30 42 86 255
15.647202 -31.791016 18.750000 -0.595957 -0.803017 0.000000 30 42 86 255
18.036804 -33.564453 0.000000 -0.714639 -0.699493 0.000000 30 42 86 255
16.842003 -32.677734 0.000000 -0.595957 -0.803017 0.000000 30 42 86 255
15.647202 -31.791016 0.000000 -0.595957 -0.803017 0.000000 30 42 86 255
16.842003 -32.677734 -18.750000 -0.595957 -0.803017 0.000000 30 42 86 255
15.647202 -31.791016 -18.750000 -0.595957 -0.803017 0.000000 30 42 86 255
14.452400 -30.904297 0.000000 -0.595957 -0.803017 0.000000 30 42 86 255
14.452400 -30.904297 -18.750000 -0.595957 -0.803017 0.000000 30 42 86 255
13.257599 -30.017578 0.000000 -0.568662 -0.822571 0.000000 30 42 86 255
13.257599 -30.017578 -18.750000 -0.568662 -0.822571 0.000000 30 42 86 255
12.636238 -29.618164 18.750000 -0.540727 -0.841198 0.000000 30 42 86 255
12.014877 -29.218750 18.750000 -0.540727 -0.841198 0.000000 30 42 86 255
12.636238 -29.618164 0.000000 -0.540727 -0.841198 0.000000 30 42 86 255
12.014877 -29.218750 0.000000 -0.540727 -0.841198 0.000000 30 42 86 255
12.636238 -29.618164 -18.750000 -0.540727 -0.841198 0.000000 30 42 86 255
12.014877 -29.218750 -18.750000 -0.540727 -0.841198 0.000000 30 42 86 255
11.393517 -28.819336 0.000000 -0.540727 -0.841198 0.000000 30 42 86 255
11.393517 -28.819336 -18.750000 -0.540727 -0.841198 0.000000 30 42 86 255
10.772156 -28.419922 0.000000 -0.509953 -0.860202 0.000000 30 42 86 255
10.772156 -28.419922 -18.750000 -0.509953 -0.860202 0.000000 30 42 86 255
10.124344 -28.066895 18.750000 -0.478513 -0.878081 0.000000 30 42 86 255
9.476532 -27.713867 18.750000 -0.478513 -0.878081 0.000000 30 42 86 255
10.124344 -28.066895 0.000000 -0.478513 -0.878081 0.000000 30 42 86 255
9.476532 -27.713867 0.000000 -0.478513 -0.878080 0.000000 30 42 86 255
10.124344 -28.066895 -18.750000 -0.478513 -0.878080 0.000000 30 42 86 255
9.476532 -27.713867 -18.750000 -0.478513 -0.878080 0.000000 30 42 86 255
8.828720 -27.360840 0.000000 -0.478513 -0.878080 0.000000 30 42 86 255
8.828720 -27.360840 -18.750000 -0.478513 -0.878080 0.000000 30 42 86 255
8.180908 -27.007812 0.000000 -0.449711 -0.893174 0.000000 30 42 86 255
8.180908 -27.007812 -18.750000 -0.449711 -0.893174 0.000000 30 42 86 255
7.509674 -26.696777 18.750000 -0.420434 -0.907323 0.000000 30 42 86 255
6.838440 -26.385742 18.750000 -0.420434 -0.907323 0.000000 30 42 86 255
7.509674 -26.696777 0.000000 -0.420434 -0.907323 0.000000 30 42 86 255
6.838440 -26.385742 0.000000 -0.420434 -0.907323 0.000000 30 42 86 255
7.509674 -26.696777 -18.750000 -0.420434 -0.907323 0.000000 30 42 86 255
6.838440 -26.385742 -18.750000 -0.420434 -0.907323 0.000000 30 42 86 255
6.167206 -26.074707 0.000000 -0.420434 -0.907323 0.000000 30 42 86 255
6.167206 -26.074707 -18.750000 -0.420434 -0.907323 0.000000 30 42 86 255
5.495972 -25.763672 0.000000 -0.398217 -0.917291 0.000000 30 42 86 255
5.495972 -25.763672 -18.750000 -0.398217 -0.917291 0.000000 30 42 86 255
4.807167 -25.484375 18.750000 -0.375765 -0.926715 0.000000 30 42 86 255
4.118362 -25.205078 18.750000 -0.375765 -0.926715 0.000000 30 42 86 255
4.807167 -25.484375 0.000000 -0.375765 -0.926715 0.000000 30 42 86 255
4.118362 -25.205078 0.000000 -0.375765 -0.926715 0.000000 30 42 86 255
4.807167 -25.484375 -18.750000 -0.375765 -0.926715 0.000000 30 42 86 255
4.118362 -25.205078 -18.750000 -0.375765 -0.926715 0.000000 30 42 86 255
3.429558 -24.925781 0.000000 -0.375765 -0.926715 0.000000 30 42 86 255
3.429558 -24.925781 -18.750000 -0.375765 -0.926715 0.000000 30 42 86 255
2.740753 -24.646484 0.000000 -0.356985 -0.934110 0.000000 30 42 86 255
2.740753 -24.646484 -18.750000 -0.356985 -0.934110 0.000000 30 42 86 255
1.333847 -24.141113 18.750000 -0.338059 -0.941125 0.000000 30 42 86 255
-0.073059 -23.635742 18.750000 -0.338059 -0.941125 0.000000 30 42 86 255
1.333847 -24.141113 0.000000 -0.338059 -0.941125 0.000000 30 42 86 255
-0.073059 -23.635742 0.000000 -0.338059 -0.941125 0.000000 30 42 86 255
1.333847 -24.141113 -18.750000 -0.338059 -0.941125 0.000000 30 42 86 255
-1.479965 -23.130371 0.000000 -0.338059 -0.941125 0.000000 30 42 86 255
-1.479965 -23.130371 -18.750000 -0.338059 -0.941125 0.000000 30 42 86 255
-0.073059 -23.635742 -18.750000 -0.338059 -0.941125 0.000000 30 42 86 255
22.278687 -44.507812 18.750000 -0.999999 0.001434 0.000000 30 42 86 255
22.189049 -43.756348 18.750000 -0.992961 -0.118444 0.000000 30 42 86 255
22.099411 -43.004883 18.750000 -0.992961 -0.118444 0.000000 30 42 86 255
22.278687 -44.507812 0.000000 -0.999999 0.001434 0.000000 30 42 86 255
22.189049 -43.756348 0.000000 -0.992961 -0.118444 0.000000 30 42 86 255
22.099411 -43.004883 0.000000 -0.992961 -0.118444 0.000000 30 42 86 255
22.189049 -43.756348 -18.750000 -0.992961 -0.118444 0.000000 30 42 86 255
22.099411 -43.004883 -18.750000 -0.992961 -0.118444 0.000000 30 42 86 255
22.009773 -42.253418 0.000000 -0.992961 -0.118444 0.000000 30 42 86 255
22.009773 -42.253418 -18.750000 -0.992961 -0.118444 0.000000 30 42 86 255
21.920135 -41.501953 0.000000 -0.987021 -0.160593 0.000000 30 42 86 255
21.920135 -41.501953 -18.750000 -0.987021 -0.160593 0.000000 30 42 86 255
21.844933 -41.138184 18.750000 -0.979292 -0.202451 0.000000 30 42 86 255
21.769730 -40.774414 18.750000 -0.979292 -0.202451 0.000000 30 42 86 255
21.844933 -41.138184 0.000000 -0.979292 -0.202451 0.000000 30 42 86 255
21.769730 -40.774414 0.000000 -0.979292 -0.202451 0.000000 30 42 86 255
21.844933 -41.138184 -18.750000 -0.979292 -0.202451 0.000000 30 42 86 255
21.769730 -40.774414 -18.750000 -0.979292 -0.202451 0.000000 30 42 86 255
21.694527 -40.410645 0.000000 -0.979292 -0.202451 0.000000 30 42 86 255
21.694527 -40.410645 -18.750000 -0.979292 -0.202451 0.000000 30 42 86 255
21.619324 -40.046875 0.000000 -0.967274 -0.253733 0.000000 30 42 86 255
21.619324 -40.046875 -18.750000 -0.967274 -0.253733 0.000000 30 42 86 255
21.507637 -39.697266 18.750000 -0.952573 -0.304310 0.000000 30 42 86 255
21.395950 -39.347656 18.750000 -0.952573 -0.304310 0.000000 30 42 86 255
21.507637 -39.697266 0.000000 -0.952573 -0.304310 0.000000 30 42 86 255
21.395950 -39.347656 0.000000 -0.952573 -0.304310 0.000000 30 42 86 255
21.507637 -39.697266 -18.750000 -0.952573 -0.304310 0.000000 30 42 86 255
21.395950 -39.347656 -18.750000 -0.952573 -0.304310 0.000000 30 42 86 255
21.284264 -38.998047 0.000000 -0.952573 -0.304310 0.000000 30 42 86 255
21.284264 -38.998047 -18.750000 -0.952573 -0.304310 0.000000 30 42 86 255
21.172577 -38.648438 0.000000 -0.931445 -0.363882 0.000000 30 42 86 255
21.172577 -38.648438 -18.750000 -0.931445 -0.363882 0.000000 30 42 86 255
21.017342 -38.314941 18.750000 -0.906595 -0.422001 0.000000 30 42 86 255
20.862106 -37.981445 18.750000 -0.906595 -0.422001 0.000000 30 42 86 255
21.017342 -38.314941 0.000000 -0.906595 -0.422001 0.000000 30 42 86 255
20.862106 -37.981445 0.000000 -0.906595 -0.422001 0.000000 30 42 86 255
21.017342 -38.314941 -18.750000 -0.906595 -0.422001 0.000000 30 42 86 255
20.862106 -37.981445 -18.750000 -0.906595 -0.422001 0.000000 30 42 86 255
20.706871 -37.647949 0.000000 -0.906595 -0.422001 0.000000 30 42 86 255
20.706871 -37.647949 -18.750000 -0.906595 -0.422001 0.000000 30 42 86 255
20.551636 -37.314453 0.000000 -0.884037 -0.467417 0.000000 30 42 86 255
20.551636 -37.314453 -18.750000 -0.884037 -0.467417 0.000000 30 42 86 255
20.361481 -36.995117 18.750000 -0.859205 -0.511631 0.000000 30 42 86 255
20.171326 -36.675781 18.750000 -0.859205 -0.511631 0.000000 30 42 86 255
20.361481 -36.995117 0.000000 -0.859205 -0.511631 0.000000 30 42 86 255
20.171326 -36.675781 0.000000 -0.859205 -0.511631 0.000000 30 42 86 255
20.361481 -36.995117 -18.750000 -0.859205 -0.511631 0.000000 30 42 86 255
20.171326 -36.675781 -18.750000 -0.859205 -0.511631 0.000000 30 42 86 255
19.981171 -36.356445 0.000000 -0.859205 -0.511631 0.000000 30 42 86 255
19.981171 -36.356445 -18.750000 -0.859205 -0.511631 0.000000 30 42 86 255
19.791016 -36.037109 0.000000 -0.838071 -0.545562 0.000000 30 42 86 255
19.791016 -36.037109 -18.750000 -0.838071 -0.545562 0.000000 30 42 86 255
19.352463 -35.418945 18.750000 -0.815597 -0.578620 0.000000 30 42 86 255
18.913910 -34.800781 18.750000 -0.815597 -0.578620 0.000000 30 42 86 255
19.352463 -35.418945 0.000000 -0.815597 -0.578620 0.000000 30 42 86 255
18.913910 -34.800781 0.000000 -0.815597 -0.578620 0.000000 30 42 86 255
19.352463 -35.418945 -18.750000 -0.815597 -0.578620 0.000000 30 42 86 255
18.475357 -34.182617 0.000000 -0.815597 -0.578620 0.000000 30 42 86 255
18.475357 -34.182617 -18.750000 -0.815597 -0.578620 0.000000 30 42 86 255
18.913910 -34.800781 -18.750000 -0.815597 -0.578620 0.000000 30 42 86 255
16.270203 -57.537109 18.750000 -0.634987 0.772523 0.000000 30 42 86 255
16.907997 -56.844727 18.750000 -0.735506 0.677518 0.000000 30 42 86 255
17.545792 -56.152344 18.750000 -0.735506 0.677518 0.000000 30 42 86 255
16.270203 -57.537109 0.000000 -0.634987 0.772523 0.000000 30 42 86 255
16.907997 -56.844727 0.000000 -0.735506 0.677518 0.000000 30 42 86 255
17.545792 -56.152344 0.000000 -0.735506 0.677518 0.000000 30 42 86 255
16.907997 -56.844727 -18.750000 -0.735506 0.677518 0.000000 30 42 86 255
17.545792 -56.152344 -18.750000 -0.735506 0.677518 0.000000 30 42 86 255
18.183586 -55.459961 0.000000 -0.735506 0.677518 0.000000 30 42 86 255
18.183586 -55.459961 -18.750000 -0.735506 0.677518 0.000000 30 42 86 255
18.821381 -54.767578 0.000000 -0.769726 0.638374 0.000000 30 42 86 255
18.821381 -54.767578 -18.750000 -0.769726 0.638374 0.000000 30 42 86 255
19.095352 -54.399902 18.750000 -0.801865 0.597505 0.000000 30 42 86 255
19.369324 -54.032227 18.750000 -0.801865 0.597505 0.000000 30 42 86 255
19.095352 -54.399902 0.000000 -0.801865 0.597505 0.000000 30 42 86 255
19.369324 -54.032227 0.000000 -0.801865 0.597505 0.000000 30 42 86 255
19.095352 -54.399902 -18.750000 -0.801865 0.597505 0.000000 30 42 86 255
19.369324 -54.032227 -18.750000 -0.801865 0.597505 0.000000 30 42 86 255
19.643295 -53.664551 0.000000 -0.801865 0.597505 0.000000 30 42 86 255
19.643295 -53.664551 -18.750000 -0.801865 0.597505 0.000000 30 42 86 255
19.917267 -53.296875 0.000000 -0.838851 0.544361 0.000000 30 42 86 255
19.917267 -53.296875 -18.750000 -0.838851 0.544361 0.000000 30 42 86 255
20.137306 -52.904297 18.750000 -0.872321 0.488934 0.000000 30 42 86 255
20.357346 -52.511719 18.750000 -0.872321 0.488934 0.000000 30 42 86 255
20.137306 -52.904297 0.000000 -0.872321 0.488934 0.000000 30 42 86 255
20.357346 -52.511719 0.000000 -0.872321 0.488934 0.000000 30 42 86 255
20.137306 -52.904297 -18.750000 -0.872321 0.488934 0.000000 30 42 86 255
20.357346 -52.511719 -18.750000 -0.872321 0.488934 0.000000 30 42 86 255
20.577385 -52.119141 0.000000 -0.872321 0.488934 0.000000 30 42 86 255
20.577385 -52.119141 -18.750000 -0.872321 0.488934 0.000000 30 42 86 255
20.797424 -51.726562 0.000000 -0.908592 0.417685 0.000000 30 42 86 255
20.797424 -51.726562 -18.750000 -0.908592 0.417685 0.000000 30 42 86 255
20.952042 -51.304199 18.750000 -0.939055 0.343766 0.000000 30 42 86 255
21.106659 -50.881836 18.750000 -0.939055 0.343766 0.000000 30 42 86 255
20.952042 -51.304199 0.000000 -0.939055 0.343766 0.000000 30 42 86 255
21.106659 -50.881836 0.000000 -0.939055 0.343766 0.000000 30 42 86 255
20.952042 -51.304199 -18.750000 -0.939055 0.343766 0.000000 30 42 86 255
21.106659 -50.881836 -18.750000 -0.939055 0.343766 0.000000 30 42 86 255
21.261276 -50.459473 0.000000 -0.939055 0.343766 0.000000 30 42 86 255
21.261276 -50.459473 -18.750000 -0.939055 0.343766 0.000000 30 42 86 255
21.415894 -50.037109 0.000000 -0.959104 0.283054 0.000000 30 42 86 255
21.415894 -50.037109 -18.750000 -0.959104 0.283054 0.000000 30 42 86 255
21.517334 -49.589844 18.750000 -0.975232 0.221184 0.000000 30 42 86 255
21.618774 -49.142578 18.750000 -0.975232 0.221184 0.000000 30 42 86 255
21.517334 -49.589844 0.000000 -0.975232 0.221184 0.000000 30 42 86 255
21.618774 -49.142578 0.000000 -0.975232 0.221184 0.000000 30 42 86 255
21.517334 -49.589844 -18.750000 -0.975232 0.221184 0.000000 30 42 86 255
21.618774 -49.142578 -18.750000 -0.975232 0.221184 0.000000 30 42 86 255
21.720215 -48.695312 0.000000 -0.975232 0.221184 0.000000 30 42 86 255
21.720215 -48.695312 -18.750000 -0.975232 0.221184 0.000000 30 42 86 255
21.821655 -48.248047 0.000000 -0.985191 0.171458 0.000000 30 42 86 255
21.821655 -48.248047 -18.750000 -0.985191 0.171458 0.000000 30 42 86 255
21.935913 -47.312988 18.750000 -0.992617 0.121291 0.000000 30 42 86 255
22.050171 -46.377930 18.750000 -0.992617 0.121291 0.000000 30 42 86 255
21.935913 -47.312988 0.000000 -0.992617 0.121291 0.000000 30 42 86 255
22.050171 -46.377930 0.000000 -0.992617 0.121291 0.000000 30 42 86 255
21.935913 -47.312988 -18.750000 -0.992617 0.121291 0.000000 30 42 86 255
22.164429 -45.442871 0.000000 -0.992617 0.121291 0.000000 30 42 86 255
22.164429 -45.442871 -18.750000 -0.992617 0.121291 0.000000 30 42 86 255
22.050171 -46.377930 -18.750000 -0.992617 0.121291 0.000000 30 42 86 255
0.233582 -62.554688 18.750000 0.092713 0.995693 0.000000 30 42 86 255
1.314484 -62.481934 18.750000 -0.067157 0.997743 0.000000 30 42 86 255
2.395386 -62.409180 18.750000 -0.067157 0.997743 0.000000 30 42 86 255
0.233582 -62.554688 0.000000 0.092713 0.995693 0.000000 30 42 86 255
1.314484 -62.481934 0.000000 -0.067157 0.997743 0.000000 30 42 86 255
2.395386 -62.409180 0.000000 -0.067157 0.997743 0.000000 30 42 86 255
1.314484 -62.481934 -18.750000 -0.067157 0.997743 0.000000 30 42 86 255
2.395386 -62.409180 -18.750000 -0.067157 0.997742 0.000000 30 42 86 255
3.476288 -62.336426 0.000000 -0.067157 0.997742 0.000000 30 42 86 255
3.476288 -62.336426 -18.750000 -0.067157 0.997742 0.000000 30 42 86 255
4.557190 -62.263672 0.000000 -0.104191 0.994557 0.000000 30 42 86 255
4.557190 -62.263672 -18.750000 -0.104191 0.994557 0.000000 30 42 86 255
5.084854 -62.188477 18.750000 -0.141081 0.989998 0.000000 30 42 86 255
5.612518 -62.113281 18.750000 -0.141081 0.989998 0.000000 30 42 86 255
5.084854 -62.188477 0.000000 -0.141081 0.989998 0.000000 30 42 86 255
5.612518 -62.113281 0.000000 -0.141081 0.989998 0.000000 30 42 86 255
5.084854 -62.188477 -18.750000 -0.141081 0.989998 0.000000 30 42 86 255
5.612518 -62.113281 -18.750000 -0.141081 0.989998 0.000000 30 42 86 255
6.140182 -62.038086 0.000000 -0.141081 0.989998 0.000000 30 42 86 255
6.140182 -62.038086 -18.750000 -0.141081 0.989998 0.000000 30 42 86 255
6.667847 -61.962891 0.000000 -0.187079 0.982345 0.000000 30 42 86 255
6.667847 -61.962891 -18.750000 -0.187079 0.982345 0.000000 30 42 86 255
7.180138 -61.840332 18.750000 -0.232671 0.972556 0.000000 30 42 86 255
7.692429 -61.717773 18.750000 -0.232671 0.972556 0.000000 30 42 86 255
7.180138 -61.840332 0.000000 -0.232671 0.972556 0.000000 30 42 86 255
7.692429 -61.717773 0.000000 -0.232671 0.972556 0.000000 30 42 86 255
7.180138 -61.840332 -18.750000 -0.232671 0.972556 0.000000 30 42 86 255
7.692429 -61.717773 -18.750000 -0.232671 0.972556 0.000000 30 42 86 255
8.204720 -61.595215 0.000000 -0.232671 0.972556 0.000000 30 42 86 255
8.204720 -61.595215 -18.750000 -0.232671 0.972556 0.000000 30 42 86 255
8.717010 -61.472656 0.000000 -0.291093 0.956695 0.000000 30 42 86 255
8.717010 -61.472656 -18.750000 -0.291093 0.956695 0.000000 30 42 86 255
9.209564 -61.289551 18.750000 -0.348449 0.937328 0.000000 30 42 86 255
9.702118 -61.106445 18.750000 -0.348449 0.937328 0.000000 30 42 86 255
9.209564 -61.289551 0.000000 -0.348449 0.937328 0.000000 30 42 86 255
9.702118 -61.106445 0.000000 -0.348449 0.937328 0.000000 30 42 86 255
9.209564 -61.289551 -18.750000 -0.348449 0.937328 0.000000 30 42 86 255
9.702118 -61.106445 -18.750000 -0.348449 0.937328 0.000000 30 42 86 255
10.194672 -60.923340 0.000000 -0.348449 0.937328 0.000000 30 42 86 255
10.194672 -60.923340 -18.750000 -0.348449 0.937328 0.000000 30 42 86 255
10.687225 -60.740234 0.000000 -0.397878 0.917438 0.000000 30 42 86 255
10.687225 -60.740234 -18.750000 -0.397878 0.917438 0.000000 30 42 86 255
11.162231 -60.503418 18.750000 -0.446178 0.894944 0.000000 30 42 86 255
11.637238 -60.266602 18.750000 -0.446178 0.894944 0.000000 30 42 86 255
11.162231 -60.503418 0.000000 -0.446178 0.894944 0.000000 30 42 86 255
11.637238 -60.266602 0.000000 -0.446178 0.894944 0.000000 30 42 86 255
11.162231 -60.503418 -18.750000 -0.446178 0.894944 0.000000 30 42 86 255
11.637238 -60.266602 -18.750000 -0.446178 0.894944 0.000000 30 42 86 255
12.112244 -60.029785 0.000000 -0.446178 0.894944 0.000000 30 42 86 255
12.112244 -60.029785 -18.750000 -0.446178 0.894944 0.000000 30 42 86 255
12.587250 -59.792969 0.000000 -0.484709 0.874676 0.000000 30 42 86 255
12.587250 -59.792969 -18.750000 -0.484709 0.874676 0.000000 30 42 86 255
13.507988 -59.229004 18.750000 -0.522321 0.852749 0.000000 30 42 86 255
14.428726 -58.665039 18.750000 -0.522321 0.852749 0.000000 30 42 86 255
13.507988 -59.229004 0.000000 -0.522321 0.852749 0.000000 30 42 86 255
14.428726 -58.665039 0.000000 -0.522321 0.852749 0.000000 30 42 86 255
13.507988 -59.229004 -18.750000 -0.522321 0.852749 0.000000 30 42 86 255
15.349464 -58.101074 0.000000 -0.522321 0.852749 0.000000 30 42 86 255
15.349464 -58.101074 -18.750000 -0.522321 0.852749 0.000000 30 42 86 255
14.428726 -58.665039 -18.750000 -0.522321 0.852749 0.000000 30 42 86 255
-28.737305 -33.236328 18.750000 0.485154 0.874429 0.000000 30 42 86 255
-28.309082 -34.665039 18.750000 0.957898 0.287108 0.000000 30 42 86 255
-27.880859 -36.093750 18.750000 0.957898 0.287108 0.000000 30 42 86 255
-28.737305 -33.236328 0.000000 0.485154 0.874429 0.000000 30 42 86 255
-28.309082 -34.665039 0.000000 0.957898 0.287108 0.000000 30 42 86 255
-27.880859 -36.093750 0.000000 0.957898 0.287108 0.000000 30 42 86 255
-28.309082 -34.665039 -18.750000 0.957898 0.287108 0.000000 30 42 86 255
-27.880859 -36.093750 -18.750000 0.957898 0.287108 0.000000 30 42 86 255
-27.452637 -37.522461 0.000000 0.957898 0.287108 0.000000 30 42 86 255
-27.452637 -37.522461 -18.750000 0.957898 0.287108 0.000000 30 42 86 255
-27.024414 -38.951172 0.000000 0.953411 0.301675 0.000000 30 42 86 255
-27.024414 -38.951172 -18.750000 0.953411 0.301675 0.000000 30 42 86 255
-26.792526 -39.646973 18.750000 0.948702 0.316172 0.000000 30 42 86 255
-26.560638 -40.342773 18.750000 0.948702 0.316172 0.000000 30 42 86 255
-26.792526 -39.646973 0.000000 0.948702 0.316172 0.000000 30 42 86 255
-26.560638 -40.342773 0.000000 0.948702 0.316172 0.000000 30 42 86 255
-26.792526 -39.646973 -18.750000 0.948702 0.316172 0.000000 30 42 86 255
-26.560638 -40.342773 -18.750000 0.948702 0.316172 0.000000 30 42 86 255
-26.328751 -41.038574 0.000000 0.948702 0.316172 0.000000 30 42 86 255
-26.328751 -41.038574 -18.750000 0.948702 0.316172 0.000000 30 42 86 255
-26.096863 -41.734375 0.000000 0.942442 0.334370 0.000000 30 42 86 255
-26.096863 -41.734375 -18.750000 0.942442 0.334370 0.000000 30 42 86 255
-25.843643 -42.406738 18.750000 0.935833 0.352445 0.000000 30 42 86 255
-25.590424 -43.079102 18.750000 0.935833 0.352445 0.000000 30 42 86 255
-25.843643 -42.406738 0.000000 0.935833 0.352445 0.000000 30 42 86 255
-25.590424 -43.079102 0.000000 0.935833 0.352445 0.000000 30 42 86 255
-25.843643 -42.406738 -18.750000 0.935833 0.352445 0.000000 30 42 86 255
-25.590424 -43.079102 -18.750000 0.935833 0.352445 0.000000 30 42 86 255
-25.337204 -43.751465 0.000000 0.935833 0.352445 0.000000 30 42 86 255
-25.337204 -43.751465 -18.750000 0.935833 0.352445 0.000000 30 42 86 255
-25.083984 -44.423828 0.000000 0.926176 0.377093 0.000000 30 42 86 255
-25.083984 -44.423828 -18.750000 0.926176 0.377093 0.000000 30 42 86 255
-24.802307 -45.066406 18.750000 0.915870 0.401476 0.000000 30 42 86 255
-24.520630 -45.708984 18.750000 0.915870 0.401476 0.000000 30 42 86 255
-24.802307 -45.066406 0.000000 0.915870 0.401476 0.000000 30 42 86 255
-24.520630 -45.708984 0.000000 0.915870 0.401476 0.000000 30 42 86 255
-24.802307 -45.066406 -18.750000 0.915870 0.401476 0.000000 30 42 86 255
-24.520630 -45.708984 -18.750000 0.915870 0.401476 0.000000 30 42 86 255
-24.238953 -46.351562 0.000000 0.915870 0.401476 0.000000 30 42 86 255
-24.238953 -46.351562 -18.750000 0.915870 0.401476 0.000000 30 42 86 255
-23.957275 -46.994141 0.000000 0.900938 0.433948 0.000000 30 42 86 255
-23.957275 -46.994141 -18.750000 0.900938 0.433948 0.000000 30 42 86 255
-23.640045 -47.596680 18.750000 0.884855 0.465867 0.000000 30 42 86 255
-23.322815 -48.199219 18.750000 0.884855 0.465867 0.000000 30 42 86 255
-23.640045 -47.596680 0.000000 0.884855 0.465867 0.000000 30 42 86 255
-23.322815 -48.199219 0.000000 0.884855 0.465866 0.000000 30 42 86 255
-23.640045 -47.596680 -18.750000 0.884855 0.465866 0.000000 30 42 86 255
-23.322815 -48.199219 -18.750000 0.884855 0.465866 0.000000 30 42 86 255
-23.005585 -48.801758 0.000000 0.884855 0.465866 0.000000 30 42 86 255
-23.005585 -48.801758 -18.750000 0.884855 0.465866 0.000000 30 42 86 255
-22.688354 -49.404297 0.000000 0.863474 0.504394 0.000000 30 42 86 255
-22.688354 -49.404297 -18.750000 0.863474 0.504394 0.000000 30 42 86 255
-22.328461 -49.962402 18.750000 0.840416 0.541942 0.000000 30 42 86 255
-21.968567 -50.520508 18.750000 0.840416 0.541942 0.000000 30 42 86 255
-22.328461 -49.962402 0.000000 0.840416 0.541942 0.000000 30 42 86 255
-21.968567 -50.520508 0.000000 0.840416 0.541942 0.000000 30 42 86 255
-22.328461 -49.962402 -18.750000 0.840416 0.541942 0.000000 30 42 86 255
-21.968567 -50.520508 -18.750000 0.840416 0.541942 0.000000 30 42 86 255
-21.608673 -51.078613 0.000000 0.840416 0.541942 0.000000 30 42 86 255
-21.608673 -51.078613 -18.750000 0.840416 0.541942 0.000000 30 42 86 255
-21.248779 -51.636719 0.000000 0.809664 0.586894 0.000000 30 42 86 255
-21.248779 -51.636719 -18.750000 0.809664 0.586894 0.000000 30 42 86 255
-20.839088 -52.141602 18.750000 0.776510 0.630105 0.000000 30 42 86 255
-20.429398 -52.646484 18.750000 0.776510 0.630105 0.000000 30 42 86 255
-20.839088 -52.141602 0.000000 0.776510 0.630105 0.000000 30 42 86 255
-20.429398 -52.646484 0.000000 0.776510 0.630105 0.000000 30 42 86 255
-20.839088 -52.141602 -18.750000 0.776510 0.630105 0.000000 30 42 86 255
-20.429398 -52.646484 -18.750000 0.776510 0.630105 0.000000 30 42 86 255
-20.019707 -53.151367 0.000000 0.776510 0.630105 0.000000 30 42 86 255
-20.019707 -53.151367 -18.750000 0.776510 0.630105 0.000000 30 42 86 255
-19.610016 -53.656250 0.000000 0.745566 0.666431 0.000000 30 42 86 255
-19.610016 -53.656250 -18.750000 0.745566 0.666431 0.000000 30 42 86 255
-19.384285 -53.885742 18.750000 0.712925 0.701240 0.000000 30 42 86 255
-19.158554 -54.115234 18.750000 0.712925 0.701240 0.000000 30 42 86 255
-19.384285 -53.885742 0.000000 0.712925 0.701240 0.000000 30 42 86 255
-19.158554 -54.115234 0.000000 0.712925 0.701240 0.000000 30 42 86 255
-19.384285 -53.885742 -18.750000 0.712925 0.701240 0.000000 30 42 86 255
-19.158554 -54.115234 -18.750000 0.712925 0.701240 0.000000 30 42 86 255
-18.932823 -54.344727 0.000000 0.712925 0.701240 0.000000 30 42 86 255
-18.932823 -54.344727 -18.750000 0.712925 0.701240 0.000000 30 42 86 255
-18.707092 -54.574219 0.000000 0.688437 0.725296 0.000000 30 42 86 255
-18.707092 -54.574219 -18.750000 0.688437 0.725296 0.000000 30 42 86 255
-18.466248 -54.787598 18.750000 0.663139 0.748497 0.000000 30 42 86 255
-18.225403 -55.000977 18.750000 0.663139 0.748497 0.000000 30 42 86 255
-18.466248 -54.787598 0.000000 0.663139 0.748497 0.000000 30 42 86 255
-18.225403 -55.000977 0.000000 0.663139 0.748497 0.000000 30 42 86 255
-18.466248 -54.787598 -18.750000 0.663139 0.748497 0.000000 30 42 86 255
-18.225403 -55.000977 -18.750000 0.663139 0.748497 0.000000 30 42 86 255
-17.984558 -55.214355 0.000000 0.663139 0.748497 0.000000 30 42 86 255
-17.984558 -55.214355 -18.750000 0.663139 0.748497 0.000000 30 42 86 255
-17.743713 -55.427734 0.000000 0.636522 0.771259 0.000000 30 42 86 255
-17.743713 -55.427734 -18.750000 0.636522 0.771259 0.000000 30 42 86 255
-17.487511 -55.624512 18.750000 0.609124 0.793075 0.000000 30 42 86 255
-17.231308 -55.821289 18.750000 0.609124 0.793075 0.000000 30 42 86 255
-17.487511 -55.624512 0.000000 0.609124 0.793075 0.000000 30 42 86 255
-17.231308 -55.821289 0.000000 0.609124 0.793075 0.000000 30 42 86 255
-17.487511 -55.624512 -18.750000 0.609124 0.793075 0.000000 30 42 86 255
-17.231308 -55.821289 -18.750000 0.609124 0.793075 0.000000 30 42 86 255
-16.975105 -56.018066 0.000000 0.609124 0.793075 0.000000 30 42 86 255
-16.975105 -56.018066 -18.750000 0.609124 0.793075 0.000000 30 42 86 255
-16.718903 -56.214844 0.000000 0.583515 0.812102 0.000000 30 42 86 255
-16.718903 -56.214844 -18.750000 0.583515 0.812102 0.000000 30 42 86 255
-16.448288 -56.396484 18.750000 0.557312 0.830303 0.000000 30 42 86 255
-16.177673 -56.578125 18.750000 0.557312 0.830303 0.000000 30 42 86 255
-16.448288 -56.396484 0.000000 0.557312 0.830303 0.000000 30 42 86 255
-16.177673 -56.578125 0.000000 0.557312 0.830303 0.000000 30 42 86 255
-16.448288 -56.396484 -18.750000 0.557312 0.830303 0.000000 30 42 86 255
-16.177673 -56.578125 -18.750000 0.557312 0.830303 0.000000 30 42 86 255
-15.907059 -56.759766 0.000000 0.557312 0.830303 0.000000 30 42 86 255
-15.907059 -56.759766 -18.750000 0.557312 0.830303 0.000000 30 42 86 255
-15.636444 -56.941406 0.000000 0.521411 0.853306 0.000000 30 42 86 255
-15.636444 -56.941406 -18.750000 0.521411 0.853306 0.000000 30 42 86 255
-15.056435 -57.262695 18.750000 0.484561 0.874757 0.000000 30 42 86 255
-14.476425 -57.583984 18.750000 0.484561 0.874757 0.000000 30 42 86 255
-15.056435 -57.262695 0.000000 0.484561 0.874757 0.000000 30 42 86 255
-14.476425 -57.583984 0.000000 0.484561 0.874757 0.000000 30 42 86 255
-15.056435 -57.262695 -18.750000 0.484561 0.874757 0.000000 30 42 86 255
-14.476425 -57.583984 -18.750000 0.484561 0.874757 0.000000 30 42 86 255
-13.896416 -57.905273 0.000000 0.484561 0.874757 0.000000 30 42 86 255
-13.896416 -57.905273 -18.750000 0.484561 0.874757 0.000000 30 42 86 255
-13.316406 -58.226562 0.000000 0.443353 0.896347 0.000000 30 42 86 255
-13.316406 -58.226562 -18.750000 0.443353 0.896347 0.000000 30 42 86 255
-12.692085 -58.500000 18.750000 0.401185 0.915997 0.000000 30 42 86 255
-12.067764 -58.773438 18.750000 0.401185 0.915997 0.000000 30 42 86 255
-12.692085 -58.500000 0.000000 0.401185 0.915997 0.000000 30 42 86 255
-12.067764 -58.773438 0.000000 0.401185 0.915997 0.000000 30 42 86 255
-12.692085 -58.500000 -18.750000 0.401185 0.915997 0.000000 30 42 86 255
-12.067764 -58.773438 -18.750000 0.401185 0.915997 0.000000 30 42 86 255
-11.443443 -59.046875 0.000000 0.401185 0.915997 0.000000 30 42 86 255
-11.443443 -59.046875 -18.750000 0.401185 0.915997 0.000000 30 42 86 255
-10.819122 -59.320312 0.000000 0.368810 0.929505 0.000000 30 42 86 255
-10.819122 -59.320312 -18.750000 0.368810 0.929505 0.000000 30 42 86 255
-10.159355 -59.555664 18.750000 0.335982 0.941868 0.000000 30 42 86 255
-9.499588 -59.791016 18.750000 0.335982 0.941868 0.000000 30 42 86 255
-10.159355 -59.555664 0.000000 0.335982 0.941868 0.000000 30 42 86 255
-9.499588 -59.791016 0.000000 0.335982 0.941868 0.000000 30 42 86 255
-10.159355 -59.555664 -18.750000 0.335982 0.941868 0.000000 30 42 86 255
-9.499588 -59.791016 -18.750000 0.335982 0.941868 0.000000 30 42 86 255
-8.839821 -60.026367 0.000000 0.335982 0.941868 0.000000 30 42 86 255
-8.839821 -60.026367 -18.750000 0.335982 0.941868 0.000000 30 42 86 255
-8.180054 -60.261719 0.000000 0.312480 0.949925 0.000000 30 42 86 255
-8.180054 -60.261719 -18.750000 0.312480 0.949925 0.000000 30 42 86 255
-7.493690 -60.468750 18.750000 0.288784 0.957394 0.000000 30 42 86 255
-6.807327 -60.675781 18.750000 0.288784 0.957394 0.000000 30 42 86 255
-7.493690 -60.468750 0.000000 0.288784 0.957394 0.000000 30 42 86 255
-6.807327 -60.675781 0.000000 0.288784 0.957394 0.000000 30 42 86 255
-7.493690 -60.468750 -18.750000 0.288784 0.957394 0.000000 30 42 86 255
-6.807327 -60.675781 -18.750000 0.288784 0.957394 0.000000 30 42 86 255
-6.120964 -60.882812 0.000000 0.288784 0.957394 0.000000 30 42 86 255
-6.120964 -60.882812 -18.750000 0.288784 0.957394 0.000000 30 42 86 255
-5.434601 -61.089844 0.000000 0.269552 0.962986 0.000000 30 42 86 255
-5.434601 -61.089844 -18.750000 0.269552 0.962986 0.000000 30 42 86 255
-4.017555 -61.456055 18.750000 0.250212 0.968191 0.000000 30 42 86 255
-2.600510 -61.822266 18.750000 0.250212 0.968191 0.000000 30 42 86 255
-4.017555 -61.456055 0.000000 0.250212 0.968191 0.000000 30 42 86 255
-2.600510 -61.822266 0.000000 0.250212 0.968191 0.000000 30 42 86 255
-4.017555 -61.456055 -18.750000 0.250212 0.968191 0.000000 30 42 86 255
-1.183464 -62.188477 0.000000 0.250212 0.968191 0.000000 30 42 86 255
-1.183464 -62.188477 -18.750000 0.250212 0.968191 0.000000 30 42 86 255
-2.600510 -61.822266 -18.750000 0.250212 0.968191 0.000000 30 42 86 255
-71.190125 -44.826172 18.750000 -0.892055 0.451928 0.000000 30 42 86 255
-60.576920 -41.928711 18.750000 -0.263367 0.964696 0.000000 30 42 86 255
-49.963715 -39.031250 18.750000 -0.263367 0.964696 0.000000 30 42 86 255
-71.190125 -44.826172 0.000000 -0.892055 0.451928 0.000000 30 42 86 255
-60.576920 -41.928711 0.000000 -0.263367 0.964696 0.000000 30 42 86 255
-49.963715 -39.031250 0.000000 -0.263367 0.964696 0.000000 30 42 86 255
-60.576920 -41.928711 -18.750000 -0.263367 0.964696 0.000000 30 42 86 255
-39.350510 -36.133789 0.000000 -0.263367 0.964696 0.000000 30 42 86 255
-39.350510 -36.133789 -18.750000 -0.263367 0.964696 0.000000 30 42 86 255
-49.963715 -39.031250 -18.750000 -0.263367 0.964696 0.000000 30 42 86 255
-0.784637 -103.048828 18.750000 -0.050145 -0.998742 0.000000 30 42 86 255
-2.404312 -102.782227 18.750000 -0.162416 -0.986722 0.000000 30 42 86 255
-4.023987 -102.515625 18.750000 -0.162416 -0.986722 0.000000 30 42 86 255
-0.784637 -103.048828 0.000000 -0.050145 -0.998742 0.000000 30 42 86 255
-2.404312 -102.782227 0.000000 -0.162416 -0.986722 0.000000 30 42 86 255
-4.023987 -102.515625 0.000000 -0.162416 -0.986722 0.000000 30 42 86 255
-2.404312 -102.782227 -18.750000 -0.162416 -0.986722 0.000000 30 42 86 255
-4.023987 -102.515625 -18.750000 -0.162416 -0.986722 0.000000 30 42 86 255
-5.643661 -102.249023 0.000000 -0.162416 -0.986722 0.000000 30 42 86 255
-5.643661 -102.249023 -18.750000 -0.162416 -0.986722 0.000000 30 42 86 255
-7.263336 -101.982422 0.000000 -0.169073 -0.985604 0.000000 30 42 86 255
-7.263336 -101.982422 -18.750000 -0.169073 -0.985604 0.000000 30 42 86 255
-8.866325 -101.696289 18.750000 -0.175722 -0.984440 0.000000 30 42 86 255
-10.469315 -101.410156 18.750000 -0.175722 -0.984440 0.000000 30 42 86 255
-8.866325 -101.696289 0.000000 -0.175722 -0.984440 0.000000 30 42 86 255
-10.469315 -101.410156 0.000000 -0.175722 -0.984440 0.000000 30 42 86 255
-8.866325 -101.696289 -18.750000 -0.175722 -0.984440 0.000000 30 42 86 255
-10.469315 -101.410156 -18.750000 -0.175722 -0.984440 0.000000 30 42 86 255
-12.072304 -101.124023 0.000000 -0.175722 -0.984440 0.000000 30 42 86 255
-12.072304 -101.124023 -18.750000 -0.175722 -0.984440 0.000000 30 42 86 255
-13.675293 -100.837891 0.000000 -0.190046 -0.981775 0.000000 30 42 86 255
-13.675293 -100.837891 -18.750000 -0.190046 -0.981775 0.000000 30 42 86 255
-15.244934 -100.510254 18.750000 -0.204330 -0.978902 0.000000 30 42 86 255
-16.814575 -100.182617 18.750000 -0.204330 -0.978902 0.000000 30 42 86 255
-15.244934 -100.510254 0.000000 -0.204330 -0.978902 0.000000 30 42 86 255
-16.814575 -100.182617 0.000000 -0.204330 -0.978902 0.000000 30 42 86 255
-15.244934 -100.510254 -18.750000 -0.204330 -0.978902 0.000000 30 42 86 255
-16.814575 -100.182617 -18.750000 -0.204330 -0.978902 0.000000 30 42 86 255
-18.384216 -99.854980 0.000000 -0.204330 -0.978902 0.000000 30 42 86 255
-18.384216 -99.854980 -18.750000 -0.204330 -0.978902 0.000000 30 42 86 255
-19.953857 -99.527344 0.000000 -0.220034 -0.975492 0.000000 30 42 86 255
-19.953857 -99.527344 -18.750000 -0.220034 -0.975492 0.000000 30 42 86 255
-20.720970 -99.341309 18.750000 -0.235682 -0.971830 0.000000 30 42 86 255
-21.488083 -99.155273 18.750000 -0.235682 -0.971830 0.000000 30 42 86 255
-20.720970 -99.341309 0.000000 -0.235682 -0.971830 0.000000 30 42 86 255
-21.488083 -99.155273 0.000000 -0.235682 -0.971830 0.000000 30 42 86 255
-20.720970 -99.341309 -18.750000 -0.235682 -0.971830 0.000000 30 42 86 255
-21.488083 -99.155273 -18.750000 -0.235682 -0.971830 0.000000 30 42 86 255
-22.255196 -98.969238 0.000000 -0.235682 -0.971830 0.000000 30 42 86 255
-22.255196 -98.969238 -18.750000 -0.235682 -0.971830 0.000000 30 42 86 255
-23.022308 -98.783203 0.000000 -0.248749 -0.968568 0.000000 30 42 86 255
-23.022308 -98.783203 -18.750000 -0.248749 -0.968568 0.000000 30 42 86 255
-23.774818 -98.579102 18.750000 -0.261770 -0.965130 0.000000 30 42 86 255
-24.527328 -98.375000 18.750000 -0.261770 -0.965130 0.000000 30 42 86 255
-23.774818 -98.579102 0.000000 -0.261770 -0.965130 0.000000 30 42 86 255
-24.527328 -98.375000 0.000000 -0.261770 -0.965130 0.000000 30 42 86 255
-23.774818 -98.579102 -18.750000 -0.261770 -0.965130 0.000000 30 42 86 255
-24.527328 -98.375000 -18.750000 -0.261770 -0.965130 0.000000 30 42 86 255
-25.279839 -98.170898 0.000000 -0.261770 -0.965130 0.000000 30 42 86 255
-25.279839 -98.170898 -18.750000 -0.261770 -0.965130 0.000000 30 42 86 255
-26.032349 -97.966797 0.000000 -0.276890 -0.960902 0.000000 30 42 86 255
-26.032349 -97.966797 -18.750000 -0.276890 -0.960902 0.000000 30 42 86 255
-26.768196 -97.742188 18.750000 -0.291942 -0.956436 0.000000 30 42 86 255
-27.504044 -97.517578 18.750000 -0.291942 -0.956436 0.000000 30 42 86 255
-26.768196 -97.742188 0.000000 -0.291942 -0.956436 0.000000 30 42 86 255
-27.504044 -97.517578 0.000000 -0.291942 -0.956436 0.000000 30 42 86 255
-26.768196 -97.742188 -18.750000 -0.291942 -0.956436 0.000000 30 42 86 255
-27.504044 -97.517578 -18.750000 -0.291942 -0.956436 0.000000 30 42 86 255
-28.239891 -97.292969 0.000000 -0.291942 -0.956436 0.000000 30 42 86 255
-28.239891 -97.292969 -18.750000 -0.291942 -0.956436 0.000000 30 42 86 255
-28.975739 -97.068359 0.000000 -0.309475 -0.950908 0.000000 30 42 86 255
-28.975739 -97.068359 -18.750000 -0.309475 -0.950908 0.000000 30 42 86 255
-29.692825 -96.820312 18.750000 -0.326904 -0.945058 0.000000 30 42 86 255
-30.409912 -96.572266 18.750000 -0.326904 -0.945058 0.000000 30 42 86 255
-29.692825 -96.820312 0.000000 -0.326904 -0.945058 0.000000 30 42 86 255
-30.409912 -96.572266 0.000000 -0.326904 -0.945058 0.000000 30 42 86 255
-29.692825 -96.820312 -18.750000 -0.326904 -0.945058 0.000000 30 42 86 255
-30.409912 -96.572266 -18.750000 -0.326904 -0.945058 0.000000 30 42 86 255
-31.126999 -96.324219 0.000000 -0.326904 -0.945058 0.000000 30 42 86 255
-31.126999 -96.324219 -18.750000 -0.326904 -0.945058 0.000000 30 42 86 255
-31.844086 -96.076172 0.000000 -0.346300 -0.938124 0.000000 30 42 86 255
-31.844086 -96.076172 -18.750000 -0.346300 -0.938124 0.000000 30 42 86 255
-32.540337 -95.802734 18.750000 -0.365549 -0.930792 0.000000 30 42 86 255
-33.236588 -95.529297 18.750000 -0.365549 -0.930792 0.000000 30 42 86 255
-32.540337 -95.802734 0.000000 -0.365549 -0.930792 0.000000 30 42 86 255
-33.236588 -95.529297 0.000000 -0.365549 -0.930792 0.000000 30 42 86 255
-32.540337 -95.802734 -18.750000 -0.365549 -0.930792 0.000000 30 42 86 255
-33.236588 -95.529297 -18.750000 -0.365549 -0.930792 0.000000 30 42 86 255
-33.932838 -95.255859 0.000000 -0.365549 -0.930792 0.000000 30 42 86 255
-33.932838 -95.255859 -18.750000 -0.365549 -0.930792 0.000000 30 42 86 255
-34.629089 -94.982422 0.000000 -0.387648 -0.921807 0.000000 30 42 86 255
-34.629089 -94.982422 -18.750000 -0.387648 -0.921807 0.000000 30 42 86 255
-35.302399 -94.680176 18.750000 -0.409527 -0.912298 0.000000 30 42 86 255
-35.975708 -94.377930 18.750000 -0.409527 -0.912298 0.000000 30 42 86 255
-35.302399 -94.680176 0.000000 -0.409527 -0.912298 0.000000 30 42 86 255
-35.975708 -94.377930 0.000000 -0.409527 -0.912298 0.000000 30 42 86 255
-35.302399 -94.680176 -18.750000 -0.409527 -0.912298 0.000000 30 42 86 255
-35.975708 -94.377930 -18.750000 -0.409527 -0.912298 0.000000 30 42 86 255
-36.649017 -94.075684 0.000000 -0.409527 -0.912298 0.000000 30 42 86 255
-36.649017 -94.075684 -18.750000 -0.409527 -0.912298 0.000000 30 42 86 255
-37.322327 -93.773438 0.000000 -0.433630 -0.901091 0.000000 30 42 86 255
-37.322327 -93.773438 -18.750000 -0.433630 -0.901091 0.000000 30 42 86 255
-37.970650 -93.439941 18.750000 -0.457427 -0.889247 0.000000 30 42 86 255
-38.618973 -93.106445 18.750000 -0.457427 -0.889247 0.000000 30 42 86 255
-37.970650 -93.439941 0.000000 -0.457427 -0.889247 0.000000 30 42 86 255
-38.618973 -93.106445 0.000000 -0.457427 -0.889247 0.000000 30 42 86 255
-37.970650 -93.439941 -18.750000 -0.457427 -0.889247 0.000000 30 42 86 255
-38.618973 -93.106445 -18.750000 -0.457427 -0.889247 0.000000 30 42 86 255
-39.267296 -92.772949 0.000000 -0.457427 -0.889247 0.000000 30 42 86 255
-39.267296 -92.772949 -18.750000 -0.457427 -0.889247 0.000000 30 42 86 255
-39.915619 -92.439453 0.000000 -0.482833 -0.875713 0.000000 30 42 86 255
-39.915619 -92.439453 -18.750000 -0.482833 -0.875713 0.000000 30 42 86 255
-40.536827 -92.073242 18.750000 -0.507838 -0.861452 0.000000 30 42 86 255
-41.158035 -91.707031 18.750000 -0.507838 -0.861452 0.000000 30 42 86 255
-40.536827 -92.073242 0.000000 -0.507838 -0.861452 0.000000 30 42 86 255
-41.158035 -91.707031 0.000000 -0.507838 -0.861452 0.000000 30 42 86 255
-40.536827 -92.073242 -18.750000 -0.507838 -0.861452 0.000000 30 42 86 255
-41.158035 -91.707031 -18.750000 -0.507838 -0.861452 0.000000 30 42 86 255
-41.779243 -91.340820 0.000000 -0.507838 -0.861452 0.000000 30 42 86 255
-41.779243 -91.340820 -18.750000 -0.507838 -0.861452 0.000000 30 42 86 255
-42.400452 -90.974609 0.000000 -0.535474 -0.844552 0.000000 30 42 86 255
-42.400452 -90.974609 -18.750000 -0.535474 -0.844552 0.000000 30 42 86 255
-42.992485 -90.571777 18.750000 -0.562548 -0.826765 0.000000 30 42 86 255
-43.584518 -90.168945 18.750000 -0.562548 -0.826765 0.000000 30 42 86 255
-42.992485 -90.571777 0.000000 -0.562548 -0.826765 0.000000 30 42 86 255
-43.584518 -90.168945 0.000000 -0.562548 -0.826765 0.000000 30 42 86 255
-42.992485 -90.571777 -18.750000 -0.562548 -0.826765 0.000000 30 42 86 255
-43.584518 -90.168945 -18.750000 -0.562548 -0.826765 0.000000 30 42 86 255
-44.176552 -89.766113 0.000000 -0.562548 -0.826765 0.000000 30 42 86 255
-44.176552 -89.766113 -18.750000 -0.562548 -0.826765 0.000000 30 42 86 255
-44.768585 -89.363281 0.000000 -0.591073 -0.806618 0.000000 30 42 86 255
-44.768585 -89.363281 -18.750000 -0.591073 -0.806618 0.000000 30 42 86 255
-45.329445 -88.921387 18.750000 -0.618877 -0.785488 0.000000 30 42 86 255
-45.890305 -88.479492 18.750000 -0.618877 -0.785488 0.000000 30 42 86 255
-45.329445 -88.921387 0.000000 -0.618877 -0.785488 0.000000 30 42 86 255
-45.890305 -88.479492 0.000000 -0.618877 -0.785488 0.000000 30 42 86 255
-45.329445 -88.921387 -18.750000 -0.618877 -0.785488 0.000000 30 42 86 255
-45.890305 -88.479492 -18.750000 -0.618877 -0.785488 0.000000 30 42 86 255
-46.451164 -88.037598 0.000000 -0.618877 -0.785488 0.000000 30 42 86 255
-46.451164 -88.037598 -18.750000 -0.618877 -0.785488 0.000000 30 42 86 255
-47.012024 -87.595703 0.000000 -0.645402 -0.763843 0.000000 30 42 86 255
-47.012024 -87.595703 -18.750000 -0.645402 -0.763843 0.000000 30 42 86 255
-47.541618 -87.116211 18.750000 -0.671171 -0.741302 0.000000 30 42 86 255
-48.071213 -86.636719 18.750000 -0.671171 -0.741302 0.000000 30 42 86 255
-47.541618 -87.116211 0.000000 -0.671171 -0.741302 0.000000 30 42 86 255
-48.071213 -86.636719 0.000000 -0.671171 -0.741302 0.000000 30 42 86 255
-47.541618 -87.116211 -18.750000 -0.671171 -0.741302 0.000000 30 42 86 255
-48.071213 -86.636719 -18.750000 -0.671171 -0.741302 0.000000 30 42 86 255
-48.600807 -86.157227 0.000000 -0.671171 -0.741302 0.000000 30 42 86 255
-48.600807 -86.157227 -18.750000 -0.671171 -0.741302 0.000000 30 42 86 255
-49.130402 -85.677734 0.000000 -0.695333 -0.718688 0.000000 30 42 86 255
-49.130402 -85.677734 -18.750000 -0.695333 -0.718688 0.000000 30 42 86 255
-49.630623 -85.160645 18.750000 -0.718733 -0.695286 0.000000 30 42 86 255
-50.130844 -84.643555 18.750000 -0.718733 -0.695286 0.000000 30 42 86 255
-49.630623 -85.160645 0.000000 -0.718733 -0.695286 0.000000 30 42 86 255
-50.130844 -84.643555 0.000000 -0.718733 -0.695286 0.000000 30 42 86 255
-49.630623 -85.160645 -18.750000 -0.718733 -0.695286 0.000000 30 42 86 255
-50.130844 -84.643555 -18.750000 -0.718733 -0.695286 0.000000 30 42 86 255
-50.631065 -84.126465 0.000000 -0.718733 -0.695286 0.000000 30 42 86 255
-50.631065 -84.126465 -18.750000 -0.718733 -0.695286 0.000000 30 42 86 255
-51.131287 -83.609375 0.000000 -0.738942 -0.673769 0.000000 30 42 86 255
-51.131287 -83.609375 -18.750000 -0.738942 -0.673769 0.000000 30 42 86 255
-51.604065 -83.059082 18.750000 -0.758508 -0.651664 0.000000 30 42 86 255
-52.076843 -82.508789 18.750000 -0.758508 -0.651664 0.000000 30 42 86 255
-51.604065 -83.059082 0.000000 -0.758508 -0.651664 0.000000 30 42 86 255
-52.076843 -82.508789 0.000000 -0.758508 -0.651664 0.000000 30 42 86 255
-51.604065 -83.059082 -18.750000 -0.758508 -0.651664 0.000000 30 42 86 255
-52.076843 -82.508789 -18.750000 -0.758508 -0.651664 0.000000 30 42 86 255
-52.549622 -81.958496 0.000000 -0.758508 -0.651664 0.000000 30 42 86 255
-52.549622 -81.958496 -18.750000 -0.758508 -0.651664 0.000000 30 42 86 255
-53.022400 -81.408203 0.000000 -0.776107 -0.630601 0.000000 30 42 86 255
-53.022400 -81.408203 -18.750000 -0.776107 -0.630601 0.000000 30 42 86 255
-53.469734 -80.825684 18.750000 -0.793122 -0.609062 0.000000 30 42 86 255
-53.917068 -80.243164 18.750000 -0.793122 -0.609062 0.000000 30 42 86 255
-53.469734 -80.825684 0.000000 -0.793122 -0.609062 0.000000 30 42 86 255
-53.917068 -80.243164 0.000000 -0.793122 -0.609062 0.000000 30 42 86 255
-53.469734 -80.825684 -18.750000 -0.793122 -0.609062 0.000000 30 42 86 255
-53.917068 -80.243164 -18.750000 -0.793122 -0.609062 0.000000 30 42 86 255
-54.364403 -79.660645 0.000000 -0.793122 -0.609062 0.000000 30 42 86 255
-54.364403 -79.660645 -18.750000 -0.793122 -0.609062 0.000000 30 42 86 255
-54.811737 -79.078125 0.000000 -0.807602 -0.589728 0.000000 30 42 86 255
-54.811737 -79.078125 -18.750000 -0.807602 -0.589728 0.000000 30 42 86 255
-55.235550 -78.467285 18.750000 -0.821610 -0.570050 0.000000 30 42 86 255
-55.659363 -77.856445 18.750000 -0.821610 -0.570050 0.000000 30 42 86 255
-55.235550 -78.467285 0.000000 -0.821610 -0.570050 0.000000 30 42 86 255
-55.659363 -77.856445 0.000000 -0.821610 -0.570050 0.000000 30 42 86 255
-55.235550 -78.467285 -18.750000 -0.821610 -0.570050 0.000000 30 42 86 255
-55.659363 -77.856445 -18.750000 -0.821610 -0.570050 0.000000 30 42 86 255
-56.083176 -77.245605 0.000000 -0.821610 -0.570050 0.000000 30 42 86 255
-56.083176 -77.245605 -18.750000 -0.821610 -0.570050 0.000000 30 42 86 255
-56.506989 -76.634766 0.000000 -0.833895 -0.551923 0.000000 30 42 86 255
-56.506989 -76.634766 -18.750000 -0.833895 -0.551923 0.000000 30 42 86 255
-56.909256 -75.997070 18.750000 -0.845781 -0.533531 0.000000 30 42 86 255
-57.311523 -75.359375 18.750000 -0.845781 -0.533531 0.000000 30 42 86 255
-56.909256 -75.997070 0.000000 -0.845781 -0.533531 0.000000 30 42 86 255
-57.311523 -75.359375 0.000000 -0.845781 -0.533531 0.000000 30 42 86 255
-56.909256 -75.997070 -18.750000 -0.845781 -0.533531 0.000000 30 42 86 255
-57.311523 -75.359375 -18.750000 -0.845781 -0.533531 0.000000 30 42 86 255
-57.713791 -74.721680 0.000000 -0.845781 -0.533531 0.000000 30 42 86 255
-57.713791 -74.721680 -18.750000 -0.845781 -0.533531 0.000000 30 42 86 255
-58.116058 -74.083984 0.000000 -0.856029 -0.516928 0.000000 30 42 86 255
-58.116058 -74.083984 -18.750000 -0.856029 -0.516928 0.000000 30 42 86 255
-58.498741 -73.421387 18.750000 -0.865951 -0.500129 0.000000 30 42 86 255
-58.881424 -72.758789 18.750000 -0.865951 -0.500129 0.000000 30 42 86 255
-58.498741 -73.421387 0.000000 -0.865951 -0.500129 0.000000 30 42 86 255
-58.881424 -72.758789 0.000000 -0.865951 -0.500129 0.000000 30 42 86 255
-58.498741 -73.421387 -18.750000 -0.865951 -0.500129 0.000000 30 42 86 255
-58.881424 -72.758789 -18.750000 -0.865951 -0.500129 0.000000 30 42 86 255
-59.264107 -72.096191 0.000000 -0.865951 -0.500129 0.000000 30 42 86 255
-59.264107 -72.096191 -18.750000 -0.865951 -0.500129 0.000000 30 42 86 255
-59.646790 -71.433594 0.000000 -0.874219 -0.485531 0.000000 30 42 86 255
-59.646790 -71.433594 -18.750000 -0.874219 -0.485531 0.000000 30 42 86 255
-60.011841 -70.749512 18.750000 -0.882242 -0.470797 0.000000 30 42 86 255
-60.376892 -70.065430 18.750000 -0.882242 -0.470797 0.000000 30 42 86 255
-60.011841 -70.749512 0.000000 -0.882242 -0.470797 0.000000 30 42 86 255
-60.376892 -70.065430 0.000000 -0.882242 -0.470797 0.000000 30 42 86 255
-60.011841 -70.749512 -18.750000 -0.882242 -0.470797 0.000000 30 42 86 255
-60.376892 -70.065430 -18.750000 -0.882242 -0.470797 0.000000 30 42 86 255
-60.741943 -69.381348 0.000000 -0.882242 -0.470797 0.000000 30 42 86 255
-60.741943 -69.381348 -18.750000 -0.882242 -0.470797 0.000000 30 42 86 255
-61.106995 -68.697266 0.000000 -0.888985 -0.457937 0.000000 30 42 86 255
-61.106995 -68.697266 -18.750000 -0.888985 -0.457937 0.000000 30 42 86 255
-61.456367 -67.994141 18.750000 -0.895540 -0.444981 0.000000 30 42 86 255
-61.805740 -67.291016 18.750000 -0.895540 -0.444981 0.000000 30 42 86 255
-61.456367 -67.994141 0.000000 -0.895540 -0.444981 0.000000 30 42 86 255
-61.805740 -67.291016 0.000000 -0.895540 -0.444981 0.000000 30 42 86 255
-61.456367 -67.994141 -18.750000 -0.895540 -0.444981 0.000000 30 42 86 255
-61.805740 -67.291016 -18.750000 -0.895540 -0.444981 0.000000 30 42 86 255
-62.155113 -66.587891 0.000000 -0.895540 -0.444981 0.000000 30 42 86 255
-62.155113 -66.587891 -18.750000 -0.895540 -0.444981 0.000000 30 42 86 255
-62.504486 -65.884766 0.000000 -0.901092 -0.433628 0.000000 30 42 86 255
-62.504486 -65.884766 -18.750000 -0.901092 -0.433628 0.000000 30 42 86 255
-62.840157 -65.164062 18.750000 -0.906500 -0.422206 0.000000 30 42 86 255
-63.175827 -64.443359 18.750000 -0.906500 -0.422206 0.000000 30 42 86 255
-62.840157 -65.164062 0.000000 -0.906500 -0.422206 0.000000 30 42 86 255
-63.175827 -64.443359 0.000000 -0.906500 -0.422206 0.000000 30 42 86 255
-62.840157 -65.164062 -18.750000 -0.906500 -0.422206 0.000000 30 42 86 255
-63.175827 -64.443359 -18.750000 -0.906500 -0.422206 0.000000 30 42 86 255
-63.511497 -63.722656 0.000000 -0.906500 -0.422206 0.000000 30 42 86 255
-63.511497 -63.722656 -18.750000 -0.906500 -0.422206 0.000000 30 42 86 255
-63.847168 -63.001953 0.000000 -0.912617 -0.408815 0.000000 30 42 86 255
-63.847168 -63.001953 -18.750000 -0.912617 -0.408815 0.000000 30 42 86 255
-64.485199 -61.519531 18.750000 -0.918536 -0.395336 0.000000 30 42 86 255
-65.123230 -60.037109 18.750000 -0.918536 -0.395336 0.000000 30 42 86 255
-64.485199 -61.519531 0.000000 -0.918536 -0.395336 0.000000 30 42 86 255
-65.123230 -60.037109 0.000000 -0.918536 -0.395336 0.000000 30 42 86 255
-64.485199 -61.519531 -18.750000 -0.918536 -0.395336 0.000000 30 42 86 255
-65.123230 -60.037109 -18.750000 -0.918536 -0.395336 0.000000 30 42 86 255
-65.761261 -58.554688 0.000000 -0.918536 -0.395336 0.000000 30 42 86 255
-65.761261 -58.554688 -18.750000 -0.918536 -0.395336 0.000000 30 42 86 255
-66.399292 -57.072266 0.000000 -0.923791 -0.382897 0.000000 30 42 86 255
-66.399292 -57.072266 -18.750000 -0.923791 -0.382897 0.000000 30 42 86 255
-67.005981 -55.550781 18.750000 -0.928877 -0.370388 0.000000 30 42 86 255
-67.612671 -54.029297 18.750000 -0.928877 -0.370388 0.000000 30 42 86 255
-67.005981 -55.550781 0.000000 -0.928877 -0.370388 0.000000 30 42 86 255
-67.612671 -54.029297 0.000000 -0.928877 -0.370388 0.000000 30 42 86 255
-67.005981 -55.550781 -18.750000 -0.928877 -0.370388 0.000000 30 42 86 255
-67.612671 -54.029297 -18.750000 -0.928877 -0.370388 0.000000 30 42 86 255
-68.219360 -52.507812 0.000000 -0.928877 -0.370388 0.000000 30 42 86 255
-68.219360 -52.507812 -18.750000 -0.928877 -0.370388 0.000000 30 42 86 255
-68.826050 -50.986328 0.000000 -0.931263 -0.364347 0.000000 30 42 86 255
-68.826050 -50.986328 -18.750000 -0.931263 -0.364347 0.000000 30 42 86 255
-69.417068 -49.446289 18.750000 -0.933610 -0.358290 0.000000 30 42 86 255
-70.008087 -47.906250 18.750000 -0.933610 -0.358290 0.000000 30 42 86 255
-69.417068 -49.446289 0.000000 -0.933610 -0.358290 0.000000 30 42 86 255
-70.008087 -47.906250 0.000000 -0.933610 -0.358290 0.000000 30 42 86 255
-69.417068 -49.446289 -18.750000 -0.933610 -0.358290 0.000000 30 42 86 255
-70.599106 -46.366211 0.000000 -0.933610 -0.358290 0.000000 30 42 86 255
-70.599106 -46.366211 -18.750000 -0.933610 -0.358290 0.000000 30 42 86 255
-70.008087 -47.906250 -18.750000 -0.933610 -0.358290 0.000000 30 42 86 255
51.548889 -84.755859 18.750000 0.675143 -0.737687 0.000000 30 42 86 255
50.085197 -85.802734 18.750000 0.581746 -0.813370 0.000000 30 42 86 255
48.621506 -86.849609 18.750000 0.581746 -0.813370 0.000000 30 42 86 255
51.548889 -84.755859 0.000000 0.675143 -0.737687 0.000000 30 42 86 255
50.085197 -85.802734 0.000000 0.581746 -0.813370 0.000000 30 42 86 255
48.621506 -86.849609 0.000000 0.581746 -0.813370 0.000000 30 42 86 255
50.085197 -85.802734 -18.750000 0.581746 -0.813370 0.000000 30 42 86 255
48.621506 -86.849609 -18.750000 0.581746 -0.813370 0.000000 30 42 86 255
47.157814 -87.896484 0.000000 0.581746 -0.813370 0.000000 30 42 86 255
47.157814 -87.896484 -18.750000 0.581746 -0.813370 0.000000 30 42 86 255
45.694122 -88.943359 0.000000 0.572604 -0.819832 0.000000 30 42 86 255
45.694122 -88.943359 -18.750000 0.572604 -0.819832 0.000000 30 42 86 255
44.955162 -89.447266 18.750000 0.563390 -0.826191 0.000000 30 42 86 255
44.216202 -89.951172 18.750000 0.563390 -0.826191 0.000000 30 42 86 255
44.955162 -89.447266 0.000000 0.563390 -0.826191 0.000000 30 42 86 255
44.216202 -89.951172 0.000000 0.563390 -0.826191 0.000000 30 42 86 255
44.955162 -89.447266 -18.750000 0.563390 -0.826191 0.000000 30 42 86 255
44.216202 -89.951172 -18.750000 0.563390 -0.826191 0.000000 30 42 86 255
43.477242 -90.455078 0.000000 0.563390 -0.826191 0.000000 30 42 86 255
43.477242 -90.455078 -18.750000 0.563390 -0.826191 0.000000 30 42 86 255
42.738281 -90.958984 0.000000 0.551707 -0.834038 0.000000 30 42 86 255
42.738281 -90.958984 -18.750000 0.551707 -0.834038 0.000000 30 42 86 255
41.990761 -91.438477 18.750000 0.539916 -0.841719 0.000000 30 42 86 255
41.243240 -91.917969 18.750000 0.539916 -0.841719 0.000000 30 42 86 255
41.990761 -91.438477 0.000000 0.539916 -0.841719 0.000000 30 42 86 255
41.243240 -91.917969 0.000000 0.539916 -0.841719 0.000000 30 42 86 255
41.990761 -91.438477 -18.750000 0.539916 -0.841719 0.000000 30 42 86 255
41.243240 -91.917969 -18.750000 0.539915 -0.841719 0.000000 30 42 86 255
40.495720 -92.397461 0.000000 0.539915 -0.841719 0.000000 30 42 86 255
40.495720 -92.397461 -18.750000 0.539915 -0.841719 0.000000 30 42 86 255
39.748199 -92.876953 0.000000 0.524526 -0.851394 0.000000 30 42 86 255
39.748199 -92.876953 -18.750000 0.524526 -0.851394 0.000000 30 42 86 255
38.989281 -93.325684 18.750000 0.508963 -0.860788 0.000000 30 42 86 255
38.230362 -93.774414 18.750000 0.508963 -0.860788 0.000000 30 42 86 255
38.989281 -93.325684 0.000000 0.508963 -0.860788 0.000000 30 42 86 255
38.230362 -93.774414 0.000000 0.508963 -0.860788 0.000000 30 42 86 255
38.989281 -93.325684 -18.750000 0.508963 -0.860788 0.000000 30 42 86 255
38.230362 -93.774414 -18.750000 0.508963 -0.860788 0.000000 30 42 86 255
37.471443 -94.223145 0.000000 0.508963 -0.860788 0.000000 30 42 86 255
37.471443 -94.223145 -18.750000 0.508963 -0.860788 0.000000 30 42 86 255
36.712524 -94.671875 0.000000 0.488717 -0.872442 0.000000 30 42 86 255
36.712524 -94.671875 -18.750000 0.488717 -0.872442 0.000000 30 42 86 255
35.939377 -95.081543 18.750000 0.468204 -0.883620 0.000000 30 42 86 255
35.166229 -95.491211 18.750000 0.468204 -0.883620 0.000000 30 42 86 255
35.939377 -95.081543 0.000000 0.468204 -0.883620 0.000000 30 42 86 255
35.166229 -95.491211 0.000000 0.468204 -0.883620 0.000000 30 42 86 255
35.939377 -95.081543 -18.750000 0.468204 -0.883620 0.000000 30 42 86 255
35.166229 -95.491211 -18.750000 0.468204 -0.883620 0.000000 30 42 86 255
34.393082 -95.900879 0.000000 0.468204 -0.883620 0.000000 30 42 86 255
34.393082 -95.900879 -18.750000 0.468204 -0.883620 0.000000 30 42 86 255
33.619934 -96.310547 0.000000 0.442200 -0.896916 0.000000 30 42 86 255
33.619934 -96.310547 -18.750000 0.442200 -0.896916 0.000000 30 42 86 255
32.829666 -96.671875 18.750000 0.415819 -0.909447 0.000000 30 42 86 255
32.039398 -97.033203 18.750000 0.415819 -0.909447 0.000000 30 42 86 255
32.829666 -96.671875 0.000000 0.415819 -0.909447 0.000000 30 42 86 255
32.039398 -97.033203 0.000000 0.415819 -0.909447 0.000000 30 42 86 255
32.829666 -96.671875 -18.750000 0.415819 -0.909447 0.000000 30 42 86 255
32.039398 -97.033203 -18.750000 0.415819 -0.909447 0.000000 30 42 86 255
31.249130 -97.394531 0.000000 0.415819 -0.909447 0.000000 30 42 86 255
31.249130 -97.394531 -18.750000 0.415819 -0.909447 0.000000 30 42 86 255
30.458862 -97.755859 0.000000 0.385128 -0.922863 0.000000 30 42 86 255
30.458862 -97.755859 -18.750000 0.385128 -0.922863 0.000000 30 42 86 255
29.648750 -98.062500 18.750000 0.354005 -0.935244 0.000000 30 42 86 255
28.838638 -98.369141 18.750000 0.354005 -0.935244 0.000000 30 42 86 255
29.648750 -98.062500 0.000000 0.354005 -0.935244 0.000000 30 42 86 255
28.838638 -98.369141 0.000000 0.354005 -0.935244 0.000000 30 42 86 255
29.648750 -98.062500 -18.750000 0.354005 -0.935244 0.000000 30 42 86 255
28.838638 -98.369141 -18.750000 0.354005 -0.935244 0.000000 30 42 86 255
28.028526 -98.675781 0.000000 0.354005 -0.935244 0.000000 30 42 86 255
28.028526 -98.675781 -18.750000 0.354005 -0.935244 0.000000 30 42 86 255
27.218414 -98.982422 0.000000 0.321845 -0.946792 0.000000 30 42 86 255
27.218414 -98.982422 -18.750000 0.321845 -0.946792 0.000000 30 42 86 255
26.388008 -99.233398 18.750000 0.289309 -0.957236 0.000000 30 42 86 255
25.557602 -99.484375 18.750000 0.289309 -0.957236 0.000000 30 42 86 255
26.388008 -99.233398 0.000000 0.289309 -0.957236 0.000000 30 42 86 255
25.557602 -99.484375 0.000000 0.289309 -0.957236 0.000000 30 42 86 255
26.388008 -99.233398 -18.750000 0.289309 -0.957236 0.000000 30 42 86 255
25.557602 -99.484375 -18.750000 0.289309 -0.957236 0.000000 30 42 86 255
24.727196 -99.735352 0.000000 0.289309 -0.957236 0.000000 30 42 86 255
24.727196 -99.735352 -18.750000 0.289309 -0.957236 0.000000 30 42 86 255
23.896790 -99.986328 0.000000 0.259888 -0.965639 0.000000 30 42 86 255
23.896790 -99.986328 -18.750000 0.259888 -0.965639 0.000000 30 42 86 255
23.048515 -100.187012 18.750000 0.230224 -0.973138 0.000000 30 42 86 255
22.200241 -100.387695 18.750000 0.230224 -0.973138 0.000000 30 42 86 255
23.048515 -100.187012 0.000000 0.230224 -0.973138 0.000000 30 42 86 255
22.200241 -100.387695 0.000000 0.230224 -0.973138 0.000000 30 42 86 255
23.048515 -100.187012 -18.750000 0.230224 -0.973138 0.000000 30 42 86 255
22.200241 -100.387695 -18.750000 0.230224 -0.973138 0.000000 30 42 86 255
21.351967 -100.588379 0.000000 0.230224 -0.973138 0.000000 30 42 86 255
21.351967 -100.588379 -18.750000 0.230224 -0.973138 0.000000 30 42 86 255
20.503693 -100.789062 0.000000 0.205543 -0.978648 0.000000 30 42 86 255
20.503693 -100.789062 -18.750000 0.205543 -0.978648 0.000000 30 42 86 255
19.640099 -100.947754 18.750000 0.180731 -0.983533 0.000000 30 42 86 255
18.776505 -101.106445 18.750000 0.180731 -0.983533 0.000000 30 42 86 255
19.640099 -100.947754 0.000000 0.180731 -0.983533 0.000000 30 42 86 255
18.776505 -101.106445 0.000000 0.180731 -0.983533 0.000000 30 42 86 255
19.640099 -100.947754 -18.750000 0.180731 -0.983533 0.000000 30 42 86 255
18.776505 -101.106445 -18.750000 0.180731 -0.983533 0.000000 30 42 86 255
17.912910 -101.265137 0.000000 0.180731 -0.983533 0.000000 30 42 86 255
17.912910 -101.265137 -18.750000 0.180731 -0.983533 0.000000 30 42 86 255
17.049316 -101.423828 0.000000 0.160461 -0.987042 0.000000 30 42 86 255
17.049316 -101.423828 -18.750000 0.160461 -0.987042 0.000000 30 42 86 255
16.172943 -101.547852 18.750000 0.140123 -0.990134 0.000000 30 42 86 255
15.296570 -101.671875 18.750000 0.140123 -0.990134 0.000000 30 42 86 255
16.172943 -101.547852 0.000000 0.140123 -0.990134 0.000000 30 42 86 255
15.296570 -101.671875 0.000000 0.140123 -0.990134 0.000000 30 42 86 255
16.172943 -101.547852 -18.750000 0.140123 -0.990134 0.000000 30 42 86 255
15.296570 -101.671875 -18.750000 0.140123 -0.990134 0.000000 30 42 86 255
14.420197 -101.795898 0.000000 0.140123 -0.990134 0.000000 30 42 86 255
14.420197 -101.795898 -18.750000 0.140123 -0.990134 0.000000 30 42 86 255
13.543823 -101.919922 0.000000 0.123469 -0.992348 0.000000 30 42 86 255
13.543823 -101.919922 -18.750000 0.123469 -0.992348 0.000000 30 42 86 255
12.657227 -102.015137 18.750000 0.106780 -0.994283 0.000000 30 42 86 255
11.770630 -102.110352 18.750000 0.106780 -0.994283 0.000000 30 42 86 255
12.657227 -102.015137 0.000000 0.106780 -0.994283 0.000000 30 42 86 255
11.770630 -102.110352 0.000000 0.106780 -0.994283 0.000000 30 42 86 255
12.657227 -102.015137 -18.750000 0.106780 -0.994283 0.000000 30 42 86 255
11.770630 -102.110352 -18.750000 0.106780 -0.994283 0.000000 30 42 86 255
10.884033 -102.205566 0.000000 0.106780 -0.994283 0.000000 30 42 86 255
10.884033 -102.205566 -18.750000 0.106780 -0.994283 0.000000 30 42 86 255
9.997437 -102.300781 0.000000 0.094482 -0.995526 0.000000 30 42 86 255
9.997437 -102.300781 -18.750000 0.094482 -0.995526 0.000000 30 42 86 255
9.103188 -102.374512 18.750000 0.082171 -0.996618 0.000000 30 42 86 255
8.208939 -102.448242 18.750000 0.082171 -0.996618 0.000000 30 42 86 255
9.103188 -102.374512 0.000000 0.082171 -0.996618 0.000000 30 42 86 255
8.208939 -102.448242 0.000000 0.082171 -0.996618 0.000000 30 42 86 255
9.103188 -102.374512 -18.750000 0.082171 -0.996618 0.000000 30 42 86 255
8.208939 -102.448242 -18.750000 0.082171 -0.996618 0.000000 30 42 86 255
7.314690 -102.521973 0.000000 0.082171 -0.996618 0.000000 30 42 86 255
7.314690 -102.521973 -18.750000 0.082171 -0.996618 0.000000 30 42 86 255
6.420441 -102.595703 0.000000 0.072472 -0.997370 0.000000 30 42 86 255
6.420441 -102.595703 -18.750000 0.072472 -0.997370 0.000000 30 42 86 255
4.619171 -102.708984 18.750000 0.062766 -0.998028 0.000000 30 42 86 255
2.817902 -102.822266 18.750000 0.062766 -0.998028 0.000000 30 42 86 255
4.619171 -102.708984 0.000000 0.062766 -0.998028 0.000000 30 42 86 255
2.817902 -102.822266 0.000000 0.062766 -0.998028 0.000000 30 42 86 255
4.619171 -102.708984 -18.750000 0.062766 -0.998028 0.000000 30 42 86 255
1.016632 -102.935547 0.000000 0.062766 -0.998028 0.000000 30 42 86 255
1.016632 -102.935547 -18.750000 0.062766 -0.998028 0.000000 30 42 86 255
2.817902 -102.822266 -18.750000 0.062766 -0.998028 0.000000 30 42 86 255
71.190155 -38.080078 18.750000 0.999818 -0.019094 0.000000 30 42 86 255
71.039223 -39.735352 18.750000 0.995869 -0.090806 0.000000 30 42 86 255
70.888290 -41.390625 18.750000 0.995869 -0.090806 0.000000 30 42 86 255
71.190155 -38.080078 0.000000 0.999818 -0.019094 0.000000 30 42 86 255
71.039223 -39.735352 0.000000 0.995869 -0.090806 0.000000 30 42 86 255
70.888290 -41.390625 0.000000 0.995869 -0.090806 0.000000 30 42 86 255
71.039223 -39.735352 -18.750000 0.995869 -0.090806 0.000000 30 42 86 255
70.888290 -41.390625 -18.750000 0.995869 -0.090806 0.000000 30 42 86 255
70.737358 -43.045898 0.000000 0.995869 -0.090806 0.000000 30 42 86 255
70.737358 -43.045898 -18.750000 0.995869 -0.090806 0.000000 30 42 86 255
70.586426 -44.701172 0.000000 0.994761 -0.102232 0.000000 30 42 86 255
70.586426 -44.701172 -18.750000 0.994761 -0.102232 0.000000 30 42 86 255
70.492706 -45.520508 18.750000 0.993522 -0.113644 0.000000 30 42 86 255
70.398987 -46.339844 18.750000 0.993522 -0.113644 0.000000 30 42 86 255
70.492706 -45.520508 0.000000 0.993522 -0.113644 0.000000 30 42 86 255
70.398987 -46.339844 0.000000 0.993522 -0.113644 0.000000 30 42 86 255
70.492706 -45.520508 -18.750000 0.993522 -0.113644 0.000000 30 42 86 255
70.398987 -46.339844 -18.750000 0.993522 -0.113644 0.000000 30 42 86 255
70.305267 -47.159180 0.000000 0.993522 -0.113644 0.000000 30 42 86 255
70.305267 -47.159180 -18.750000 0.993522 -0.113644 0.000000 30 42 86 255
70.211548 -47.978516 0.000000 0.991843 -0.127462 0.000000 30 42 86 255
70.211548 -47.978516 -18.750000 0.991843 -0.127462 0.000000 30 42 86 255
70.095894 -48.789062 18.750000 0.989973 -0.141256 0.000000 30 42 86 255
69.980240 -49.599609 18.750000 0.989973 -0.141256 0.000000 30 42 86 255
70.095894 -48.789062 0.000000 0.989973 -0.141256 0.000000 30 42 86 255
69.980240 -49.599609 0.000000 0.989973 -0.141256 0.000000 30 42 86 255
70.095894 -48.789062 -18.750000 0.989973 -0.141256 0.000000 30 42 86 255
69.980240 -49.599609 -18.750000 0.989973 -0.141256 0.000000 30 42 86 255
69.864586 -50.410156 0.000000 0.989973 -0.141256 0.000000 30 42 86 255
69.864586 -50.410156 -18.750000 0.989973 -0.141256 0.000000 30 42 86 255
69.748932 -51.220703 0.000000 0.987136 -0.159885 0.000000 30 42 86 255
69.748932 -51.220703 -18.750000 0.987136 -0.159885 0.000000 30 42 86 255
69.604050 -52.019531 18.750000 0.983948 -0.178457 0.000000 30 42 86 255
69.459167 -52.818359 18.750000 0.983948 -0.178457 0.000000 30 42 86 255
69.604050 -52.019531 0.000000 0.983948 -0.178457 0.000000 30 42 86 255
69.459167 -52.818359 0.000000 0.983948 -0.178457 0.000000 30 42 86 255
69.604050 -52.019531 -18.750000 0.983948 -0.178457 0.000000 30 42 86 255
69.459167 -52.818359 -18.750000 0.983948 -0.178457 0.000000 30 42 86 255
69.314285 -53.617188 0.000000 0.983948 -0.178457 0.000000 30 42 86 255
69.314285 -53.617188 -18.750000 0.983948 -0.178457 0.000000 30 42 86 255
69.169403 -54.416016 0.000000 0.979347 -0.202186 0.000000 30 42 86 255
69.169403 -54.416016 -18.750000 0.979347 -0.202186 0.000000 30 42 86 255
68.987984 -55.198730 18.750000 0.974175 -0.225796 0.000000 30 42 86 255
68.806564 -55.981445 18.750000 0.974175 -0.225796 0.000000 30 42 86 255
68.987984 -55.198730 0.000000 0.974175 -0.225796 0.000000 30 42 86 255
68.806564 -55.981445 0.000000 0.974175 -0.225796 0.000000 30 42 86 255
68.987984 -55.198730 -18.750000 0.974175 -0.225796 0.000000 30 42 86 255
68.806564 -55.981445 -18.750000 0.974175 -0.225796 0.000000 30 42 86 255
68.625145 -56.764160 0.000000 0.974175 -0.225796 0.000000 30 42 86 255
68.625145 -56.764160 -18.750000 0.974175 -0.225796 0.000000 30 42 86 255
68.443726 -57.546875 0.000000 0.967080 -0.254472 0.000000 30 42 86 255
68.443726 -57.546875 -18.750000 0.967080 -0.254472 0.000000 30 42 86 255
68.218460 -58.310547 18.750000 0.959142 -0.282925 0.000000 30 42 86 255
67.993195 -59.074219 18.750000 0.959142 -0.282925 0.000000 30 42 86 255
68.218460 -58.310547 0.000000 0.959142 -0.282925 0.000000 30 42 86 255
67.993195 -59.074219 0.000000 0.959142 -0.282925 0.000000 30 42 86 255
68.218460 -58.310547 -18.750000 0.959142 -0.282925 0.000000 30 42 86 255
67.993195 -59.074219 -18.750000 0.959142 -0.282925 0.000000 30 42 86 255
67.767929 -59.837891 0.000000 0.959142 -0.282925 0.000000 30 42 86 255
67.767929 -59.837891 -18.750000 0.959142 -0.282925 0.000000 30 42 86 255
67.542664 -60.601562 0.000000 0.948706 -0.316160 0.000000 30 42 86 255
67.542664 -60.601562 -18.750000 0.948706 -0.316160 0.000000 30 42 86 255
67.266251 -61.343750 18.750000 0.937119 -0.349011 0.000000 30 42 86 255
66.989838 -62.085938 18.750000 0.937119 -0.349011 0.000000 30 42 86 255
67.266251 -61.343750 0.000000 0.937119 -0.349011 0.000000 30 42 86 255
66.989838 -62.085938 0.000000 0.937119 -0.349011 0.000000 30 42 86 255
67.266251 -61.343750 -18.750000 0.937119 -0.349011 0.000000 30 42 86 255
66.989838 -62.085938 -18.750000 0.937119 -0.349011 0.000000 30 42 86 255
66.713425 -62.828125 0.000000 0.937119 -0.349011 0.000000 30 42 86 255
66.713425 -62.828125 -18.750000 0.937119 -0.349011 0.000000 30 42 86 255
66.437012 -63.570312 0.000000 0.922822 -0.385228 0.000000 30 42 86 255
66.437012 -63.570312 -18.750000 0.922822 -0.385228 0.000000 30 42 86 255
66.103775 -64.288574 18.750000 0.907126 -0.420860 0.000000 30 42 86 255
65.770538 -65.006836 18.750000 0.907126 -0.420860 0.000000 30 42 86 255
66.103775 -64.288574 0.000000 0.907126 -0.420860 0.000000 30 42 86 255
65.770538 -65.006836 0.000000 0.907126 -0.420860 0.000000 30 42 86 255
66.103775 -64.288574 -18.750000 0.907126 -0.420860 0.000000 30 42 86 255
65.770538 -65.006836 -18.750000 0.907126 -0.420860 0.000000 30 42 86 255
65.437302 -65.725098 0.000000 0.907126 -0.420860 0.000000 30 42 86 255
65.437302 -65.725098 -18.750000 0.907126 -0.420860 0.000000 30 42 86 255
65.104065 -66.443359 0.000000 0.891361 -0.453295 0.000000 30 42 86 255
65.104065 -66.443359 -18.750000 0.891361 -0.453295 0.000000 30 42 86 255
64.718033 -67.139160 18.750000 0.874437 -0.485140 0.000000 30 42 86 255
64.332001 -67.834961 18.750000 0.874437 -0.485140 0.000000 30 42 86 255
64.718033 -67.139160 0.000000 0.874437 -0.485140 0.000000 30 42 86 255
64.332001 -67.834961 0.000000 0.874437 -0.485140 0.000000 30 42 86 255
64.718033 -67.139160 -18.750000 0.874437 -0.485140 0.000000 30 42 86 255
64.332001 -67.834961 -18.750000 0.874437 -0.485140 0.000000 30 42 86 255
63.945969 -68.530762 0.000000 0.874437 -0.485140 0.000000 30 42 86 255
63.945969 -68.530762 -18.750000 0.874437 -0.485140 0.000000 30 42 86 255
63.559937 -69.226562 0.000000 0.859180 -0.511673 0.000000 30 42 86 255
63.559937 -69.226562 -18.750000 0.859180 -0.511673 0.000000 30 42 86 255
63.128624 -69.902832 18.750000 0.843119 -0.537726 0.000000 30 42 86 255
62.697311 -70.579102 18.750000 0.843119 -0.537726 0.000000 30 42 86 255
63.128624 -69.902832 0.000000 0.843119 -0.537726 0.000000 30 42 86 255
62.697311 -70.579102 0.000000 0.843119 -0.537726 0.000000 30 42 86 255
63.128624 -69.902832 -18.750000 0.843119 -0.537726 0.000000 30 42 86 255
62.697311 -70.579102 -18.750000 0.843119 -0.537726 0.000000 30 42 86 255
62.265999 -71.255371 0.000000 0.843119 -0.537726 0.000000 30 42 86 255
62.265999 -71.255371 -18.750000 0.843119 -0.537726 0.000000 30 42 86 255
61.834686 -71.931641 0.000000 0.829616 -0.558335 0.000000 30 42 86 255
61.834686 -71.931641 -18.750000 0.829616 -0.558335 0.000000 30 42 86 255
61.365669 -72.592773 18.750000 0.815608 -0.578604 0.000000 30 42 86 255
60.896652 -73.253906 18.750000 0.815608 -0.578604 0.000000 30 42 86 255
61.365669 -72.592773 0.000000 0.815608 -0.578604 0.000000 30 42 86 255
60.896652 -73.253906 0.000000 0.815608 -0.578604 0.000000 30 42 86 255
61.365669 -72.592773 -18.750000 0.815608 -0.578604 0.000000 30 42 86 255
60.896652 -73.253906 -18.750000 0.815608 -0.578604 0.000000 30 42 86 255
60.427635 -73.915039 0.000000 0.815608 -0.578604 0.000000 30 42 86 255
60.427635 -73.915039 -18.750000 0.815608 -0.578604 0.000000 30 42 86 255
59.958618 -74.576172 0.000000 0.803824 -0.594867 0.000000 30 42 86 255
59.958618 -74.576172 -18.750000 0.803824 -0.594867 0.000000 30 42 86 255
59.459412 -75.223145 18.750000 0.791715 -0.610890 0.000000 30 42 86 255
58.960205 -75.870117 18.750000 0.791715 -0.610890 0.000000 30 42 86 255
59.459412 -75.223145 0.000000 0.791715 -0.610890 0.000000 30 42 86 255
58.960205 -75.870117 0.000000 0.791715 -0.610890 0.000000 30 42 86 255
59.459412 -75.223145 -18.750000 0.791715 -0.610890 0.000000 30 42 86 255
58.960205 -75.870117 -18.750000 0.791715 -0.610890 0.000000 30 42 86 255
58.460999 -76.517090 0.000000 0.791715 -0.610890 0.000000 30 42 86 255
58.460999 -76.517090 -18.750000 0.791715 -0.610890 0.000000 30 42 86 255
57.961792 -77.164062 0.000000 0.783008 -0.622012 0.000000 30 42 86 255
57.961792 -77.164062 -18.750000 0.783008 -0.622012 0.000000 30 42 86 255
57.439957 -77.802246 18.750000 0.774144 -0.633009 0.000000 30 42 86 255
56.918121 -78.440430 18.750000 0.774144 -0.633009 0.000000 30 42 86 255
57.439957 -77.802246 0.000000 0.774144 -0.633009 0.000000 30 42 86 255
56.918121 -78.440430 0.000000 0.774144 -0.633009 0.000000 30 42 86 255
57.439957 -77.802246 -18.750000 0.774144 -0.633009 0.000000 30 42 86 255
56.918121 -78.440430 -18.750000 0.774144 -0.633009 0.000000 30 42 86 255
56.396286 -79.078613 0.000000 0.774144 -0.633009 0.000000 30 42 86 255
56.396286 -79.078613 -18.750000 0.774144 -0.633009 0.000000 30 42 86 255
55.874451 -79.716797 0.000000 0.766518 -0.642222 0.000000 30 42 86 255
55.874451 -79.716797 -18.750000 0.766518 -0.642222 0.000000 30 42 86 255
54.793060 -80.976562 18.750000 0.758783 -0.651344 0.000000 30 42 86 255
53.711670 -82.236328 18.750000 0.758783 -0.651344 0.000000 30 42 86 255
54.793060 -80.976562 0.000000 0.758783 -0.651344 0.000000 30 42 86 255
53.711670 -82.236328 0.000000 0.758783 -0.651344 0.000000 30 42 86 255
54.793060 -80.976562 -18.750000 0.758783 -0.651344 0.000000 30 42 86 255
52.630280 -83.496094 0.000000 0.758783 -0.651344 0.000000 30 42 86 255
52.630280 -83.496094 -18.750000 0.758783 -0.651344 0.000000 30 42 86 255
53.711670 -82.236328 -18.750000 0.758783 -0.651344 0.000000 30 42 86 255
64.169098 -9.474609 18.750000 0.874418 0.485174 0.000000 30 42 86 255
64.562019 -10.325195 18.750000 0.907820 0.419360 0.000000 30 42 86 255
64.954941 -11.175781 18.750000 0.907820 0.419360 0.000000 30 42 86 255
64.169098 -9.474609 0.000000 0.874418 0.485174 0.000000 30 42 86 255
64.562019 -10.325195 0.000000 0.907820 0.419360 0.000000 30 42 86 255
64.954941 -11.175781 0.000000 0.907820 0.419360 0.000000 30 42 86 255
64.562019 -10.325195 -18.750000 0.907820 0.419360 0.000000 30 42 86 255
64.954941 -11.175781 -18.750000 0.907820 0.419360 0.000000 30 42 86 255
65.347862 -12.026367 0.000000 0.907820 0.419360 0.000000 30 42 86 255
65.347862 -12.026367 -18.750000 0.907820 0.419360 0.000000 30 42 86 255
65.740784 -12.876953 0.000000 0.912840 0.408318 0.000000 30 42 86 255
65.740784 -12.876953 -18.750000 0.912840 0.408318 0.000000 30 42 86 255
66.111053 -13.732422 18.750000 0.917725 0.397216 0.000000 30 42 86 255
66.481323 -14.587891 18.750000 0.917725 0.397216 0.000000 30 42 86 255
66.111053 -13.732422 0.000000 0.917725 0.397216 0.000000 30 42 86 255
66.481323 -14.587891 0.000000 0.917725 0.397216 0.000000 30 42 86 255
66.111053 -13.732422 -18.750000 0.917725 0.397216 0.000000 30 42 86 255
66.481323 -14.587891 -18.750000 0.917725 0.397216 0.000000 30 42 86 255
66.851593 -15.443359 0.000000 0.917725 0.397216 0.000000 30 42 86 255
66.851593 -15.443359 -18.750000 0.917725 0.397216 0.000000 30 42 86 255
67.221863 -16.298828 0.000000 0.927429 0.373999 0.000000 30 42 86 255
67.221863 -16.298828 -18.750000 0.927429 0.373999 0.000000 30 42 86 255
67.546814 -17.166992 18.750000 0.936545 0.350546 0.000000 30 42 86 255
67.871765 -18.035156 18.750000 0.936545 0.350546 0.000000 30 42 86 255
67.546814 -17.166992 0.000000 0.936545 0.350546 0.000000 30 42 86 255
67.871765 -18.035156 0.000000 0.936545 0.350546 0.000000 30 42 86 255
67.546814 -17.166992 -18.750000 0.936545 0.350546 0.000000 30 42 86 255
67.871765 -18.035156 -18.750000 0.936545 0.350546 0.000000 30 42 86 255
68.196716 -18.903320 0.000000 0.936545 0.350546 0.000000 30 42 86 255
68.196716 -18.903320 -18.750000 0.936545 0.350546 0.000000 30 42 86 255
68.521667 -19.771484 0.000000 0.949081 0.315033 0.000000 30 42 86 255
68.521667 -19.771484 -18.750000 0.949081 0.315033 0.000000 30 42 86 255
68.778656 -20.655762 18.750000 0.960270 0.279073 0.000000 30 42 86 255
69.035645 -21.540039 18.750000 0.960270 0.279073 0.000000 30 42 86 255
68.778656 -20.655762 0.000000 0.960270 0.279073 0.000000 30 42 86 255
69.035645 -21.540039 0.000000 0.960270 0.279073 0.000000 30 42 86 255
68.778656 -20.655762 -18.750000 0.960270 0.279073 0.000000 30 42 86 255
69.035645 -21.540039 -18.750000 0.960270 0.279073 0.000000 30 42 86 255
69.292633 -22.424316 0.000000 0.960270 0.279073 0.000000 30 42 86 255
69.292633 -22.424316 -18.750000 0.960270 0.279073 0.000000 30 42 86 255
69.549622 -23.308594 0.000000 0.971827 0.235697 0.000000 30 42 86 255
69.549622 -23.308594 -18.750000 0.971827 0.235697 0.000000 30 42 86 255
69.726486 -24.213379 18.750000 0.981425 0.191846 0.000000 30 42 86 255
69.903351 -25.118164 18.750000 0.981425 0.191846 0.000000 30 42 86 255
69.726486 -24.213379 0.000000 0.981425 0.191846 0.000000 30 42 86 255
69.903351 -25.118164 0.000000 0.981425 0.191846 0.000000 30 42 86 255
69.726486 -24.213379 -18.750000 0.981425 0.191846 0.000000 30 42 86 255
69.903351 -25.118164 -18.750000 0.981425 0.191846 0.000000 30 42 86 255
70.080215 -26.022949 0.000000 0.981425 0.191846 0.000000 30 42 86 255
70.080215 -26.022949 -18.750000 0.981425 0.191846 0.000000 30 42 86 255
70.257080 -26.927734 0.000000 0.987595 0.157026 0.000000 30 42 86 255
70.257080 -26.927734 -18.750000 0.987595 0.157026 0.000000 30 42 86 255
70.370224 -27.848145 18.750000 0.992529 0.122009 0.000000 30 42 86 255
70.483368 -28.768555 18.750000 0.992529 0.122009 0.000000 30 42 86 255
70.370224 -27.848145 0.000000 0.992529 0.122009 0.000000 30 42 86 255
70.483368 -28.768555 0.000000 0.992529 0.122009 0.000000 30 42 86 255
70.370224 -27.848145 -18.750000 0.992529 0.122009 0.000000 30 42 86 255
70.483368 -28.768555 -18.750000 0.992529 0.122009 0.000000 30 42 86 255
70.596512 -29.688965 0.000000 0.992529 0.122009 0.000000 30 42 86 255
70.596512 -29.688965 -18.750000 0.992529 0.122009 0.000000 30 42 86 255
70.709656 -30.609375 0.000000 0.995099 0.098879 0.000000 30 42 86 255
70.709656 -30.609375 -18.750000 0.995099 0.098879 0.000000 30 42 86 255
70.780342 -31.540527 18.750000 0.997131 0.075695 0.000000 30 42 86 255
70.851028 -32.471680 18.750000 0.997131 0.075695 0.000000 30 42 86 255
70.780342 -31.540527 0.000000 0.997131 0.075695 0.000000 30 42 86 255
70.851028 -32.471680 0.000000 0.997131 0.075695 0.000000 30 42 86 255
70.780342 -31.540527 -18.750000 0.997131 0.075695 0.000000 30 42 86 255
70.851028 -32.471680 -18.750000 0.997131 0.075695 0.000000 30 42 86 255
70.921715 -33.402832 0.000000 0.997131 0.075695 0.000000 30 42 86 255
70.921715 -33.402832 -18.750000 0.997131 0.075695 0.000000 30 42 86 255
70.992401 -34.333984 0.000000 0.997936 0.064210 0.000000 30 42 86 255
70.992401 -34.333984 -18.750000 0.997936 0.064210 0.000000 30 42 86 255
71.041840 -35.270508 18.750000 0.998609 0.052716 0.000000 30 42 86 255
71.091278 -36.207031 18.750000 0.998609 0.052716 0.000000 30 42 86 255
71.041840 -35.270508 0.000000 0.998609 0.052716 0.000000 30 42 86 255
71.091278 -36.207031 0.000000 0.998609 0.052716 0.000000 30 42 86 255
71.041840 -35.270508 -18.750000 0.998609 0.052716 0.000000 30 42 86 255
71.140717 -37.143555 0.000000 0.998609 0.052716 0.000000 30 42 86 255
71.140717 -37.143555 -18.750000 0.998609 0.052716 0.000000 30 42 86 255
71.091278 -36.207031 -18.750000 0.998609 0.052716 0.000000 30 42 86 255
45.950897 10.080078 18.750000 0.543169 0.839624 0.000000 30 42 86 255
47.300613 9.055176 18.750000 0.604753 0.796413 0.000000 30 42 86 255
48.650330 8.030273 18.750000 0.604753 0.796413 0.000000 30 42 86 255
45.950897 10.080078 0.000000 0.543169 0.839624 0.000000 30 42 86 255
47.300613 9.055176 0.000000 0.604753 0.796413 0.000000 30 42 86 255
48.650330 8.030273 0.000000 0.604753 0.796413 0.000000 30 42 86 255
47.300613 9.055176 -18.750000 0.604753 0.796413 0.000000 30 42 86 255
48.650330 8.030273 -18.750000 0.604753 0.796413 0.000000 30 42 86 255
50.000046 7.005371 0.000000 0.604753 0.796413 0.000000 30 42 86 255
50.000046 7.005371 -18.750000 0.604753 0.796413 0.000000 30 42 86 255
51.349762 5.980469 0.000000 0.627774 0.778396 0.000000 30 42 86 255
51.349762 5.980469 -18.750000 0.627774 0.778396 0.000000 30 42 86 255
51.988121 5.434082 18.750000 0.650257 0.759714 0.000000 30 42 86 255
52.626480 4.887695 18.750000 0.650257 0.759714 0.000000 30 42 86 255
51.988121 5.434082 0.000000 0.650257 0.759714 0.000000 30 42 86 255
52.626480 4.887695 0.000000 0.650257 0.759714 0.000000 30 42 86 255
51.988121 5.434082 -18.750000 0.650257 0.759714 0.000000 30 42 86 255
52.626480 4.887695 -18.750000 0.650257 0.759714 0.000000 30 42 86 255
53.264839 4.341309 0.000000 0.650257 0.759714 0.000000 30 42 86 255
53.264839 4.341309 -18.750000 0.650257 0.759714 0.000000 30 42 86 255
53.903198 3.794922 0.000000 0.676814 0.736154 0.000000 30 42 86 255
53.903198 3.794922 -18.750000 0.676814 0.736154 0.000000 30 42 86 255
54.497757 3.208008 18.750000 0.702517 0.711667 0.000000 30 42 86 255
55.092316 2.621094 18.750000 0.702517 0.711667 0.000000 30 42 86 255
54.497757 3.208008 0.000000 0.702517 0.711667 0.000000 30 42 86 255
55.092316 2.621094 0.000000 0.702517 0.711667 0.000000 30 42 86 255
54.497757 3.208008 -18.750000 0.702517 0.711667 0.000000 30 42 86 255
55.092316 2.621094 -18.750000 0.702517 0.711667 0.000000 30 42 86 255
55.686874 2.034180 0.000000 0.702517 0.711667 0.000000 30 42 86 255
55.686874 2.034180 -18.750000 0.702517 0.711667 0.000000 30 42 86 255
56.281433 1.447266 0.000000 0.732643 0.680614 0.000000 30 42 86 255
56.281433 1.447266 -18.750000 0.732643 0.680614 0.000000 30 42 86 255
56.823563 0.810547 18.750000 0.761397 0.648286 0.000000 30 42 86 255
57.365692 0.173828 18.750000 0.761397 0.648286 0.000000 30 42 86 255
56.823563 0.810547 0.000000 0.761397 0.648286 0.000000 30 42 86 255
57.365692 0.173828 0.000000 0.761397 0.648286 0.000000 30 42 86 255
56.823563 0.810547 -18.750000 0.761397 0.648286 0.000000 30 42 86 255
57.365692 0.173828 -18.750000 0.761397 0.648286 0.000000 30 42 86 255
57.907822 -0.462891 0.000000 0.761397 0.648286 0.000000 30 42 86 255
57.907822 -0.462891 -18.750000 0.761397 0.648286 0.000000 30 42 86 255
58.449951 -1.099609 0.000000 0.783099 0.621897 0.000000 30 42 86 255
58.449951 -1.099609 -18.750000 0.783099 0.621897 0.000000 30 42 86 255
58.949951 -1.775391 18.750000 0.803886 0.594783 0.000000 30 42 86 255
59.449951 -2.451172 18.750000 0.803886 0.594783 0.000000 30 42 86 255
58.949951 -1.775391 0.000000 0.803886 0.594783 0.000000 30 42 86 255
59.449951 -2.451172 0.000000 0.803886 0.594783 0.000000 30 42 86 255
58.949951 -1.775391 -18.750000 0.803886 0.594783 0.000000 30 42 86 255
59.449951 -2.451172 -18.750000 0.803886 0.594783 0.000000 30 42 86 255
59.949951 -3.126953 0.000000 0.803886 0.594783 0.000000 30 42 86 255
59.949951 -3.126953 -18.750000 0.803886 0.594783 0.000000 30 42 86 255
60.449951 -3.802734 0.000000 0.820398 0.571793 0.000000 30 42 86 255
60.449951 -3.802734 -18.750000 0.820398 0.571793 0.000000 30 42 86 255
61.379738 -5.220703 18.750000 0.836252 0.548345 0.000000 30 42 86 255
62.309525 -6.638672 18.750000 0.836252 0.548345 0.000000 30 42 86 255
61.379738 -5.220703 0.000000 0.836252 0.548345 0.000000 30 42 86 255
62.309525 -6.638672 0.000000 0.836252 0.548345 0.000000 30 42 86 255
61.379738 -5.220703 -18.750000 0.836252 0.548345 0.000000 30 42 86 255
63.239311 -8.056641 0.000000 0.836252 0.548345 0.000000 30 42 86 255
63.239311 -8.056641 -18.750000 0.836252 0.548345 0.000000 30 42 86 255
62.309525 -6.638672 -18.750000 0.836252 0.548345 0.000000 30 42 86 255
13.779053 24.470703 18.750000 0.360991 0.932569 0.000000 30 42 86 255
15.856773 23.717773 18.750000 0.340702 0.940171 0.000000 30 42 86 255
17.934494 22.964844 18.750000 0.340702 0.940171 0.000000 30 42 86 255
13.779053 24.470703 0.000000 0.360991 0.932569 0.000000 30 42 86 255
15.856773 23.717773 0.000000 0.340702 0.940171 0.000000 30 42 86 255
17.934494 22.964844 0.000000 0.340702 0.940171 0.000000 30 42 86 255
15.856773 23.717773 -18.750000 0.340702 0.940171 0.000000 30 42 86 255
17.934494 22.964844 -18.750000 0.340702 0.940171 0.000000 30 42 86 255
20.012215 22.211914 0.000000 0.340702 0.940171 0.000000 30 42 86 255
20.012215 22.211914 -18.750000 0.340702 0.940171 0.000000 30 42 86 255
22.089935 21.458984 0.000000 0.351401 0.936225 0.000000 30 42 86 255
22.089935 21.458984 -18.750000 0.351401 0.936225 0.000000 30 42 86 255
23.118279 21.059570 18.750000 0.362055 0.932157 0.000000 30 42 86 255
24.146622 20.660156 18.750000 0.362055 0.932157 0.000000 30 42 86 255
23.118279 21.059570 0.000000 0.362055 0.932157 0.000000 30 42 86 255
24.146622 20.660156 0.000000 0.362055 0.932157 0.000000 30 42 86 255
23.118279 21.059570 -18.750000 0.362055 0.932157 0.000000 30 42 86 255
24.146622 20.660156 -18.750000 0.362055 0.932157 0.000000 30 42 86 255
25.174965 20.260742 0.000000 0.362055 0.932157 0.000000 30 42 86 255
25.174965 20.260742 -18.750000 0.362055 0.932157 0.000000 30 42 86 255
26.203308 19.861328 0.000000 0.374545 0.927209 0.000000 30 42 86 255
26.203308 19.861328 -18.750000 0.374545 0.927209 0.000000 30 42 86 255
27.219055 19.435059 18.750000 0.386967 0.922094 0.000000 30 42 86 255
28.234802 19.008789 18.750000 0.386967 0.922094 0.000000 30 42 86 255
27.219055 19.435059 0.000000 0.386967 0.922094 0.000000 30 42 86 255
28.234802 19.008789 0.000000 0.386967 0.922094 0.000000 30 42 86 255
27.219055 19.435059 -18.750000 0.386967 0.922094 0.000000 30 42 86 255
28.234802 19.008789 -18.750000 0.386967 0.922094 0.000000 30 42 86 255
29.250549 18.582520 0.000000 0.386967 0.922094 0.000000 30 42 86 255
29.250549 18.582520 -18.750000 0.386967 0.922094 0.000000 30 42 86 255
30.266296 18.156250 0.000000 0.403920 0.914794 0.000000 30 42 86 255
30.266296 18.156250 -18.750000 0.403920 0.914794 0.000000 30 42 86 255
31.265427 17.692871 18.750000 0.420736 0.907183 0.000000 30 42 86 255
32.264557 17.229492 18.750000 0.420736 0.907183 0.000000 30 42 86 255
31.265427 17.692871 0.000000 0.420736 0.907183 0.000000 30 42 86 255
32.264557 17.229492 0.000000 0.420736 0.907183 0.000000 30 42 86 255
31.265427 17.692871 -18.750000 0.420736 0.907183 0.000000 30 42 86 255
32.264557 17.229492 -18.750000 0.420736 0.907183 0.000000 30 42 86 255
33.263687 16.766113 0.000000 0.420736 0.907183 0.000000 30 42 86 255
33.263687 16.766113 -18.750000 0.420736 0.907183 0.000000 30 42 86 255
34.262817 16.302734 0.000000 0.436760 0.899578 0.000000 30 42 86 255
34.262817 16.302734 -18.750000 0.436760 0.899578 0.000000 30 42 86 255
35.245865 15.803711 18.750000 0.452648 0.891690 0.000000 30 42 86 255
36.228912 15.304688 18.750000 0.452648 0.891690 0.000000 30 42 86 255
35.245865 15.803711 0.000000 0.452648 0.891690 0.000000 30 42 86 255
36.228912 15.304688 0.000000 0.452648 0.891690 0.000000 30 42 86 255
35.245865 15.803711 -18.750000 0.452648 0.891690 0.000000 30 42 86 255
36.228912 15.304688 -18.750000 0.452648 0.891690 0.000000 30 42 86 255
37.211960 14.805664 0.000000 0.452648 0.891690 0.000000 30 42 86 255
37.211960 14.805664 -18.750000 0.452648 0.891690 0.000000 30 42 86 255
38.195007 14.306641 0.000000 0.465628 0.884980 0.000000 30 42 86 255
38.195007 14.306641 -18.750000 0.465628 0.884980 0.000000 30 42 86 255
40.133980 13.250000 18.750000 0.478510 0.878082 0.000000 30 42 86 255
42.072952 12.193359 18.750000 0.478510 0.878082 0.000000 30 42 86 255
40.133980 13.250000 0.000000 0.478510 0.878082 0.000000 30 42 86 255
42.072952 12.193359 0.000000 0.478510 0.878082 0.000000 30 42 86 255
40.133980 13.250000 -18.750000 0.478510 0.878082 0.000000 30 42 86 255
44.011925 11.136719 0.000000 0.478510 0.878082 0.000000 30 42 86 255
44.011925 11.136719 -18.750000 0.478510 0.878082 0.000000 30 42 86 255
42.072952 12.193359 -18.750000 0.478510 0.878082 0.000000 30 42 86 255
-10.350159 36.390625 18.750000 0.609526 0.792766 0.000000 30 42 86 255
-8.901131 35.529297 18.750000 0.510963 0.859603 0.000000 30 42 86 255
-7.452103 34.667969 18.750000 0.510963 0.859603 0.000000 30 42 86 255
-10.350159 36.390625 0.000000 0.609526 0.792766 0.000000 30 42 86 255
-8.901131 35.529297 0.000000 0.510963 0.859603 0.000000 30 42 86 255
-7.452103 34.667969 0.000000 0.510963 0.859603 0.000000 30 42 86 255
-8.901131 35.529297 -18.750000 0.510963 0.859603 0.000000 30 42 86 255
-7.452103 34.667969 -18.750000 0.510963 0.859603 0.000000 30 42 86 255
-6.003075 33.806641 0.000000 0.510963 0.859603 0.000000 30 42 86 255
-6.003075 33.806641 -18.750000 0.510963 0.859603 0.000000 30 42 86 255
-4.554047 32.945312 0.000000 0.496695 0.867925 0.000000 30 42 86 255
-4.554047 32.945312 -18.750000 0.496695 0.867925 0.000000 30 42 86 255
-3.817039 32.539551 18.750000 0.482291 0.876011 0.000000 30 42 86 255
-3.080032 32.133789 18.750000 0.482291 0.876011 0.000000 30 42 86 255
-3.817039 32.539551 0.000000 0.482291 0.876011 0.000000 30 42 86 255
-3.080032 32.133789 0.000000 0.482291 0.876011 0.000000 30 42 86 255
-3.817039 32.539551 -18.750000 0.482291 0.876011 0.000000 30 42 86 255
-3.080032 32.133789 -18.750000 0.482291 0.876011 0.000000 30 42 86 255
-2.343025 31.728027 0.000000 0.482291 0.876011 0.000000 30 42 86 255
-2.343025 31.728027 -18.750000 0.482291 0.876011 0.000000 30 42 86 255
-1.606018 31.322266 0.000000 0.466258 0.884649 0.000000 30 42 86 255
-1.606018 31.322266 -18.750000 0.466258 0.884649 0.000000 30 42 86 255
-0.855194 30.943848 18.750000 0.450071 0.892993 0.000000 30 42 86 255
-0.104370 30.565430 18.750000 0.450071 0.892993 0.000000 30 42 86 255
-0.855194 30.943848 0.000000 0.450071 0.892993 0.000000 30 42 86 255
-0.104370 30.565430 0.000000 0.450071 0.892993 0.000000 30 42 86 255
-0.855194 30.943848 -18.750000 0.450071 0.892993 0.000000 30 42 86 255
-0.104370 30.565430 -18.750000 0.450071 0.892993 0.000000 30 42 86 255
0.646454 30.187012 0.000000 0.450071 0.892993 0.000000 30 42 86 255
0.646454 30.187012 -18.750000 0.450071 0.892993 0.000000 30 42 86 255
1.397278 29.808594 0.000000 0.430434 0.902622 0.000000 30 42 86 255
1.397278 29.808594 -18.750000 0.430434 0.902622 0.000000 30 42 86 255
2.932716 29.117188 18.750000 0.410591 0.911819 0.000000 30 42 86 255
4.468155 28.425781 18.750000 0.410591 0.911819 0.000000 30 42 86 255
2.932716 29.117188 0.000000 0.410591 0.911819 0.000000 30 42 86 255
4.468155 28.425781 0.000000 0.410591 0.911819 0.000000 30 42 86 255
2.932716 29.117188 -18.750000 0.410591 0.911819 0.000000 30 42 86 255
4.468155 28.425781 -18.750000 0.410591 0.911819 0.000000 30 42 86 255
6.003593 27.734375 0.000000 0.410591 0.911819 0.000000 30 42 86 255
6.003593 27.734375 -18.750000 0.410591 0.911819 0.000000 30 42 86 255
7.539032 27.042969 0.000000 0.395902 0.918293 0.000000 30 42 86 255
7.539032 27.042969 -18.750000 0.395902 0.918293 0.000000 30 42 86 255
9.099037 26.399902 18.750000 0.381110 0.924530 0.000000 30 42 86 255
10.659042 25.756836 18.750000 0.381110 0.924530 0.000000 30 42 86 255
9.099037 26.399902 0.000000 0.381110 0.924530 0.000000 30 42 86 255
10.659042 25.756836 0.000000 0.381110 0.924530 0.000000 30 42 86 255
9.099037 26.399902 -18.750000 0.381110 0.924530 0.000000 30 42 86 255
12.219048 25.113770 0.000000 0.381110 0.924530 0.000000 30 42 86 255
12.219048 25.113770 -18.750000 0.381110 0.924530 0.000000 30 42 86 255
10.659042 25.756836 -18.750000 0.381110 0.924530 0.000000 30 42 86 255
-16.037750 47.640625 18.750000 0.999994 0.003413 0.000000 30 42 86 255
-15.923119 46.815918 18.750000 0.990478 0.137673 0.000000 30 42 86 255
-15.808487 45.991211 18.750000 0.990478 0.137673 0.000000 30 42 86 255
-16.037750 47.640625 0.000000 0.999994 0.003413 0.000000 30 42 86 255
-15.923119 46.815918 0.000000 0.990478 0.137673 0.000000 30 42 86 255
-15.808487 45.991211 0.000000 0.990478 0.137673 0.000000 30 42 86 255
-15.923119 46.815918 -18.750000 0.990478 0.137673 0.000000 30 42 86 255
-15.808487 45.991211 -18.750000 0.990478 0.137673 0.000000 30 42 86 255
-15.693855 45.166504 0.000000 0.990478 0.137673 0.000000 30 42 86 255
-15.693855 45.166504 -18.750000 0.990478 0.137673 0.000000 30 42 86 255
-15.579224 44.341797 0.000000 0.981519 0.191367 0.000000 30 42 86 255
-15.579224 44.341797 -18.750000 0.981519 0.191367 0.000000 30 42 86 255
-15.480606 43.950684 18.750000 0.969651 0.244493 0.000000 30 42 86 255
-15.381989 43.559570 18.750000 0.969651 0.244493 0.000000 30 42 86 255
-15.480606 43.950684 0.000000 0.969651 0.244493 0.000000 30 42 86 255
-15.381989 43.559570 0.000000 0.969651 0.244493 0.000000 30 42 86 255
-15.480606 43.950684 -18.750000 0.969651 0.244493 0.000000 30 42 86 255
-15.381989 43.559570 -18.750000 0.969651 0.244493 0.000000 30 42 86 255
-15.283371 43.168457 0.000000 0.969651 0.244493 0.000000 30 42 86 255
-15.283371 43.168457 -18.750000 0.969651 0.244493 0.000000 30 42 86 255
-15.184753 42.777344 0.000000 0.950561 0.310539 0.000000 30 42 86 255
-15.184753 42.777344 -18.750000 0.950561 0.310539 0.000000 30 42 86 255
-15.036560 42.411133 18.750000 0.926978 0.375117 0.000000 30 42 86 255
-14.888367 42.044922 18.750000 0.926978 0.375117 0.000000 30 42 86 255
-15.036560 42.411133 0.000000 0.926978 0.375117 0.000000 30 42 86 255
-14.888367 42.044922 0.000000 0.926978 0.375117 0.000000 30 42 86 255
-15.036560 42.411133 -18.750000 0.926978 0.375117 0.000000 30 42 86 255
-14.888367 42.044922 -18.750000 0.926978 0.375117 0.000000 30 42 86 255
-14.740173 41.678711 0.000000 0.926978 0.375117 0.000000 30 42 86 255
-14.740173 41.678711 -18.750000 0.926978 0.375117 0.000000 30 42 86 255
-14.591980 41.312500 0.000000 0.891842 0.452346 0.000000 30 42 86 255
-14.591980 41.312500 -18.750000 0.891842 0.452346 0.000000 30 42 86 255
-14.383736 40.976074 18.750000 0.850287 0.526319 0.000000 30 42 86 255
-14.175491 40.639648 18.750000 0.850287 0.526319 0.000000 30 42 86 255
-14.383736 40.976074 0.000000 0.850287 0.526319 0.000000 30 42 86 255
-14.175491 40.639648 0.000000 0.850287 0.526319 0.000000 30 42 86 255
-14.383736 40.976074 -18.750000 0.850287 0.526319 0.000000 30 42 86 255
-14.175491 40.639648 -18.750000 0.850287 0.526319 0.000000 30 42 86 255
-13.967247 40.303223 0.000000 0.850287 0.526319 0.000000 30 42 86 255
-13.967247 40.303223 -18.750000 0.850287 0.526319 0.000000 30 42 86 255
-13.759003 39.966797 0.000000 0.812702 0.582680 0.000000 30 42 86 255
-13.759003 39.966797 -18.750000 0.812702 0.582680 0.000000 30 42 86 255
-13.502007 39.655273 18.750000 0.771386 0.636367 0.000000 30 42 86 255
-13.245010 39.343750 18.750000 0.771386 0.636367 0.000000 30 42 86 255
-13.502007 39.655273 0.000000 0.771386 0.636367 0.000000 30 42 86 255
-13.245010 39.343750 0.000000 0.771386 0.636367 0.000000 30 42 86 255
-13.502007 39.655273 -18.750000 0.771386 0.636367 0.000000 30 42 86 255
-13.245010 39.343750 -18.750000 0.771386 0.636367 0.000000 30 42 86 255
-12.988014 39.032227 0.000000 0.771386 0.636367 0.000000 30 42 86 255
-12.988014 39.032227 -18.750000 0.771386 0.636367 0.000000 30 42 86 255
-12.731018 38.720703 0.000000 0.736457 0.676484 0.000000 30 42 86 255
-12.731018 38.720703 -18.750000 0.736457 0.676484 0.000000 30 42 86 255
-12.135803 38.138184 18.750000 0.699444 0.714687 0.000000 30 42 86 255
-11.540588 37.555664 18.750000 0.699444 0.714687 0.000000 30 42 86 255
-12.135803 38.138184 0.000000 0.699444 0.714687 0.000000 30 42 86 255
-11.540588 37.555664 0.000000 0.699444 0.714687 0.000000 30 42 86 255
-12.135803 38.138184 -18.750000 0.699444 0.714687 0.000000 30 42 86 255
-10.945374 36.973145 0.000000 0.699444 0.714687 0.000000 30 42 86 255
-10.945374 36.973145 -18.750000 0.699444 0.714687 0.000000 30 42 86 255
-11.540588 37.555664 -18.750000 0.699444 0.714687 0.000000 30 42 86 255
-11.429596 58.080078 18.750000 0.676332 -0.736597 0.000000 30 42 86 255
-11.906364 57.509766 18.750000 0.767223 -0.641381 0.000000 30 42 86 255
-12.383133 56.939453 18.750000 0.767223 -0.641381 0.000000 30 42 86 255
-11.429596 58.080078 0.000000 0.676332 -0.736597 0.000000 30 42 86 255
-11.906364 57.509766 0.000000 0.767223 -0.641381 0.000000 30 42 86 255
-12.383133 56.939453 0.000000 0.767223 -0.641381 0.000000 30 42 86 255
-11.906364 57.509766 -18.750000 0.767223 -0.641381 0.000000 30 42 86 255
-12.383133 56.939453 -18.750000 0.767223 -0.641381 0.000000 30 42 86 255
-12.859901 56.369141 0.000000 0.767223 -0.641381 0.000000 30 42 86 255
-12.859901 56.369141 -18.750000 0.767223 -0.641381 0.000000 30 42 86 255
-13.336670 55.798828 0.000000 0.795659 -0.605745 0.000000 30 42 86 255
-13.336670 55.798828 -18.750000 0.795659 -0.605745 0.000000 30 42 86 255
-13.543358 55.500000 18.750000 0.822441 -0.568851 0.000000 30 42 86 255
-13.750046 55.201172 18.750000 0.822441 -0.568851 0.000000 30 42 86 255
-13.543358 55.500000 0.000000 0.822441 -0.568851 0.000000 30 42 86 255
-13.750046 55.201172 0.000000 0.822441 -0.568851 0.000000 30 42 86 255
-13.543358 55.500000 -18.750000 0.822441 -0.568851 0.000000 30 42 86 255
-13.750046 55.201172 -18.750000 0.822441 -0.568851 0.000000 30 42 86 255
-13.956734 54.902344 0.000000 0.822441 -0.568851 0.000000 30 42 86 255
-13.956734 54.902344 -18.750000 0.822441 -0.568851 0.000000 30 42 86 255
-14.163422 54.603516 0.000000 0.853543 -0.521023 0.000000 30 42 86 255
-14.163422 54.603516 -18.750000 0.853543 -0.521023 0.000000 30 42 86 255
-14.332069 54.288086 18.750000 0.881867 -0.471499 0.000000 30 42 86 255
-14.500717 53.972656 18.750000 0.881867 -0.471499 0.000000 30 42 86 255
-14.332069 54.288086 0.000000 0.881867 -0.471499 0.000000 30 42 86 255
-14.500717 53.972656 0.000000 0.881867 -0.471499 0.000000 30 42 86 255
-14.332069 54.288086 -18.750000 0.881867 -0.471499 0.000000 30 42 86 255
-14.500717 53.972656 -18.750000 0.881867 -0.471499 0.000000 30 42 86 255
-14.669365 53.657227 0.000000 0.881867 -0.471499 0.000000 30 42 86 255
-14.669365 53.657227 -18.750000 0.881867 -0.471499 0.000000 30 42 86 255
-14.838013 53.341797 0.000000 0.913721 -0.406343 0.000000 30 42 86 255
-14.838013 53.341797 -18.750000 0.913721 -0.406343 0.000000 30 42 86 255
-14.959259 53.005371 18.750000 0.940769 -0.339049 0.000000 30 42 86 255
-15.080505 52.668945 18.750000 0.940769 -0.339049 0.000000 30 42 86 255
-14.959259 53.005371 0.000000 0.940769 -0.339049 0.000000 30 42 86 255
-15.080505 52.668945 0.000000 0.940769 -0.339049 0.000000 30 42 86 255
-14.959259 53.005371 -18.750000 0.940769 -0.339049 0.000000 30 42 86 255
-15.080505 52.668945 -18.750000 0.940769 -0.339049 0.000000 30 42 86 255
-15.201752 52.332520 0.000000 0.940769 -0.339049 0.000000 30 42 86 255
-15.201752 52.332520 -18.750000 0.940769 -0.339049 0.000000 30 42 86 255
-15.322998 51.996094 0.000000 0.959277 -0.282465 0.000000 30 42 86 255
-15.322998 51.996094 -18.750000 0.959277 -0.282465 0.000000 30 42 86 255
-15.404587 51.642578 18.750000 0.974386 -0.224881 0.000000 30 42 86 255
-15.486176 51.289062 18.750000 0.974386 -0.224881 0.000000 30 42 86 255
-15.404587 51.642578 0.000000 0.974386 -0.224881 0.000000 30 42 86 255
-15.486176 51.289062 0.000000 0.974386 -0.224881 0.000000 30 42 86 255
-15.404587 51.642578 -18.750000 0.974386 -0.224881 0.000000 30 42 86 255
-15.486176 51.289062 -18.750000 0.974386 -0.224881 0.000000 30 42 86 255
-15.567764 50.935547 0.000000 0.974386 -0.224881 0.000000 30 42 86 255
-15.567764 50.935547 -18.750000 0.974386 -0.224881 0.000000 30 42 86 255
-15.649353 50.582031 0.000000 0.984013 -0.178098 0.000000 30 42 86 255
-15.649353 50.582031 -18.750000 0.984013 -0.178098 0.000000 30 42 86 255
-15.746452 49.846680 18.750000 0.991394 -0.130908 0.000000 30 42 86 255
-15.843552 49.111328 18.750000 0.991394 -0.130908 0.000000 30 42 86 255
-15.746452 49.846680 0.000000 0.991394 -0.130908 0.000000 30 42 86 255
-15.843552 49.111328 0.000000 0.991394 -0.130908 0.000000 30 42 86 255
-15.746452 49.846680 -18.750000 0.991394 -0.130908 0.000000 30 42 86 255
-15.940651 48.375977 0.000000 0.991394 -0.130908 0.000000 30 42 86 255
-15.940651 48.375977 -18.750000 0.991394 -0.130908 0.000000 30 42 86 255
-15.843552 49.111328 -18.750000 0.991394 -0.130908 0.000000 30 42 86 255
1.360657 62.554688 18.750000 -0.088061 -0.996115 0.000000 30 42 86 255
0.482796 62.490234 18.750000 0.073224 -0.997316 0.000000 30 42 86 255
-0.395065 62.425781 18.750000 0.073224 -0.997316 0.000000 30 42 86 255
1.360657 62.554688 0.000000 -0.088061 -0.996115 0.000000 30 42 86 255
0.482796 62.490234 0.000000 0.073224 -0.997316 0.000000 30 42 86 255
-0.395065 62.425781 0.000000 0.073224 -0.997316 0.000000 30 42 86 255
0.482796 62.490234 -18.750000 0.073224 -0.997316 0.000000 30 42 86 255
-0.395065 62.425781 -18.750000 0.073224 -0.997316 0.000000 30 42 86 255
-1.272926 62.361328 0.000000 0.073224 -0.997316 0.000000 30 42 86 255
-1.272926 62.361328 -18.750000 0.073224 -0.997316 0.000000 30 42 86 255
-2.150787 62.296875 0.000000 0.114798 -0.993389 0.000000 30 42 86 255
-2.150787 62.296875 -18.750000 0.114798 -0.993389 0.000000 30 42 86 255
-2.576958 62.229492 18.750000 0.156172 -0.987730 0.000000 30 42 86 255
-3.003128 62.162109 18.750000 0.156172 -0.987730 0.000000 30 42 86 255
-2.576958 62.229492 0.000000 0.156172 -0.987730 0.000000 30 42 86 255
-3.003128 62.162109 0.000000 0.156172 -0.987730 0.000000 30 42 86 255
-2.576958 62.229492 -18.750000 0.156172 -0.987730 0.000000 30 42 86 255
-3.003128 62.162109 -18.750000 0.156172 -0.987730 0.000000 30 42 86 255
-3.429298 62.094727 0.000000 0.156172 -0.987730 0.000000 30 42 86 255
-3.429298 62.094727 -18.750000 0.156172 -0.987730 0.000000 30 42 86 255
-3.855469 62.027344 0.000000 0.206452 -0.978457 0.000000 30 42 86 255
-3.855469 62.027344 -18.750000 0.206452 -0.978457 0.000000 30 42 86 255
-4.266304 61.918457 18.750000 0.256192 -0.966626 0.000000 30 42 86 255
-4.677139 61.809570 18.750000 0.256192 -0.966626 0.000000 30 42 86 255
-4.266304 61.918457 0.000000 0.256192 -0.966626 0.000000 30 42 86 255
-4.677139 61.809570 0.000000 0.256192 -0.966626 0.000000 30 42 86 255
-4.266304 61.918457 -18.750000 0.256192 -0.966626 0.000000 30 42 86 255
-4.677139 61.809570 -18.750000 0.256192 -0.966626 0.000000 30 42 86 255
-5.087975 61.700684 0.000000 0.256192 -0.966626 0.000000 30 42 86 255
-5.087975 61.700684 -18.750000 0.256192 -0.966626 0.000000 30 42 86 255
-5.498810 61.591797 0.000000 0.322278 -0.946645 0.000000 30 42 86 255
-5.498810 61.591797 -18.750000 0.322278 -0.946645 0.000000 30 42 86 255
-5.889915 61.427734 18.750000 0.386828 -0.922152 0.000000 30 42 86 255
-6.281021 61.263672 18.750000 0.386828 -0.922152 0.000000 30 42 86 255
-5.889915 61.427734 0.000000 0.386828 -0.922152 0.000000 30 42 86 255
-6.281021 61.263672 0.000000 0.386828 -0.922152 0.000000 30 42 86 255
-5.889915 61.427734 -18.750000 0.386828 -0.922152 0.000000 30 42 86 255
-6.281021 61.263672 -18.750000 0.386828 -0.922152 0.000000 30 42 86 255
-6.672127 61.099609 0.000000 0.386828 -0.922152 0.000000 30 42 86 255
-6.672127 61.099609 -18.750000 0.386828 -0.922152 0.000000 30 42 86 255
-7.063232 60.935547 0.000000 0.439990 -0.898003 0.000000 30 42 86 255
-7.063232 60.935547 -18.750000 0.439990 -0.898003 0.000000 30 42 86 255
-7.436836 60.724609 18.750000 0.491651 -0.870792 0.000000 30 42 86 255
-7.810440 60.513672 18.750000 0.491651 -0.870792 0.000000 30 42 86 255
-7.436836 60.724609 0.000000 0.491651 -0.870792 0.000000 30 42 86 255
-7.810440 60.513672 0.000000 0.491651 -0.870792 0.000000 30 42 86 255
-7.436836 60.724609 -18.750000 0.491651 -0.870792 0.000000 30 42 86 255
-7.810440 60.513672 -18.750000 0.491651 -0.870792 0.000000 30 42 86 255
-8.184044 60.302734 0.000000 0.491651 -0.870792 0.000000 30 42 86 255
-8.184044 60.302734 -18.750000 0.491651 -0.870792 0.000000 30 42 86 255
-8.557648 60.091797 0.000000 0.533314 -0.845917 0.000000 30 42 86 255
-8.557648 60.091797 -18.750000 0.533314 -0.845917 0.000000 30 42 86 255
-9.275635 59.588867 18.750000 0.573722 -0.819050 0.000000 30 42 86 255
-9.993622 59.085938 18.750000 0.573722 -0.819050 0.000000 30 42 86 255
-9.275635 59.588867 0.000000 0.573722 -0.819050 0.000000 30 42 86 255
-9.993622 59.085938 0.000000 0.573722 -0.819050 0.000000 30 42 86 255
-9.275635 59.588867 -18.750000 0.573722 -0.819050 0.000000 30 42 86 255
-10.711609 58.583008 0.000000 0.573722 -0.819050 0.000000 30 42 86 255
-10.711609 58.583008 -18.750000 0.573722 -0.819050 0.000000 30 42 86 255
-9.993622 59.085938 -18.750000 0.573722 -0.819050 0.000000 30 42 86 255
27.213379 38.460938 18.750000 -0.414001 -0.910276 0.000000 30 42 86 255
26.763687 39.630859 18.750000 -0.933420 -0.358786 0.000000 30 42 86 255
26.313995 40.800781 18.750000 -0.933420 -0.358786 0.000000 30 42 86 255
27.213379 38.460938 0.000000 -0.414001 -0.910276 0.000000 30 42 86 255
26.763687 39.630859 0.000000 -0.933420 -0.358786 0.000000 30 42 86 255
26.313995 40.800781 0.000000 -0.933420 -0.358786 0.000000 30 42 86 255
26.763687 39.630859 -18.750000 -0.933420 -0.358786 0.000000 30 42 86 255
26.313995 40.800781 -18.750000 -0.933420 -0.358786 0.000000 30 42 86 255
25.864304 41.970703 0.000000 -0.933420 -0.358786 0.000000 30 42 86 255
25.864304 41.970703 -18.750000 -0.933420 -0.358786 0.000000 30 42 86 255
25.414612 43.140625 0.000000 -0.928139 -0.372234 0.000000 30 42 86 255
25.414612 43.140625 -18.750000 -0.928139 -0.372234 0.000000 30 42 86 255
25.176468 43.710449 18.750000 -0.922664 -0.385605 0.000000 30 42 86 255
24.938324 44.280273 18.750000 -0.922664 -0.385605 0.000000 30 42 86 255
25.176468 43.710449 0.000000 -0.922664 -0.385605 0.000000 30 42 86 255
24.938324 44.280273 0.000000 -0.922664 -0.385605 0.000000 30 42 86 255
25.176468 43.710449 -18.750000 -0.922664 -0.385605 0.000000 30 42 86 255
24.938324 44.280273 -18.750000 -0.922664 -0.385605 0.000000 30 42 86 255
24.700180 44.850098 0.000000 -0.922664 -0.385605 0.000000 30 42 86 255
24.700180 44.850098 -18.750000 -0.922664 -0.385605 0.000000 30 42 86 255
24.462036 45.419922 0.000000 -0.915418 -0.402504 0.000000 30 42 86 255
24.462036 45.419922 -18.750000 -0.915418 -0.402504 0.000000 30 42 86 255
24.207901 45.970215 18.750000 -0.907863 -0.419267 0.000000 30 42 86 255
23.953766 46.520508 18.750000 -0.907863 -0.419267 0.000000 30 42 86 255
24.207901 45.970215 0.000000 -0.907863 -0.419267 0.000000 30 42 86 255
23.953766 46.520508 0.000000 -0.907863 -0.419267 0.000000 30 42 86 255
24.207901 45.970215 -18.750000 -0.907863 -0.419267 0.000000 30 42 86 255
23.953766 46.520508 -18.750000 -0.907863 -0.419267 0.000000 30 42 86 255
23.699631 47.070801 0.000000 -0.907863 -0.419267 0.000000 30 42 86 255
23.699631 47.070801 -18.750000 -0.907863 -0.419267 0.000000 30 42 86 255
23.445496 47.621094 0.000000 -0.897047 -0.441935 0.000000 30 42 86 255
23.445496 47.621094 -18.750000 -0.897047 -0.441935 0.000000 30 42 86 255
23.170052 48.146484 18.750000 -0.885666 -0.464324 0.000000 30 42 86 255
22.894608 48.671875 18.750000 -0.885666 -0.464324 0.000000 30 42 86 255
23.170052 48.146484 0.000000 -0.885666 -0.464324 0.000000 30 42 86 255
22.894608 48.671875 0.000000 -0.885666 -0.464324 0.000000 30 42 86 255
23.170052 48.146484 -18.750000 -0.885666 -0.464324 0.000000 30 42 86 255
22.894608 48.671875 -18.750000 -0.885666 -0.464324 0.000000 30 42 86 255
22.619164 49.197266 0.000000 -0.885666 -0.464324 0.000000 30 42 86 255
22.619164 49.197266 -18.750000 -0.885666 -0.464324 0.000000 30 42 86 255
22.343719 49.722656 0.000000 -0.870122 -0.492837 0.000000 30 42 86 255
22.343719 49.722656 -18.750000 -0.870122 -0.492837 0.000000 30 42 86 255
22.041641 50.217773 18.750000 -0.853660 -0.520831 0.000000 30 42 86 255
21.739563 50.712891 18.750000 -0.853660 -0.520831 0.000000 30 42 86 255
22.041641 50.217773 0.000000 -0.853660 -0.520831 0.000000 30 42 86 255
21.739563 50.712891 0.000000 -0.853660 -0.520831 0.000000 30 42 86 255
22.041641 50.217773 -18.750000 -0.853660 -0.520831 0.000000 30 42 86 255
21.739563 50.712891 -18.750000 -0.853660 -0.520831 0.000000 30 42 86 255
21.437485 51.208008 0.000000 -0.853660 -0.520831 0.000000 30 42 86 255
21.437485 51.208008 -18.750000 -0.853660 -0.520831 0.000000 30 42 86 255
21.135406 51.703125 0.000000 -0.831369 -0.555721 0.000000 30 42 86 255
21.135406 51.703125 -18.750000 -0.831369 -0.555721 0.000000 30 42 86 255
20.801376 52.160645 18.750000 -0.807653 -0.589659 0.000000 30 42 86 255
20.467346 52.618164 18.750000 -0.807653 -0.589659 0.000000 30 42 86 255
20.801376 52.160645 0.000000 -0.807653 -0.589659 0.000000 30 42 86 255
20.467346 52.618164 0.000000 -0.807653 -0.589659 0.000000 30 42 86 255
20.801376 52.160645 -18.750000 -0.807653 -0.589659 0.000000 30 42 86 255
20.467346 52.618164 -18.750000 -0.807653 -0.589659 0.000000 30 42 86 255
20.133316 53.075684 0.000000 -0.807653 -0.589659 0.000000 30 42 86 255
20.133316 53.075684 -18.750000 -0.807653 -0.589659 0.000000 30 42 86 255
19.799286 53.533203 0.000000 -0.777232 -0.629214 0.000000 30 42 86 255
19.799286 53.533203 -18.750000 -0.777232 -0.629214 0.000000 30 42 86 255
19.427963 53.947754 18.750000 -0.744876 -0.667203 0.000000 30 42 86 255
19.056641 54.362305 18.750000 -0.744876 -0.667203 0.000000 30 42 86 255
19.427963 53.947754 0.000000 -0.744876 -0.667203 0.000000 30 42 86 255
19.056641 54.362305 0.000000 -0.744876 -0.667203 0.000000 30 42 86 255
19.427963 53.947754 -18.750000 -0.744876 -0.667203 0.000000 30 42 86 255
19.056641 54.362305 -18.750000 -0.744876 -0.667203 0.000000 30 42 86 255
18.685318 54.776855 0.000000 -0.744876 -0.667203 0.000000 30 42 86 255
18.685318 54.776855 -18.750000 -0.744876 -0.667203 0.000000 30 42 86 255
18.313995 55.191406 0.000000 -0.704461 -0.709742 0.000000 30 42 86 255
18.313995 55.191406 -18.750000 -0.704461 -0.709742 0.000000 30 42 86 255
17.900063 55.556641 18.750000 -0.661621 -0.749838 0.000000 30 42 86 255
17.486130 55.921875 18.750000 -0.661621 -0.749838 0.000000 30 42 86 255
17.900063 55.556641 0.000000 -0.661621 -0.749838 0.000000 30 42 86 255
17.486130 55.921875 0.000000 -0.661621 -0.749838 0.000000 30 42 86 255
17.900063 55.556641 -18.750000 -0.661621 -0.749838 0.000000 30 42 86 255
17.486130 55.921875 -18.750000 -0.661621 -0.749838 0.000000 30 42 86 255
17.072197 56.287109 0.000000 -0.661621 -0.749838 0.000000 30 42 86 255
17.072197 56.287109 -18.750000 -0.661621 -0.749838 0.000000 30 42 86 255
16.658264 56.652344 0.000000 -0.612999 -0.790084 0.000000 30 42 86 255
16.658264 56.652344 -18.750000 -0.612999 -0.790084 0.000000 30 42 86 255
16.198975 56.964355 18.750000 -0.561934 -0.827182 0.000000 30 42 86 255
15.739685 57.276367 18.750000 -0.561934 -0.827182 0.000000 30 42 86 255
16.198975 56.964355 0.000000 -0.561934 -0.827182 0.000000 30 42 86 255
15.739685 57.276367 0.000000 -0.561934 -0.827182 0.000000 30 42 86 255
16.198975 56.964355 -18.750000 -0.561934 -0.827182 0.000000 30 42 86 255
15.739685 57.276367 -18.750000 -0.561934 -0.827182 0.000000 30 42 86 255
15.280396 57.588379 0.000000 -0.561934 -0.827182 0.000000 30 42 86 255
15.280396 57.588379 -18.750000 -0.561934 -0.827182 0.000000 30 42 86 255
14.821106 57.900391 0.000000 -0.516166 -0.856489 0.000000 30 42 86 255
14.821106 57.900391 -18.750000 -0.516166 -0.856489 0.000000 30 42 86 255
14.321640 58.165527 18.750000 -0.468873 -0.883266 0.000000 30 42 86 255
13.822174 58.430664 18.750000 -0.468873 -0.883266 0.000000 30 42 86 255
14.321640 58.165527 0.000000 -0.468873 -0.883266 0.000000 30 42 86 255
13.822174 58.430664 0.000000 -0.468873 -0.883266 0.000000 30 42 86 255
14.321640 58.165527 -18.750000 -0.468873 -0.883266 0.000000 30 42 86 255
13.822174 58.430664 -18.750000 -0.468873 -0.883266 0.000000 30 42 86 255
13.322708 58.695801 0.000000 -0.468873 -0.883266 0.000000 30 42 86 255
13.322708 58.695801 -18.750000 -0.468873 -0.883266 0.000000 30 42 86 255
12.823242 58.960938 0.000000 -0.430445 -0.902617 0.000000 30 42 86 255
12.823242 58.960938 -18.750000 -0.430445 -0.902617 0.000000 30 42 86 255
12.290283 59.187500 18.750000 -0.391221 -0.920297 0.000000 30 42 86 255
11.757324 59.414062 18.750000 -0.391221 -0.920297 0.000000 30 42 86 255
12.290283 59.187500 0.000000 -0.391221 -0.920297 0.000000 30 42 86 255
11.757324 59.414062 0.000000 -0.391221 -0.920297 0.000000 30 42 86 255
12.290283 59.187500 -18.750000 -0.391221 -0.920297 0.000000 30 42 86 255
11.757324 59.414062 -18.750000 -0.391221 -0.920297 0.000000 30 42 86 255
11.224365 59.640625 0.000000 -0.391221 -0.920297 0.000000 30 42 86 255
11.224365 59.640625 -18.750000 -0.391221 -0.920297 0.000000 30 42 86 255
10.691406 59.867188 0.000000 -0.360540 -0.932744 0.000000 30 42 86 255
10.691406 59.867188 -18.750000 -0.360540 -0.932744 0.000000 30 42 86 255
10.131683 60.062500 18.750000 -0.329463 -0.944169 0.000000 30 42 86 255
9.571960 60.257812 18.750000 -0.329463 -0.944169 0.000000 30 42 86 255
10.131683 60.062500 0.000000 -0.329463 -0.944169 0.000000 30 42 86 255
9.571960 60.257812 0.000000 -0.329463 -0.944169 0.000000 30 42 86 255
10.131683 60.062500 -18.750000 -0.329463 -0.944169 0.000000 30 42 86 255
9.571960 60.257812 -18.750000 -0.329463 -0.944169 0.000000 30 42 86 255
9.012238 60.453125 0.000000 -0.329463 -0.944169 0.000000 30 42 86 255
9.012238 60.453125 -18.750000 -0.329463 -0.944169 0.000000 30 42 86 255
8.452515 60.648438 0.000000 -0.307287 -0.951617 0.000000 30 42 86 255
8.452515 60.648438 -18.750000 -0.307287 -0.951617 0.000000 30 42 86 255
7.872688 60.820801 18.750000 -0.284944 -0.958544 0.000000 30 42 86 255
7.292862 60.993164 18.750000 -0.284944 -0.958544 0.000000 30 42 86 255
7.872688 60.820801 0.000000 -0.284944 -0.958544 0.000000 30 42 86 255
7.292862 60.993164 0.000000 -0.284944 -0.958544 0.000000 30 42 86 255
7.872688 60.820801 -18.750000 -0.284944 -0.958544 0.000000 30 42 86 255
7.292862 60.993164 -18.750000 -0.284944 -0.958544 0.000000 30 42 86 255
6.713036 61.165527 0.000000 -0.284944 -0.958544 0.000000 30 42 86 255
6.713036 61.165527 -18.750000 -0.284944 -0.958544 0.000000 30 42 86 255
6.133209 61.337891 0.000000 -0.266050 -0.963959 0.000000 30 42 86 255
6.133209 61.337891 -18.750000 -0.266050 -0.963959 0.000000 30 42 86 255
4.940071 61.642090 18.750000 -0.247054 -0.969002 0.000000 30 42 86 255
3.746933 61.946289 18.750000 -0.247054 -0.969002 0.000000 30 42 86 255
4.940071 61.642090 0.000000 -0.247054 -0.969002 0.000000 30 42 86 255
3.746933 61.946289 0.000000 -0.247054 -0.969002 0.000000 30 42 86 255
4.940071 61.642090 -18.750000 -0.247054 -0.969002 0.000000 30 42 86 255
2.553795 62.250488 0.000000 -0.247054 -0.969002 0.000000 30 42 86 255
2.553795 62.250488 -18.750000 -0.247054 -0.969002 0.000000 30 42 86 255
3.746933 61.946289 -18.750000 -0.247054 -0.969002 0.000000 30 42 86 255
57.365746 49.472168 18.750000 0.343029 -0.939325 0.000000 30 42 86 255
47.314957 45.801758 18.750000 0.343029 -0.939325 0.000000 30 42 86 255
57.365746 49.472168 0.000000 0.343029 -0.939325 0.000000 30 42 86 255
47.314957 45.801758 0.000000 0.343029 -0.939325 0.000000 30 42 86 255
57.365746 49.472168 -18.750000 0.343029 -0.939325 0.000000 30 42 86 255
37.264168 42.131348 0.000000 0.343029 -0.939325 0.000000 30 42 86 255
37.264168 42.131348 -18.750000 0.343029 -0.939325 0.000000 30 42 86 255
47.314957 45.801758 -18.750000 0.343029 -0.939325 0.000000 30 42 86 255
3 0 1 2
3 3 4 5
3 6 7 8
3 9 10 11
3 12 13 14
3 12 14 15
3 16 17 18
3 16 18 19
3 20 21 22
3 20 22 23
3 24 25 26
3 24 26 27
3 28 29 30
3 28 30 31
3 32 33 34
3 32 34 35
3 36 37 38
3 36 38 39
3 40 41 42
3 40 42 43
3 44 45 46
3 44 46 47
3 48 49 50
3 48 50 51
3 52 53 54
3 52 54 55
3 56 57 58
3 56 58 59
3 60 61 62
3 60 62 63
3 64 65 66
3 67 68 69
3 70 71 72
3 70 72 73
3 74 75 76
3 74 76 77
3 78 79 80
3 78 80 81
3 82 83 84
3 82 84 85
3 86 87 88
3 86 88 89
3 90 91 92
3 93 94 95
3 96 97 98
3 96 98 99
3 100 101 102
3 100 102 103
3 104 105 106
3 104 106 107
3 108 109 110
3 108 110 111
3 112 113 114
3 112 114 115
3 116 117 118
3 119 120 121
3 122 123 124
3 122 124 125
3 126 127 128
3 126 128 129
3 130 131 132
3 130 132 133
3 134 135 136
3 134 136 137
3 138 139 140
3 138 140 141
3 142 143 144
3 145 146 147
3 148 149 150
3 148 150 151
3 152 153 154
3 152 154 155
3 156 157 158
3 156 158 159
3 160 161 162
3 160 162 163
3 164 165 166
3 167 168 169
3 170 171 172
3 170 172 173
3 174 175 176
3 174 176 177
3 178 179 180
3 178 180 181
3 182 183 184
3 182 184 185
3 186 187 188
3 186 188 189
3 190 191 192
3 193 194 195
3 196 197 198
3 196 198 199
3 200 201 202
3 200 202 203
3 204 205 206
3 204 206 207
3 208 209 210
3 208 210 211
3 212 213 214
3 212 214 215
3 216 217 218
3 219 220 221
3 222 223 224
3 222 224 225
3 226 227 228
3 226 228 229
3 230 231 232
3 230 232 233
3 234 235 236
3 234 236 237
3 238 239 240
3 238 240 241
3 242 243 244
3 242 244 245
3 246 247 248
3 246 248 249
3 250 251 252
3 253 254 255
3 256 257 258
3 256 258 259
3 260 261 262
3 260 262 263
3 264 265 266
3 264 266 267
3 268 269 270
3 268 270 271
3 272 273 274
3 272 274 275
3 276 277 278
3 276 278 279
3 280 281 282
3 280 282 283
3 284 285 286
3 284 286 287
3 288 289 290
3 288 290 291
3 292 293 294
3 292 294 295
3 296 297 298
3 296 298 299
3 300 301 302
3 300 302 303
3 304 305 306
3 304 306 307
3 308 309 310
3 311 312 313
3 314 315 316
3 314 316 317
3 318 319 320
3 318 320 321
3 322 323 324
3 322 324 325
3 326 327 328
3 326 328 329
3 330 331 332
3 330 332 333
3 334 335 336
3 334 336 337
3 338 339 340
3 338 340 341
3 342 343 344
3 342 344 345
3 346 347 348
3 346 348 349
3 350 351 352
3 350 352 353
3 354 355 356
3 354 356 357
3 358 359 360
3 358 360 361
3 362 363 364
3 362 364 365
3 366 367 368
3 369 370 371
3 372 373 374
3 372 374 375
3 376 377 378
3 376 378 379
3 380 381 382
3 380 382 383
3 384 385 386
3 384 386 387
3 388 389 390
3 388 390 391
3 392 393 394
3 392 394 395
3 396 397 398
3 396 398 399
3 400 401 402
3 400 402 403
3 404 405 406
3 404 406 407
3 408 409 410
3 408 410 411
3 412 413 414
3 412 414 415
3 416 417 418
3 416 418 419
3 420 421 422
3 420 422 423
3 424 425 426
3 424 426 427
3 428 429 430
3 428 430 431
3 432 433 434
3 432 434 435
3 436 437 438
3 436 438 439
3 440 441 442
3 440 442 443
3 444 445 446
3 444 446 447
3 448 449 450
3 448 450 451
3 452 453 454
3 452 454 455
3 456 457 458
3 456 458 459
3 460 461 462
3 460 462 463
3 464 465 466
3 464 466 467
3 468 469 470
3 468 470 471
3 472 473 474
3 475 476 477
3 478 479 480
3 481 482 483
3 484 485 486
3 484 486 487
3 488 489 490
3 488 490 491
3 492 493 494
3 492 494 495
3 496 497 498
3 496 498 499
3 500 501 502
3 500 502 503
3 504 505 506
3 504 506 507
3 508 509 510
3 508 510 511
3 512 513 514
3 512 514 515
3 516 517 518
3 516 518 519
3 520 521 522
3 520 522 523
3 524 525 526
3 524 526 527
3 528 529 530
3 528 530 531
3 532 533 534
3 532 534 535
3 536 537 538
3 536 538 539
3 540 541 542
3 540 542 543
3 544 545 546
3 547 548 549
3 550 551 552
3 550 552 553
3 554 555 556
3 554 556 557
3 558 559 560
3 558 560 561
3 562 563 564
3 562 564 565
3 566 567 568
3 566 568 569
3 570 571 572
3 573 574 575
3 576 577 578
3 576 578 579
3 580 581 582
3 580 582 583
3 584 585 586
3 584 586 587
3 588 589 590
3 588 590 591
3 592 593 594
3 592 594 595
3 596 597 598
3 599 600 601
3 602 603 604
3 602 604 605
3 606 607 608
3 606 608 609
3 610 611 612
3 610 612 613
3 614 615 616
3 614 616 617
3 618 619 620
3 618 620 621
3 622 623 624
3 625 626 627
3 628 629 630
3 628 630 631
3 632 633 634
3 632 634 635
3 636 637 638
3 636 638 639
3 640 641 642
3 640 642 643
3 644 645 646
3 644 646 647
3 648 649 650
3 651 652 653
3 654 655 656
3 654 656 657
3 658 659 660
3 658 660 661
3 662 663 664
3 662 664 665
3 666 667 668
3 666 668 669
3 670 671 672
3 670 672 673
3 674 675 676
3 677 678 679
3 680 681 682
3 680 682 683
3 684 685 686
3 684 686 687
3 688 689 690
3 688 690 691
3 692 693 694
3 692 694 695
3 696 697 698
3 696 698 699
3 700 701 702
3 700 702 703
3 704 705 706
3 707 708 709
3 710 711 712
3 710 712 713
3 714 715 716
3 714 716 717
3 718 719 720
3 718 720 721
3 722 723 724
3 722 724 725
3 726 727 728
3 726 728 729
3 730 731 732
3 730 732 733
3 734 735 736
3 734 736 737
3 738 739 740
3 738 740 741
3 742 743 744
3 745 746 747
3 748 749 750
3 748 750 751
3 752 753 754
3 752 754 755
3 756 757 758
3 756 758 759
3 760 761 762
3 760 762 763
3 764 765 766
3 764 766 767
3 768 769 770
3 768 770 771
3 772 773 774
3 772 774 775
3 776 777 778
3 776 778 779
3 780 781 782
3 780 782 783
3 784 785 786
3 784 786 787
3 788 789 790
3 788 790 791
3 792 793 794
3 792 794 795
3 796 797 798
3 796 798 799
3 800 801 802
3 803 804 805
3 806 807 808
3 806 808 809
3 810 811 812
3 810 812 813
3 814 815 816
3 814 816 817
3 818 819 820
3 818 820 821
3 822 823 824
3 822 824 825
3 826 827 828
3 826 828 829
3 830 831 832
3 830 832 833
3 834 835 836
3 834 836 837
3 838 839 840
3 838 840 841
3 842 843 844
3 842 844 845
3 846 847 848
3 846 848 849
3 850 851 852
3 850 852 853
3 854 855 856
3 854 856 857
3 858 859 860
3 861 862 863
3 864 865 866
3 864 866 867
3 868 869 870
3 868 870 871
3 872 873 874
3 872 874 875
3 876 877 878
3 876 878 879
3 880 881 882
3 880 882 883
3 884 885 886
3 884 886 887
3 888 889 890
3 888 890 891
3 892 893 894
3 892 894 895
3 896 897 898
3 896 898 899
3 900 901 902
3 900 902 903
3 904 905 906
3 904 906 907
3 908 909 910
3 908 910 911
3 912 913 914
3 912 914 915
3 916 917 918
3 916 918 919
3 920 921 922
3 920 922 923
3 924 925 926
3 924 926 927
3 928 929 930
3 928 930 931
3 932 933 934
3 932 934 935
3 936 937 938
3 936 938 939
3 940 941 942
3 940 942 943
3 944 945 946
3 944 946 947
3 948 949 950
3 948 950 951
3 952 953 954
3 952 954 955
3 864 956 957
3 861 958 959
3 861 959 960
3 868 961 962
3 864 963 964
3 864 964 965
3 868 871 961
3 9 966 967
3 9 967 968
3 880 883 969
3 9 970 971
3 9 971 972
3 892 895 973
3 9 974 975
3 9 975 976
3 904 907 977
3 9 978 979
3 9 979 980
3 916 919 981
3 9 982 983
3 9 983 984
3 928 931 985
3 9 986 987
3 9 987 988
3 940 943 989
3 9 990 991
3 9 991 992
3 952 955 993
3 9 994 995
3 86 996 997
3 86 997 998
3 82 999 1000
3 82 1000 1001
3 78 1002 1003
3 78 1003 1004
3 74 1005 1006
3 74 1006 1007
3 70 1008 1009
3 70 1009 1010
3 67 1011 1012
3 67 1012 1013
3 830 833 1014
3 67 1015 1016
3 112 1017 1018
3 112 1018 1019
3 112 1019 1020
3 108 1021 1022
3 108 1022 1023
3 104 1024 1025
3 104 1025 1026
3 104 1026 1027
3 100 1028 1029
3 100 1029 1030
3 100 1030 1031
3 96 1032 1033
3 96 1033 1034
3 93 1035 1036
3 93 1036 1037
3 760 763 1038
3 93 1039 1040
3 93 1040 1041
3 772 775 1042
3 93 1043 1044
3 93 1044 1045
3 784 787 1046
3 93 1047 1048
3 93 1048 1049
3 707 709 1050
3 796 1051 1052
3 93 1053 1054
3 138 1055 1056
3 138 1056 1057
3 718 721 1058
3 138 1059 1060
3 138 1060 1061
3 730 733 1062
3 138 1063 1064
3 138 1064 1065
3 677 679 1066
3 138 1067 1068
3 134 1069 1070
3 134 1070 1071
3 688 691 1072
3 134 1073 1074
3 130 1075 1076
3 130 1076 1077
3 130 1077 1078
3 126 1079 1080
3 126 1080 1081
3 658 1082 1083
3 654 1084 1085
3 654 1085 1086
3 658 661 1082
3 119 1087 1088
3 160 1089 1090
3 160 1090 1091
3 156 1092 1093
3 156 1093 1094
3 152 1095 1096
3 152 1096 1097
3 148 1098 1099
3 145 1100 1101
3 186 1102 1103
3 182 1104 1105
3 178 1106 1107
3 174 1108 1109
3 170 1110 1111
3 167 1112 1113
3 212 1114 1115
3 212 1115 1116
3 238 1117 1118
3 234 1119 1120
3 234 1120 1121
3 230 1122 1123
3 230 1123 1124
3 230 1124 1125
3 226 1126 1127
3 226 1127 1128
3 644 647 1129
3 226 1130 1131
3 222 1132 1133
3 222 1133 1134
3 219 1135 1136
3 219 1136 1137
3 219 1137 1138
3 304 1139 1140
3 304 1140 1141
3 618 621 1142
3 304 1143 1144
3 304 1144 1145
3 300 1146 1147
3 296 1148 1149
3 296 1149 1150
3 296 1150 1151
3 292 1152 1153
3 292 1153 1154
3 292 1154 1155
3 288 1156 1157
3 288 1157 1158
3 288 1158 1159
3 284 1160 1161
3 284 1161 1162
3 280 1163 1164
3 280 1164 1165
3 562 565 1166
3 280 1167 1168
3 280 1168 1169
3 380 1170 1171
3 380 1171 1172
3 488 491 1173
3 380 1174 1175
3 380 1175 1176
3 500 503 1177
3 380 1178 1179
3 380 1179 1180
3 512 515 1181
3 380 1182 1183
3 380 1183 1184
3 524 527 1185
3 380 1186 1187
3 380 1187 1188
3 536 539 1189
3 380 1190 1191
3 380 1191 1192
3 376 1193 1194
3 372 1195 1196
3 380 383 1197
3 280 1198 1199
3 276 1200 1201
3 276 1201 1202
3 272 1203 1204
3 272 1204 1205
3 268 1206 1207
3 268 1207 1208
3 264 1209 1210
3 264 1210 1211
3 260 1212 1213
3 260 1213 1214
3 256 1215 1216
3 256 1216 1217
3 253 1218 1219
3 253 1219 1220
3 253 1220 1221
3 362 1222 1223
3 362 1223 1224
3 362 1224 1225
3 358 1226 1227
3 358 1227 1228
3 354 1229 1230
3 354 1230 1231
3 354 1231 1232
3 350 1233 1234
3 350 1234 1235
3 346 1236 1237
3 346 1237 1238
3 346 1238 1239
3 342 1240 1241
3 342 1241 1242
3 338 1243 1244
3 338 1244 1245
3 338 1245 1246
3 334 1247 1248
3 334 1248 1249
3 330 1250 1251
3 326 1252 1253
3 326 1253 1254
3 322 1255 1256
3 318 1257 1258
3 318 1258 1259
3 242 245 1260
3 212 1261 1262
3 208 1263 1264
3 208 1264 1265
3 246 249 1266
3 200 203 1267
3 16 19 1268
3 864 1269 1270
3 864 1270 956
3 36 39 1271
3 861 1272 1273
3 861 1273 1274
3 48 51 1275
3 861 1276 1277
3 861 1277 1278
3 60 63 1279
3 1280 1281 1282
3 800 1283 1284
3 800 1284 801
3 1285 1286 1287
3 1285 1287 1288
3 1289 1290 1291
3 1289 1291 1292
3 1293 1294 1295
3 1293 1295 1296
3 1297 1298 1299
3 1297 1299 1300
3 1301 1302 1303
3 1301 1303 1304
3 1305 1306 1307
3 1308 1309 1310
3 1311 1312 1313
3 1311 1313 1314
3 1315 1316 1317
3 1318 1319 1320
3 1318 1320 1321
3 1322 1323 1324
3 1322 1324 1325
3 1326 1327 1328
3 1329 1330 1331
3 1329 1331 1332
3 742 1333 743
3 1334 1335 1336
3 1334 1336 1337
3 1338 1339 1340
3 1338 1340 1341
3 1342 1343 1344
3 1345 1346 1347
3 1348 1349 1350
3 1351 1352 1353
3 1354 1355 1356
3 1357 1358 1359
3 1360 1361 1362
3 1363 1364 1365
3 1366 1367 1368
3 1369 1370 1371
3 1372 1373 1374
3 1372 1374 1375
3 1280 1376 1281
3 6 1377 1378
3 6 1378 1379
3 1380 1381 1382
3 6 1383 1384
3 6 1384 1385
3 1386 1387 1388
3 6 1389 1390
3 6 1390 1391
3 1392 1393 1394
3 6 1395 1396
3 6 1396 1397
3 1398 1399 1400
3 6 1401 1402
3 6 1402 1403
3 1404 1405 1406
3 6 1407 1408
3 6 1408 1409
3 1410 1411 1412
3 6 1413 1414
3 6 1414 1415
3 1416 1417 1418
3 1419 1420 1421
3 1419 1421 1422
3 1416 1423 1417
3 1424 1425 1426
3 1419 1427 1428
3 1419 1428 1429
3 1430 1431 1432
3 1419 1433 1434
3 1419 1434 1435
3 1436 1437 1438
3 1419 1439 1440
3 1419 1440 1441
3 1442 1443 1444
3 1419 1445 1446
3 1419 1446 1447
3 90 1448 1449
3 1450 1451 1452
3 1453 1454 1455
3 1456 1457 1458
3 1459 1460 1461
3 1462 1463 1464
3 1465 1466 1467
3 1468 1469 1470
3 1471 1472 1473
3 674 1474 675
3 1475 1476 1477
3 1475 1477 1478
3 1479 1480 1481
3 1482 1483 1484
3 1485 1486 1487
3 1485 1487 1488
3 1489 1490 1491
3 1492 1493 1494
3 1492 1494 1495
3 648 1496 649
3 1497 1498 1499
3 1497 1499 1500
3 1501 1502 1503
3 116 1504 1505
3 116 1505 1506
3 1507 1508 1509
3 1510 1511 1512
3 1510 1512 1513
3 1514 1515 1516
3 1510 1517 1518
3 1510 1518 1519
3 1520 1521 1522
3 1510 1523 1524
3 1510 1524 1525
3 1526 1527 1528
3 1510 1529 1530
3 1510 1530 1531
3 1532 1533 1534
3 1535 1536 1537
3 1535 1537 1538
3 1510 1539 1540
3 1510 1540 1541
3 1542 1543 1544
3 622 1545 1546
3 622 1546 623
3 1547 1548 1549
3 1547 1549 1550
3 1551 1552 1553
3 1554 1555 1556
3 1554 1556 1557
3 1558 1559 1560
3 1561 1562 1563
3 596 1564 1565
3 596 1565 597
3 1566 1567 1568
3 1566 1568 1569
3 1570 1571 1572
3 1573 1574 1575
3 1573 1575 1576
3 1577 1578 1579
3 1580 1581 1582
3 570 1583 571
3 1584 1585 1586
3 1584 1586 1587
3 1588 1589 1590
3 1532 1591 1592
3 1532 1592 1533
3 1593 1594 1595
3 1596 1597 1598
3 1599 1600 1601
3 1599 1601 1602
3 1603 1604 1605
3 1596 1606 1607
3 1596 1607 1597
3 1608 1609 1610
3 1603 1611 1612
3 1603 1612 1604
3 1613 1614 1615
3 1616 1617 1618
3 1616 1618 1619
3 1620 1621 1622
3 1623 1624 1625
3 1626 1627 1628
3 478 1629 1630
3 478 1630 479
3 1631 1632 1633
3 1634 1635 1636
3 1637 1638 1639
3 1640 1641 1642
3 1643 1644 1645
3 1646 1647 1648
3 1649 1650 1651
3 1652 1653 1654
3 1655 1656 1657
3 1658 1659 1660
3 1661 1662 1663
3 1664 1665 1666
3 1667 1668 1669
3 1670 1671 1672
3 1673 1674 1675
3 472 1676 1677
3 472 1677 1678
3 1679 1680 1681
3 1682 1683 1684
3 1682 1684 1685
3 1686 1687 1688
3 1686 1688 1689
3 1690 1691 1692
3 1690 1692 1693
3 1694 1695 1696
3 1694 1696 1697
3 1698 1699 1700
3 1698 1700 1701
3 1702 1703 1704
3 1702 1704 1705
3 1706 1707 1708
3 1706 1708 1709
3 1710 1711 1712
3 1713 1714 1715
3 1713 1715 1716
3 1717 1718 1719
3 1720 1721 1722
3 1720 1722 1723
3 1724 1725 1726
3 1724 1726 1727
3 1728 1729 1730
3 1731 1732 1733
3 1731 1733 1734
3 1735 1736 1737
3 1735 1737 1738
3 1739 1740 1741
3 1742 1743 1744
3 1742 1744 1745
3 1746 1747 1748
3 1746 1748 1749
3 1750 1751 1752
3 1753 1754 1755
3 1753 1755 1756
3 1757 1758 1759
3 1757 1759 1760
3 1757 1760 1761
3 1762 1763 1764
3 1762 1764 1765
3 1766 1767 1768
3 1769 1770 1771
3 1772 1773 1774
3 1678 473 472
3 1775 1776 1678
3 1774 1777 1775
3 1678 1776 473
3 1776 1778 473
3 1775 1777 1776
3 1777 1779 1776
3 1776 1779 1778
3 1779 1780 1778
3 1774 1773 1777
3 1773 1781 1777
3 1777 1781 1779
3 1781 367 1779
3 1779 367 1780
3 367 366 1780
3 1765 1782 1762
3 1783 1784 1765
3 1771 1785 1783
3 1765 1784 1782
3 1784 1786 1782
3 1783 1785 1784
3 1785 1787 1784
3 1784 1787 1786
3 1787 1788 1786
3 1771 1770 1785
3 1770 1789 1785
3 1785 1789 1787
3 1789 1790 1787
3 1787 1790 1788
3 1790 308 1788
3 1791 1770 1769
3 1792 1793 1791
3 1768 1794 1792
3 1791 1793 1770
3 1793 1789 1770
3 1792 1794 1793
3 1794 1795 1793
3 1793 1795 1789
3 1795 1790 1789
3 1768 1767 1794
3 1767 1796 1794
3 1794 1796 1795
3 1796 309 1795
3 1795 309 1790
3 309 308 1790
3 1771 1797 1769
3 1783 1798 1771
3 1765 1799 1783
3 1771 1798 1797
3 1798 1800 1797
3 1783 1799 1798
3 1799 1801 1798
3 1798 1801 1800
3 1801 1802 1800
3 1765 1764 1799
3 1764 1803 1799
3 1799 1803 1801
3 1803 1804 1801
3 1801 1804 1802
3 1804 1805 1802
3 1804 1806 1805
3 1803 1807 1804
3 1764 1808 1803
3 1804 1807 1806
3 1807 1809 1806
3 1803 1808 1807
3 1808 1810 1807
3 1807 1810 1809
3 1810 1811 1809
3 1764 1763 1808
3 1763 1812 1808
3 1808 1812 1810
3 1812 1813 1810
3 1810 1813 1811
3 1813 1814 1811
3 1815 1763 1762
3 1816 1817 1815
3 1761 1818 1816
3 1815 1817 1763
3 1817 1812 1763
3 1816 1818 1817
3 1818 1819 1817
3 1817 1819 1812
3 1819 1813 1812
3 1761 1760 1818
3 1760 1820 1818
3 1818 1820 1819
3 1820 1821 1819
3 1819 1821 1813
3 1821 1814 1813
3 1821 1822 1814
3 1820 1823 1821
3 1760 1824 1820
3 1821 1823 1822
3 1823 1825 1822
3 1820 1824 1823
3 1824 1826 1823
3 1823 1826 1825
3 1826 1827 1825
3 1760 1759 1824
3 1759 1828 1824
3 1824 1828 1826
3 1828 1829 1826
3 1826 1829 1827
3 1829 1830 1827
3 1829 1831 1830
3 1828 1832 1829
3 1759 1833 1828
3 1829 1832 1831
3 1832 1834 1831
3 1828 1833 1832
3 1833 1835 1832
3 1832 1835 1834
3 1835 1836 1834
3 1759 1758 1833
3 1758 1837 1833
3 1833 1837 1835
3 1837 1838 1835
3 1835 1838 1836
3 1838 1839 1836
3 1840 1758 1757
3 1841 1842 1840
3 1756 1843 1841
3 1840 1842 1758
3 1842 1837 1758
3 1841 1843 1842
3 1843 1844 1842
3 1842 1844 1837
3 1844 1838 1837
3 1756 1755 1843
3 1755 1845 1843
3 1843 1845 1844
3 1845 1846 1844
3 1844 1846 1838
3 1846 1839 1838
3 1846 1847 1839
3 1845 1848 1846
3 1755 1849 1845
3 1846 1848 1847
3 1848 1850 1847
3 1845 1849 1848
3 1849 1851 1848
3 1848 1851 1850
3 1851 1852 1850
3 1755 1754 1849
3 1754 1853 1849
3 1849 1853 1851
3 1853 1854 1851
3 1851 1854 1852
3 1854 1855 1852
3 1856 1754 1753
3 1857 1858 1856
3 1752 1859 1857
3 1856 1858 1754
3 1858 1853 1754
3 1857 1859 1858
3 1859 1860 1858
3 1858 1860 1853
3 1860 1854 1853
3 1752 1751 1859
3 1751 1861 1859
3 1859 1861 1860
3 1861 1862 1860
3 1860 1862 1854
3 1862 1855 1854
3 1863 1751 1750
3 1864 1865 1863
3 1749 1866 1864
3 1863 1865 1751
3 1865 1861 1751
3 1864 1866 1865
3 1866 1867 1865
3 1865 1867 1861
3 1867 1862 1861
3 1749 1748 1866
3 1748 1868 1866
3 1866 1868 1867
3 1868 1869 1867
3 1867 1869 1862
3 1869 1855 1862
3 1869 1870 1855
3 1868 1871 1869
3 1748 1872 1868
3 1869 1871 1870
3 1871 1873 1870
3 1868 1872 1871
3 1872 1874 1871
3 1871 1874 1873
3 1874 1875 1873
3 1748 1747 1872
3 1747 1876 1872
3 1872 1876 1874
3 1876 1877 1874
3 1874 1877 1875
3 1877 1878 1875
3 1879 1747 1746
3 1880 1881 1879
3 1745 1882 1880
3 1879 1881 1747
3 1881 1876 1747
3 1880 1882 1881
3 1882 1883 1881
3 1881 1883 1876
3 1883 1877 1876
3 1745 1744 1882
3 1744 1884 1882
3 1882 1884 1883
3 1884 1885 1883
3 1883 1885 1877
3 1885 1878 1877
3 1885 1886 1878
3 1884 1887 1885
3 1744 1888 1884
3 1885 1887 1886
3 1887 1889 1886
3 1884 1888 1887
3 1888 1890 1887
3 1887 1890 1889
3 1890 1891 1889
3 1744 1743 1888
3 1743 1892 1888
3 1888 1892 1890
3 1892 1893 1890
3 1890 1893 1891
3 1893 1894 1891
3 1895 1743 1742
3 1896 1897 1895
3 1741 1898 1896
3 1895 1897 1743
3 1897 1892 1743
3 1896 1898 1897
3 1898 1899 1897
3 1897 1899 1892
3 1899 1893 1892
3 1741 1740 1898
3 1740 1900 1898
3 1898 1900 1899
3 1900 1901 1899
3 1899 1901 1893
3 1901 1894 1893
3 1902 1740 1739
3 1903 1904 1902
3 1738 1905 1903
3 1902 1904 1740
3 1904 1900 1740
3 1903 1905 1904
3 1905 1906 1904
3 1904 1906 1900
3 1906 1901 1900
3 1738 1737 1905
3 1737 1907 1905
3 1905 1907 1906
3 1907 1908 1906
3 1906 1908 1901
3 1908 1894 1901
3 1908 1909 1894
3 1907 1910 1908
3 1737 1911 1907
3 1908 1910 1909
3 1910 1912 1909
3 1907 1911 1910
3 1911 1913 1910
3 1910 1913 1912
3 1913 1914 1912
3 1737 1736 1911
3 1736 1915 1911
3 1911 1915 1913
3 1915 1916 1913
3 1913 1916 1914
3 1916 1917 1914
3 1918 1736 1735
3 1919 1920 1918
3 1734 1921 1919
3 1918 1920 1736
3 1920 1915 1736
3 1919 1921 1920
3 1921 1922 1920
3 1920 1922 1915
3 1922 1916 1915
3 1734 1733 1921
3 1733 1923 1921
3 1921 1923 1922
3 1923 1924 1922
3 1922 1924 1916
3 1924 1917 1916
3 1924 1925 1917
3 1923 1926 1924
3 1733 1927 1923
3 1924 1926 1925
3 1926 1928 1925
3 1923 1927 1926
3 1927 1929 1926
3 1926 1929 1928
3 1929 1930 1928
3 1733 1732 1927
3 1732 1931 1927
3 1927 1931 1929
3 1931 1932 1929
3 1929 1932 1930
3 1932 1933 1930
3 1934 1732 1731
3 1935 1936 1934
3 1730 1937 1935
3 1934 1936 1732
3 1936 1931 1732
3 1935 1937 1936
3 1937 1938 1936
3 1936 1938 1931
3 1938 1932 1931
3 1730 1729 1937
3 1729 1939 1937
3 1937 1939 1938
3 1939 1940 1938
3 1938 1940 1932
3 1940 1933 1932
3 1941 1729 1728
3 1942 1943 1941
3 1727 1944 1942
3 1941 1943 1729
3 1943 1939 1729
3 1942 1944 1943
3 1944 1945 1943
3 1943 1945 1939
3 1945 1940 1939
3 1727 1726 1944
3 1726 1946 1944
3 1944 1946 1945
3 1946 1947 1945
3 1945 1947 1940
3 1947 1933 1940
3 1947 1948 1933
3 1946 1949 1947
3 1726 1950 1946
3 1947 1949 1948
3 1949 1951 1948
3 1946 1950 1949
3 1950 1952 1949
3 1949 1952 1951
3 1952 1953 1951
3 1726 1725 1950
3 1725 1954 1950
3 1950 1954 1952
3 1954 1955 1952
3 1952 1955 1953
3 1955 1956 1953
3 1957 1725 1724
3 1958 1959 1957
3 1723 1960 1958
3 1957 1959 1725
3 1959 1954 1725
3 1958 1960 1959
3 1960 1961 1959
3 1959 1961 1954
3 1961 1955 1954
3 1723 1722 1960
3 1722 1962 1960
3 1960 1962 1961
3 1962 1963 1961
3 1961 1963 1955
3 1963 1956 1955
3 1963 1964 1956
3 1962 1965 1963
3 1722 1966 1962
3 1963 1965 1964
3 1965 1967 1964
3 1962 1966 1965
3 1966 1968 1965
3 1965 1968 1967
3 1968 1969 1967
3 1722 1721 1966
3 1721 1970 1966
3 1966 1970 1968
3 1970 1971 1968
3 1968 1971 1969
3 1971 1972 1969
3 1973 1721 1720
3 1974 1975 1973
3 1719 1976 1974
3 1973 1975 1721
3 1975 1970 1721
3 1974 1976 1975
3 1976 1977 1975
3 1975 1977 1970
3 1977 1971 1970
3 1719 1718 1976
3 1718 1978 1976
3 1976 1978 1977
3 1978 1979 1977
3 1977 1979 1971
3 1979 1972 1971
3 1980 1718 1717
3 1981 1982 1980
3 1716 1983 1981
3 1980 1982 1718
3 1982 1978 1718
3 1981 1983 1982
3 1983 1984 1982
3 1982 1984 1978
3 1984 1979 1978
3 1716 1715 1983
3 1715 1985 1983
3 1983 1985 1984
3 1985 1986 1984
3 1984 1986 1979
3 1986 1972 1979
3 1986 1987 1972
3 1985 1988 1986
3 1715 1989 1985
3 1986 1988 1987
3 1988 1990 1987
3 1985 1989 1988
3 1989 1991 1988
3 1988 1991 1990
3 1991 1992 1990
3 1715 1714 1989
3 1714 1993 1989
3 1989 1993 1991
3 1993 1994 1991
3 1991 1994 1992
3 1994 250 1992
3 1995 1714 1713
3 1996 1997 1995
3 1712 1998 1996
3 1995 1997 1714
3 1997 1993 1714
3 1996 1998 1997
3 1998 1999 1997
3 1997 1999 1993
3 1999 1994 1993
3 1712 1711 1998
3 1711 2000 1998
3 1998 2000 1999
3 2000 2001 1999
3 1999 2001 1994
3 2001 250 1994
3 2002 1711 1710
3 2003 2004 2002
3 1709 2005 2003
3 2002 2004 1711
3 2004 2000 1711
3 2003 2005 2004
3 2005 2006 2004
3 2004 2006 2000
3 2006 2001 2000
3 1709 1708 2005
3 1708 2007 2005
3 2005 2007 2006
3 2007 2008 2006
3 2006 2008 2001
3 2008 250 2001
3 2008 251 250
3 2007 2009 2008
3 1708 2010 2007
3 2008 2009 251
3 2009 2011 251
3 2007 2010 2009
3 2010 2012 2009
3 2009 2012 2011
3 2012 2013 2011
3 1708 1707 2010
3 1707 2014 2010
3 2010 2014 2012
3 2014 2015 2012
3 2012 2015 2013
3 2015 2016 2013
3 2017 1707 1706
3 2018 2019 2017
3 1705 2020 2018
3 2017 2019 1707
3 2019 2014 1707
3 2018 2020 2019
3 2020 2021 2019
3 2019 2021 2014
3 2021 2015 2014
3 1705 1704 2020
3 1704 2022 2020
3 2020 2022 2021
3 2022 2023 2021
3 2021 2023 2015
3 2023 2016 2015
3 2023 2024 2016
3 2022 2025 2023
3 1704 2026 2022
3 2023 2025 2024
3 2025 2027 2024
3 2022 2026 2025
3 2026 2028 2025
3 2025 2028 2027
3 2028 2029 2027
3 1704 1703 2026
3 1703 2030 2026
3 2026 2030 2028
3 2030 2031 2028
3 2028 2031 2029
3 2031 2032 2029
3 2033 1703 1702
3 2034 2035 2033
3 1701 2036 2034
3 2033 2035 1703
3 2035 2030 1703
3 2034 2036 2035
3 2036 2037 2035
3 2035 2037 2030
3 2037 2031 2030
3 1701 1700 2036
3 1700 2038 2036
3 2036 2038 2037
3 2038 2039 2037
3 2037 2039 2031
3 2039 2032 2031
3 2039 2040 2032
3 2038 2041 2039
3 1700 2042 2038
3 2039 2041 2040
3 2041 2043 2040
3 2038 2042 2041
3 2042 2044 2041
3 2041 2044 2043
3 2044 2045 2043
3 1700 1699 2042
3 1699 2046 2042
3 2042 2046 2044
3 2046 2047 2044
3 2044 2047 2045
3 2047 2048 2045
3 2049 1699 1698
3 2050 2051 2049
3 1697 2052 2050
3 2049 2051 1699
3 2051 2046 1699
3 2050 2052 2051
3 2052 2053 2051
3 2051 2053 2046
3 2053 2047 2046
3 1697 1696 2052
3 1696 2054 2052
3 2052 2054 2053
3 2054 2055 2053
3 2053 2055 2047
3 2055 2048 2047
3 2055 2056 2048
3 2054 2057 2055
3 1696 2058 2054
3 2055 2057 2056
3 2057 2059 2056
3 2054 2058 2057
3 2058 2060 2057
3 2057 2060 2059
3 2060 2061 2059
3 1696 1695 2058
3 1695 2062 2058
3 2058 2062 2060
3 2062 2063 2060
3 2060 2063 2061
3 2063 2064 2061
3 2065 1695 1694
3 2066 2067 2065
3 1693 2068 2066
3 2065 2067 1695
3 2067 2062 1695
3 2066 2068 2067
3 2068 2069 2067
3 2067 2069 2062
3 2069 2063 2062
3 1693 1692 2068
3 1692 2070 2068
3 2068 2070 2069
3 2070 2071 2069
3 2069 2071 2063
3 2071 2064 2063
3 2071 2072 2064
3 2070 2073 2071
3 1692 2074 2070
3 2071 2073 2072
3 2073 2075 2072
3 2070 2074 2073
3 2074 2076 2073
3 2073 2076 2075
3 2076 2077 2075
3 1692 1691 2074
3 1691 2078 2074
3 2074 2078 2076
3 2078 2079 2076
3 2076 2079 2077
3 2079 2080 2077
3 2081 1691 1690
3 2082 2083 2081
3 1689 2084 2082
3 2081 2083 1691
3 2083 2078 1691
3 2082 2084 2083
3 2084 2085 2083
3 2083 2085 2078
3 2085 2079 2078
3 1689 1688 2084
3 1688 2086 2084
3 2084 2086 2085
3 2086 2087 2085
3 2085 2087 2079
3 2087 2080 2079
3 2087 2088 2080
3 2086 2089 2087
3 1688 2090 2086
3 2087 2089 2088
3 2089 2091 2088
3 2086 2090 2089
3 2090 2092 2089
3 2089 2092 2091
3 2092 2093 2091
3 1688 1687 2090
3 1687 2094 2090
3 2090 2094 2092
3 2094 2095 2092
3 2092 2095 2093
3 2095 2096 2093
3 2097 1687 1686
3 2098 2099 2097
3 1685 2100 2098
3 2097 2099 1687
3 2099 2094 1687
3 2098 2100 2099
3 2100 2101 2099
3 2099 2101 2094
3 2101 2095 2094
3 1685 1684 2100
3 1684 2102 2100
3 2100 2102 2101
3 2102 2103 2101
3 2101 2103 2095
3 2103 2096 2095
3 2103 2104 2096
3 2102 2105 2103
3 1684 2106 2102
3 2103 2105 2104
3 2105 2107 2104
3 2102 2106 2105
3 2106 2108 2105
3 2105 2108 2107
3 2108 2109 2107
3 1684 1683 2106
3 1683 2110 2106
3 2106 2110 2108
3 2110 2111 2108
3 2108 2111 2109
3 2111 2112 2109
3 2113 1683 1682
3 2114 2115 2113
3 1681 2116 2114
3 2113 2115 1683
3 2115 2110 1683
3 2114 2116 2115
3 2116 2117 2115
3 2115 2117 2110
3 2117 2111 2110
3 1681 1680 2116
3 1680 2118 2116
3 2116 2118 2117
3 2118 2119 2117
3 2117 2119 2111
3 2119 2112 2111
3 1774 2120 1772
3 1775 2121 1774
3 1678 2122 1775
3 1774 2121 2120
3 2121 2123 2120
3 1775 2122 2121
3 2122 2124 2121
3 2121 2124 2123
3 2124 2125 2123
3 1678 1677 2122
3 1677 2126 2122
3 2122 2126 2124
3 2126 2127 2124
3 2124 2127 2125
3 2127 2128 2125
3 2127 2129 2128
3 2126 2130 2127
3 1677 2131 2126
3 2127 2130 2129
3 2130 2132 2129
3 2126 2131 2130
3 2131 2133 2130
3 2130 2133 2132
3 2133 2134 2132
3 1677 1676 2131
3 1676 2135 2131
3 2131 2135 2133
3 2135 2136 2133
3 2133 2136 2134
3 2136 1679 2134
3 2137 1676 472
3 2138 2139 2137
3 1675 2140 2138
3 2137 2139 1676
3 2139 2135 1676
3 2138 2140 2139
3 2140 2141 2139
3 2139 2141 2135
3 2141 2136 2135
3 1675 1674 2140
3 1674 2142 2140
3 2140 2142 2141
3 2142 2143 2141
3 2141 2143 2136
3 2143 1679 2136
3 2144 1674 1673
3 2145 2146 2144
3 1672 2147 2145
3 2144 2146 1674
3 2146 2142 1674
3 2145 2147 2146
3 2147 2148 2146
3 2146 2148 2142
3 2148 2143 2142
3 1672 1671 2147
3 1671 2149 2147
3 2147 2149 2148
3 2149 2150 2148
3 2148 2150 2143
3 2150 1679 2143
3 2151 1671 1670
3 2152 2153 2151
3 1669 2154 2152
3 2151 2153 1671
3 2153 2149 1671
3 2152 2154 2153
3 2154 2155 2153
3 2153 2155 2149
3 2155 2150 2149
3 1669 1668 2154
3 1668 2156 2154
3 2154 2156 2155
3 2156 2157 2155
3 2155 2157 2150
3 2157 1679 2150
3 2158 1668 1667
3 2159 2160 2158
3 1666 2161 2159
3 2158 2160 1668
3 2160 2156 1668
3 2159 2161 2160
3 2161 2162 2160
3 2160 2162 2156
3 2162 2157 2156
3 1666 1665 2161
3 1665 2163 2161
3 2161 2163 2162
3 2163 2164 2162
3 2162 2164 2157
3 2164 1679 2157
3 2165 1665 1664
3 2166 2167 2165
3 1663 2168 2166
3 2165 2167 1665
3 2167 2163 1665
3 2166 2168 2167
3 2168 2169 2167
3 2167 2169 2163
3 2169 2164 2163
3 1663 1662 2168
3 1662 2170 2168
3 2168 2170 2169
3 2170 2171 2169
3 2169 2171 2164
3 2171 1679 2164
3 2172 1662 1661
3 2173 2174 2172
3 1660 2175 2173
3 2172 2174 1662
3 2174 2170 1662
3 2173 2175 2174
3 2175 2176 2174
3 2174 2176 2170
3 2176 2171 2170
3 1660 1659 2175
3 1659 2177 2175
3 2175 2177 2176
3 2177 2178 2176
3 2176 2178 2171
3 2178 1679 2171
3 2179 1659 1658
3 2180 2181 2179
3 1657 2182 2180
3 2179 2181 1659
3 2181 2177 1659
3 2180 2182 2181
3 2182 2183 2181
3 2181 2183 2177
3 2183 2178 2177
3 1657 1656 2182
3 1656 2184 2182
3 2182 2184 2183
3 2184 2185 2183
3 2183 2185 2178
3 2185 1679 2178
3 2186 1656 1655
3 2187 2188 2186
3 1654 2189 2187
3 2186 2188 1656
3 2188 2184 1656
3 2187 2189 2188
3 2189 2190 2188
3 2188 2190 2184
3 2190 2185 2184
3 1654 1653 2189
3 1653 2191 2189
3 2189 2191 2190
3 2191 2192 2190
3 2190 2192 2185
3 2192 1679 2185
3 2193 1653 1652
3 2194 2195 2193
3 1651 2196 2194
3 2193 2195 1653
3 2195 2191 1653
3 2194 2196 2195
3 2196 2197 2195
3 2195 2197 2191
3 2197 2192 2191
3 1651 1650 2196
3 1650 2198 2196
3 2196 2198 2197
3 2198 2199 2197
3 2197 2199 2192
3 2199 1679 2192
3 2200 1650 1649
3 2201 2202 2200
3 1648 2203 2201
3 2200 2202 1650
3 2202 2198 1650
3 2201 2203 2202
3 2203 2204 2202
3 2202 2204 2198
3 2204 2199 2198
3 1648 1647 2203
3 1647 2205 2203
3 2203 2205 2204
3 2205 2206 2204
3 2204 2206 2199
3 2206 1679 2199
3 2207 1647 1646
3 2208 2209 2207
3 1645 2210 2208
3 2207 2209 1647
3 2209 2205 1647
3 2208 2210 2209
3 2210 2211 2209
3 2209 2211 2205
3 2211 2206 2205
3 1645 1644 2210
3 1644 2212 2210
3 2210 2212 2211
3 2212 2213 2211
3 2211 2213 2206
3 2213 1679 2206
3 2214 1644 1643
3 2215 2216 2214
3 1642 2217 2215
3 2214 2216 1644
3 2216 2212 1644
3 2215 2217 2216
3 2217 2218 2216
3 2216 2218 2212
3 2218 2213 2212
3 1642 1641 2217
3 1641 2219 2217
3 2217 2219 2218
3 2219 2220 2218
3 2218 2220 2213
3 2220 1679 2213
3 2221 1641 1640
3 2222 2223 2221
3 1639 2224 2222
3 2221 2223 1641
3 2223 2219 1641
3 2222 2224 2223
3 2224 2225 2223
3 2223 2225 2219
3 2225 2220 2219
3 1639 1638 2224
3 1638 2226 2224
3 2224 2226 2225
3 2226 2227 2225
3 2225 2227 2220
3 2227 1679 2220
3 2228 1638 1637
3 2229 2230 2228
3 1636 2231 2229
3 2228 2230 1638
3 2230 2226 1638
3 2229 2231 2230
3 2231 2232 2230
3 2230 2232 2226
3 2232 2227 2226
3 1636 1635 2231
3 1635 2233 2231
3 2231 2233 2232
3 2233 2234 2232
3 2232 2234 2227
3 2234 1679 2227
3 2235 1635 1634
3 2236 2237 2235
3 1633 2238 2236
3 2235 2237 1635
3 2237 2233 1635
3 2236 2238 2237
3 2238 2239 2237
3 2237 2239 2233
3 2239 2234 2233
3 1633 1632 2238
3 1632 2240 2238
3 2238 2240 2239
3 2240 2241 2239
3 2239 2241 2234
3 2241 1679 2234
3 2242 1632 1631
3 2243 2244 2242
3 479 2245 2243
3 2242 2244 1632
3 2244 2240 1632
3 2243 2245 2244
3 2245 2246 2244
3 2244 2246 2240
3 2246 2241 2240
3 479 1630 2245
3 1630 2247 2245
3 2245 2247 2246
3 2247 2248 2246
3 2246 2248 2241
3 2248 1679 2241
3 2248 1680 1679
3 2247 2249 2248
3 1630 2250 2247
3 2248 2249 1680
3 2249 2118 1680
3 2247 2250 2249
3 2250 2251 2249
3 2249 2251 2118
3 2251 2119 2118
3 1630 1629 2250
3 1629 2252 2250
3 2250 2252 2251
3 2252 2253 2251
3 2251 2253 2119
3 2253 2112 2119
3 2254 1629 478
3 2255 2256 2254
3 1628 2257 2255
3 2254 2256 1629
3 2256 2252 1629
3 2255 2257 2256
3 2257 2258 2256
3 2256 2258 2252
3 2258 2253 2252
3 1628 1627 2257
3 1627 2259 2257
3 2257 2259 2258
3 2259 2260 2258
3 2258 2260 2253
3 2260 2112 2253
3 2261 1627 1626
3 2262 2263 2261
3 1625 2264 2262
3 2261 2263 1627
3 2263 2259 1627
3 2262 2264 2263
3 2264 2265 2263
3 2263 2265 2259
3 2265 2260 2259
3 1625 1624 2264
3 1624 2266 2264
3 2264 2266 2265
3 2266 2267 2265
3 2265 2267 2260
3 2267 2112 2260
3 2268 1624 1623
3 2269 2270 2268
3 1622 2271 2269
3 2268 2270 1624
3 2270 2266 1624
3 2269 2271 2270
3 2271 2272 2270
3 2270 2272 2266
3 2272 2267 2266
3 1622 1621 2271
3 1621 2273 2271
3 2271 2273 2272
3 2273 2274 2272
3 2272 2274 2267
3 2274 2112 2267
3 2275 1621 1620
3 2276 2277 2275
3 1619 2278 2276
3 2275 2277 1621
3 2277 2273 1621
3 2276 2278 2277
3 2278 2279 2277
3 2277 2279 2273
3 2279 2274 2273
3 1619 1618 2278
3 1618 2280 2278
3 2278 2280 2279
3 2280 2281 2279
3 2279 2281 2274
3 2281 2112 2274
3 2281 2282 2112
3 2280 2283 2281
3 1618 2284 2280
3 2281 2283 2282
3 2283 2285 2282
3 2280 2284 2283
3 2284 2286 2283
3 2283 2286 2285
3 2286 2287 2285
3 1618 1617 2284
3 1617 2288 2284
3 2284 2288 2286
3 2288 2289 2286
3 2286 2289 2287
3 2289 1608 2287
3 2290 1617 1616
3 2291 2292 2290
3 1615 2293 2291
3 2290 2292 1617
3 2292 2288 1617
3 2291 2293 2292
3 2293 2294 2292
3 2292 2294 2288
3 2294 2289 2288
3 1615 1614 2293
3 1614 2295 2293
3 2293 2295 2294
3 2295 1609 2294
3 2294 1609 2289
3 1609 1608 2289
3 2296 2297 2298
3 2299 2300 2296
3 1604 2301 2299
3 2296 2300 2297
3 2300 2302 2297
3 2299 2301 2300
3 2301 2303 2300
3 2300 2303 2302
3 2303 2304 2302
3 1604 1612 2301
3 1612 2305 2301
3 2301 2305 2303
3 2305 2306 2303
3 2303 2306 2304
3 2306 544 2304
3 2306 545 544
3 2305 2307 2306
3 1612 2308 2305
3 2306 2307 545
3 2307 2309 545
3 2305 2308 2307
3 2308 2310 2307
3 2307 2310 2309
3 2310 2311 2309
3 1612 1611 2308
3 1611 2312 2308
3 2308 2312 2310
3 2312 2313 2310
3 2310 2313 2311
3 2313 1613 2311
3 2314 1611 1603
3 2315 2316 2314
3 1610 2317 2315
3 2314 2316 1611
3 2316 2312 1611
3 2315 2317 2316
3 2317 2318 2316
3 2316 2318 2312
3 2318 2313 2312
3 1610 1609 2317
3 1609 2295 2317
3 2317 2295 2318
3 2295 1614 2318
3 2318 1614 2313
3 1614 1613 2313
3 2319 2320 2321
3 2322 2323 2319
3 1597 2324 2322
3 2319 2323 2320
3 2323 2325 2320
3 2322 2324 2323
3 2324 2326 2323
3 2323 2326 2325
3 2326 2327 2325
3 1597 1607 2324
3 1607 2328 2324
3 2324 2328 2326
3 2328 2329 2326
3 2326 2329 2327
3 2329 2330 2327
3 2329 2331 2330
3 2328 2332 2329
3 1607 2333 2328
3 2329 2332 2331
3 2332 2334 2331
3 2328 2333 2332
3 2333 2335 2332
3 2332 2335 2334
3 2335 2336 2334
3 1607 1606 2333
3 1606 2337 2333
3 2333 2337 2335
3 2337 2338 2335
3 2335 2338 2336
3 2338 2298 2336
3 2339 1606 1596
3 2340 2341 2339
3 1605 2342 2340
3 2339 2341 1606
3 2341 2337 1606
3 2340 2342 2341
3 2342 2343 2341
3 2341 2343 2337
3 2343 2338 2337
3 1605 1604 2342
3 1604 2299 2342
3 2342 2299 2343
3 2299 2296 2343
3 2343 2296 2338
3 2296 2298 2338
3 1587 2344 1584
3 2345 2346 1587
3 1602 2347 2345
3 1587 2346 2344
3 2346 2348 2344
3 2345 2347 2346
3 2347 2349 2346
3 2346 2349 2348
3 2349 2350 2348
3 1602 1601 2347
3 1601 2351 2347
3 2347 2351 2349
3 2351 2352 2349
3 2349 2352 2350
3 2352 2353 2350
3 2352 2354 2353
3 2351 2355 2352
3 1601 2356 2351
3 2352 2355 2354
3 2355 2357 2354
3 2351 2356 2355
3 2356 2358 2355
3 2355 2358 2357
3 2358 2359 2357
3 1601 1600 2356
3 1600 2360 2356
3 2356 2360 2358
3 2360 2361 2358
3 2358 2361 2359
3 2361 2321 2359
3 2362 1600 1599
3 2363 2364 2362
3 1598 2365 2363
3 2362 2364 1600
3 2364 2360 1600
3 2363 2365 2364
3 2365 2366 2364
3 2364 2366 2360
3 2366 2361 2360
3 1598 1597 2365
3 1597 2322 2365
3 2365 2322 2366
3 2322 2319 2366
3 2366 2319 2361
3 2319 2321 2361
3 2367 191 190
3 2368 2369 2367
3 1595 2370 2368
3 2367 2369 191
3 2369 2371 191
3 2368 2370 2369
3 2370 2372 2369
3 2369 2372 2371
3 2372 2373 2371
3 1595 1594 2370
3 1594 2374 2370
3 2370 2374 2372
3 2374 2375 2372
3 2372 2375 2373
3 2375 2376 2373
3 2377 1594 1593
3 2378 2379 2377
3 1533 2380 2378
3 2377 2379 1594
3 2379 2374 1594
3 2378 2380 2379
3 2380 2381 2379
3 2379 2381 2374
3 2381 2375 2374
3 1533 1592 2380
3 1592 2382 2380
3 2380 2382 2381
3 2382 2383 2381
3 2381 2383 2375
3 2383 2376 2375
3 2383 2384 2376
3 2382 2385 2383
3 1592 2386 2382
3 2383 2385 2384
3 2385 2387 2384
3 2382 2386 2385
3 2386 2388 2385
3 2385 2388 2387
3 2388 2389 2387
3 1592 1591 2386
3 1591 2390 2386
3 2386 2390 2388
3 2390 2391 2388
3 2388 2391 2389
3 2391 2392 2389
3 2393 1591 1532
3 2394 2395 2393
3 1590 2396 2394
3 2393 2395 1591
3 2395 2390 1591
3 2394 2396 2395
3 2396 2397 2395
3 2395 2397 2390
3 2397 2391 2390
3 1590 1589 2396
3 1589 2398 2396
3 2396 2398 2397
3 2398 2399 2397
3 2397 2399 2391
3 2399 2392 2391
3 1602 2400 1599
3 2345 2401 1602
3 1587 2402 2345
3 1602 2401 2400
3 2401 2403 2400
3 2345 2402 2401
3 2402 2404 2401
3 2401 2404 2403
3 2404 2405 2403
3 1587 1586 2402
3 1586 2406 2402
3 2402 2406 2404
3 2406 2407 2404
3 2404 2407 2405
3 2407 2408 2405
3 2407 2409 2408
3 2406 2410 2407
3 1586 2411 2406
3 2407 2410 2409
3 2410 2412 2409
3 2406 2411 2410
3 2411 2413 2410
3 2410 2413 2412
3 2413 2414 2412
3 1586 1585 2411
3 1585 2415 2411
3 2411 2415 2413
3 2415 2416 2413
3 2413 2416 2414
3 2416 2417 2414
3 2418 1585 1584
3 2419 2420 2418
3 571 2421 2419
3 2418 2420 1585
3 2420 2415 1585
3 2419 2421 2420
3 2421 2422 2420
3 2420 2422 2415
3 2422 2416 2415
3 571 1583 2421
3 1583 2423 2421
3 2421 2423 2422
3 2423 2424 2422
3 2422 2424 2416
3 2424 2417 2416
3 2425 1583 570
3 2426 2427 2425
3 1582 2428 2426
3 2425 2427 1583
3 2427 2423 1583
3 2426 2428 2427
3 2428 2429 2427
3 2427 2429 2423
3 2429 2424 2423
3 1582 1581 2428
3 1581 2430 2428
3 2428 2430 2429
3 2430 2431 2429
3 2429 2431 2424
3 2431 2417 2424
3 2432 1581 1580
3 2433 2434 2432
3 1579 2435 2433
3 2432 2434 1581
3 2434 2430 1581
3 2433 2435 2434
3 2435 2436 2434
3 2434 2436 2430
3 2436 2431 2430
3 1579 1578 2435
3 1578 2437 2435
3 2435 2437 2436
3 2437 2438 2436
3 2436 2438 2431
3 2438 2417 2431
3 2439 1578 1577
3 2440 2441 2439
3 1576 2442 2440
3 2439 2441 1578
3 2441 2437 1578
3 2440 2442 2441
3 2442 2443 2441
3 2441 2443 2437
3 2443 2438 2437
3 1576 1575 2442
3 1575 2444 2442
3 2442 2444 2443
3 2444 2445 2443
3 2443 2445 2438
3 2445 2417 2438
3 2445 2446 2417
3 2444 2447 2445
3 1575 2448 2444
3 2445 2447 2446
3 2447 2449 2446
3 2444 2448 2447
3 2448 2450 2447
3 2447 2450 2449
3 2450 2451 2449
3 1575 1574 2448
3 1574 2452 2448
3 2448 2452 2450
3 2452 2453 2450
3 2450 2453 2451
3 2453 216 2451
3 2454 1574 1573
3 2455 2456 2454
3 1572 2457 2455
3 2454 2456 1574
3 2456 2452 1574
3 2455 2457 2456
3 2457 2458 2456
3 2456 2458 2452
3 2458 2453 2452
3 1572 1571 2457
3 1571 2459 2457
3 2457 2459 2458
3 2459 2460 2458
3 2458 2460 2453
3 2460 216 2453
3 2461 1571 1570
3 2462 2463 2461
3 1569 2464 2462
3 2461 2463 1571
3 2463 2459 1571
3 2462 2464 2463
3 2464 2465 2463
3 2463 2465 2459
3 2465 2460 2459
3 1569 1568 2464
3 1568 2466 2464
3 2464 2466 2465
3 2466 2467 2465
3 2465 2467 2460
3 2467 216 2460
3 2467 217 216
3 2466 2468 2467
3 1568 2469 2466
3 2467 2468 217
3 2468 2470 217
3 2466 2469 2468
3 2469 2471 2468
3 2468 2471 2470
3 2471 2472 2470
3 1568 1567 2469
3 1567 2473 2469
3 2469 2473 2471
3 2473 2474 2471
3 2471 2474 2472
3 2474 2475 2472
3 2476 1567 1566
3 2477 2478 2476
3 597 2479 2477
3 2476 2478 1567
3 2478 2473 1567
3 2477 2479 2478
3 2479 2480 2478
3 2478 2480 2473
3 2480 2474 2473
3 597 1565 2479
3 1565 2481 2479
3 2479 2481 2480
3 2481 2482 2480
3 2480 2482 2474
3 2482 2475 2474
3 2482 2483 2475
3 2481 2484 2482
3 1565 2485 2481
3 2482 2484 2483
3 2484 2486 2483
3 2481 2485 2484
3 2485 2487 2484
3 2484 2487 2486
3 2487 2488 2486
3 1565 1564 2485
3 1564 2489 2485
3 2485 2489 2487
3 2489 2490 2487
3 2487 2490 2488
3 2490 2491 2488
3 2492 1564 596
3 2493 2494 2492
3 1563 2495 2493
3 2492 2494 1564
3 2494 2489 1564
3 2493 2495 2494
3 2495 2496 2494
3 2494 2496 2489
3 2496 2490 2489
3 1563 1562 2495
3 1562 2497 2495
3 2495 2497 2496
3 2497 2498 2496
3 2496 2498 2490
3 2498 2491 2490
3 2499 1562 1561
3 2500 2501 2499
3 1560 2502 2500
3 2499 2501 1562
3 2501 2497 1562
3 2500 2502 2501
3 2502 2503 2501
3 2501 2503 2497
3 2503 2498 2497
3 1560 1559 2502
3 1559 2504 2502
3 2502 2504 2503
3 2504 2505 2503
3 2503 2505 2498
3 2505 2491 2498
3 2506 1559 1558
3 2507 2508 2506
3 1557 2509 2507
3 2506 2508 1559
3 2508 2504 1559
3 2507 2509 2508
3 2509 2510 2508
3 2508 2510 2504
3 2510 2505 2504
3 1557 1556 2509
3 1556 2511 2509
3 2509 2511 2510
3 2511 2512 2510
3 2510 2512 2505
3 2512 2491 2505
3 2512 2513 2491
3 2511 2514 2512
3 1556 2515 2511
3 2512 2514 2513
3 2514 2516 2513
3 2511 2515 2514
3 2515 2517 2514
3 2514 2517 2516
3 2517 2518 2516
3 1556 1555 2515
3 1555 2519 2515
3 2515 2519 2517
3 2519 2520 2517
3 2517 2520 2518
3 2520 2521 2518
3 2522 1555 1554
3 2523 2524 2522
3 1553 2525 2523
3 2522 2524 1555
3 2524 2519 1555
3 2523 2525 2524
3 2525 2526 2524
3 2524 2526 2519
3 2526 2520 2519
3 1553 1552 2525
3 1552 2527 2525
3 2525 2527 2526
3 2527 2528 2526
3 2526 2528 2520
3 2528 2521 2520
3 2529 1552 1551
3 2530 2531 2529
3 1550 2532 2530
3 2529 2531 1552
3 2531 2527 1552
3 2530 2532 2531
3 2532 2533 2531
3 2531 2533 2527
3 2533 2528 2527
3 1550 1549 2532
3 1549 2534 2532
3 2532 2534 2533
3 2534 2535 2533
3 2533 2535 2528
3 2535 2521 2528
3 2535 2536 2521
3 2534 2537 2535
3 1549 2538 2534
3 2535 2537 2536
3 2537 2539 2536
3 2534 2538 2537
3 2538 2540 2537
3 2537 2540 2539
3 2540 2541 2539
3 1549 1548 2538
3 1548 2542 2538
3 2538 2542 2540
3 2542 2543 2540
3 2540 2543 2541
3 2543 2544 2541
3 2545 1548 1547
3 2546 2547 2545
3 623 2548 2546
3 2545 2547 1548
3 2547 2542 1548
3 2546 2548 2547
3 2548 2549 2547
3 2547 2549 2542
3 2549 2543 2542
3 623 1546 2548
3 1546 2550 2548
3 2548 2550 2549
3 2550 2551 2549
3 2549 2551 2543
3 2551 2544 2543
3 2551 2552 2544
3 2550 2553 2551
3 1546 2554 2550
3 2551 2553 2552
3 2553 2555 2552
3 2550 2554 2553
3 2554 2556 2553
3 2553 2556 2555
3 2556 2557 2555
3 1546 1545 2554
3 1545 2558 2554
3 2554 2558 2556
3 2558 2559 2556
3 2556 2559 2557
3 2559 2560 2557
3 2561 1545 622
3 2562 2563 2561
3 1544 2564 2562
3 2561 2563 1545
3 2563 2558 1545
3 2562 2564 2563
3 2564 2565 2563
3 2563 2565 2558
3 2565 2559 2558
3 1544 1543 2564
3 1543 2566 2564
3 2564 2566 2565
3 2566 2567 2565
3 2565 2567 2559
3 2567 2560 2559
3 2568 1543 1542
3 2569 2570 2568
3 1541 2571 2569
3 2568 2570 1543
3 2570 2566 1543
3 2569 2571 2570
3 2571 2572 2570
3 2570 2572 2566
3 2572 2567 2566
3 1541 1540 2571
3 1540 2573 2571
3 2571 2573 2572
3 2573 2574 2572
3 2572 2574 2567
3 2574 2560 2567
3 2574 2575 2560
3 2573 2576 2574
3 1540 2577 2573
3 2574 2576 2575
3 2576 2578 2575
3 2573 2577 2576
3 2577 2579 2576
3 2576 2579 2578
3 2579 2580 2578
3 1540 1539 2577
3 1539 2581 2577
3 2577 2581 2579
3 2581 2582 2579
3 2579 2582 2580
3 2582 2583 2580
3 1531 1539 1510
3 2584 2585 1531
3 1538 2586 2584
3 1531 2585 1539
3 2585 2581 1539
3 2584 2586 2585
3 2586 2587 2585
3 2585 2587 2581
3 2587 2582 2581
3 1538 1537 2586
3 1537 2588 2586
3 2586 2588 2587
3 2588 2589 2587
3 2587 2589 2582
3 2589 2583 2582
3 2589 2590 2583
3 2588 2591 2589
3 1537 2592 2588
3 2589 2591 2590
3 2591 2593 2590
3 2588 2592 2591
3 2592 2594 2591
3 2591 2594 2593
3 2594 2595 2593
3 1537 1536 2592
3 1536 2596 2592
3 2592 2596 2594
3 2596 2597 2594
3 2594 2597 2595
3 2597 1593 2595
3 2598 1536 1535
3 2599 2600 2598
3 1534 2601 2599
3 2598 2600 1536
3 2600 2596 1536
3 2599 2601 2600
3 2601 2602 2600
3 2600 2602 2596
3 2602 2597 2596
3 1534 1533 2601
3 1533 2378 2601
3 2601 2378 2602
3 2378 2377 2602
3 2602 2377 2597
3 2377 1593 2597
3 1538 2603 1535
3 2584 2604 1538
3 1531 2605 2584
3 1538 2604 2603
3 2604 2606 2603
3 2584 2605 2604
3 2605 2607 2604
3 2604 2607 2606
3 2607 2608 2606
3 1531 1530 2605
3 1530 2609 2605
3 2605 2609 2607
3 2609 2610 2607
3 2607 2610 2608
3 2610 164 2608
3 2610 165 164
3 2609 2611 2610
3 1530 2612 2609
3 2610 2611 165
3 2611 2613 165
3 2609 2612 2611
3 2612 2614 2611
3 2611 2614 2613
3 2614 2615 2613
3 1530 1529 2612
3 1529 2616 2612
3 2612 2616 2614
3 2616 2617 2614
3 2614 2617 2615
3 2617 2618 2615
3 1525 1529 1510
3 2619 2620 1525
3 1528 2621 2619
3 1525 2620 1529
3 2620 2616 1529
3 2619 2621 2620
3 2621 2622 2620
3 2620 2622 2616
3 2622 2617 2616
3 1528 1527 2621
3 1527 2623 2621
3 2621 2623 2622
3 2623 2624 2622
3 2622 2624 2617
3 2624 2618 2617
3 1528 2625 1526
3 2619 2626 1528
3 1525 2627 2619
3 1528 2626 2625
3 2626 2628 2625
3 2619 2627 2626
3 2627 2629 2626
3 2626 2629 2628
3 2629 2630 2628
3 1525 1524 2627
3 1524 2631 2627
3 2627 2631 2629
3 2631 2632 2629
3 2629 2632 2630
3 2632 2633 2630
3 2632 2634 2633
3 2631 2635 2632
3 1524 2636 2631
3 2632 2635 2634
3 2635 2637 2634
3 2631 2636 2635
3 2636 2638 2635
3 2635 2638 2637
3 2638 2639 2637
3 1524 1523 2636
3 1523 2640 2636
3 2636 2640 2638
3 2640 2641 2638
3 2638 2641 2639
3 2641 2642 2639
3 1519 1523 1510
3 2643 2644 1519
3 1522 2645 2643
3 1519 2644 1523
3 2644 2640 1523
3 2643 2645 2644
3 2645 2646 2644
3 2644 2646 2640
3 2646 2641 2640
3 1522 1521 2645
3 1521 2647 2645
3 2645 2647 2646
3 2647 2648 2646
3 2646 2648 2641
3 2648 2642 2641
3 1522 2649 1520
3 2643 2650 1522
3 1519 2651 2643
3 1522 2650 2649
3 2650 2652 2649
3 2643 2651 2650
3 2651 2653 2650
3 2650 2653 2652
3 2653 2654 2652
3 1519 1518 2651
3 1518 2655 2651
3 2651 2655 2653
3 2655 2656 2653
3 2653 2656 2654
3 2656 142 2654
3 2656 143 142
3 2655 2657 2656
3 1518 2658 2655
3 2656 2657 143
3 2657 2659 143
3 2655 2658 2657
3 2658 2660 2657
3 2657 2660 2659
3 2660 2661 2659
3 1518 1517 2658
3 1517 2662 2658
3 2658 2662 2660
3 2662 2663 2660
3 2660 2663 2661
3 2663 2664 2661
3 1513 1517 1510
3 2665 2666 1513
3 1516 2667 2665
3 1513 2666 1517
3 2666 2662 1517
3 2665 2667 2666
3 2667 2668 2666
3 2666 2668 2662
3 2668 2663 2662
3 1516 1515 2667
3 1515 2669 2667
3 2667 2669 2668
3 2669 2670 2668
3 2668 2670 2663
3 2670 2664 2663
3 1516 2671 1514
3 2665 2672 1516
3 1513 2673 2665
3 1516 2672 2671
3 2672 2674 2671
3 2665 2673 2672
3 2673 2675 2672
3 2672 2675 2674
3 2675 2676 2674
3 1513 1512 2673
3 1512 2677 2673
3 2673 2677 2675
3 2677 2678 2675
3 2675 2678 2676
3 2678 2679 2676
3 2678 2680 2679
3 2677 2681 2678
3 1512 2682 2677
3 2678 2681 2680
3 2681 2683 2680
3 2677 2682 2681
3 2682 2684 2681
3 2681 2684 2683
3 2684 2685 2683
3 1512 1511 2682
3 1511 2686 2682
3 2682 2686 2684
3 2686 2687 2684
3 2684 2687 2685
3 2687 1501 2685
3 2688 1511 1510
3 2689 2690 2688
3 1509 2691 2689
3 2688 2690 1511
3 2690 2686 1511
3 2689 2691 2690
3 2691 2692 2690
3 2690 2692 2686
3 2692 2687 2686
3 1509 1508 2691
3 1508 2693 2691
3 2691 2693 2692
3 2693 1502 2692
3 2692 1502 2687
3 1502 1501 2687
3 1500 2694 1497
3 2695 2696 1500
3 1506 2697 2695
3 1500 2696 2694
3 2696 2698 2694
3 2695 2697 2696
3 2697 2699 2696
3 2696 2699 2698
3 2699 2700 2698
3 1506 1505 2697
3 1505 2701 2697
3 2697 2701 2699
3 2701 2702 2699
3 2699 2702 2700
3 2702 2703 2700
3 2702 2704 2703
3 2701 2705 2702
3 1505 2706 2701
3 2702 2705 2704
3 2705 2707 2704
3 2701 2706 2705
3 2706 2708 2705
3 2705 2708 2707
3 2708 2709 2707
3 1505 1504 2706
3 1504 2710 2706
3 2706 2710 2708
3 2710 2711 2708
3 2708 2711 2709
3 2711 1507 2709
3 2712 1504 116
3 2713 2714 2712
3 1503 2715 2713
3 2712 2714 1504
3 2714 2710 1504
3 2713 2715 2714
3 2715 2716 2714
3 2714 2716 2710
3 2716 2711 2710
3 1503 1502 2715
3 1502 2693 2715
3 2715 2693 2716
3 2693 1508 2716
3 2716 1508 2711
3 1508 1507 2711
3 1506 117 116
3 2695 2717 1506
3 1500 2718 2695
3 1506 2717 117
3 2717 2719 117
3 2695 2718 2717
3 2718 2720 2717
3 2717 2720 2719
3 2720 2721 2719
3 1500 1499 2718
3 1499 2722 2718
3 2718 2722 2720
3 2722 2723 2720
3 2720 2723 2721
3 2723 2724 2721
3 2723 2725 2724
3 2722 2726 2723
3 1499 2727 2722
3 2723 2726 2725
3 2726 2728 2725
3 2722 2727 2726
3 2727 2729 2726
3 2726 2729 2728
3 2729 2730 2728
3 1499 1498 2727
3 1498 2731 2727
3 2727 2731 2729
3 2731 2732 2729
3 2729 2732 2730
3 2732 2733 2730
3 2734 1498 1497
3 2735 2736 2734
3 649 2737 2735
3 2734 2736 1498
3 2736 2731 1498
3 2735 2737 2736
3 2737 2738 2736
3 2736 2738 2731
3 2738 2732 2731
3 649 1496 2737
3 1496 2739 2737
3 2737 2739 2738
3 2739 2740 2738
3 2738 2740 2732
3 2740 2733 2732
3 2741 1496 648
3 2742 2743 2741
3 1495 2744 2742
3 2741 2743 1496
3 2743 2739 1496
3 2742 2744 2743
3 2744 2745 2743
3 2743 2745 2739
3 2745 2740 2739
3 1495 1494 2744
3 1494 2746 2744
3 2744 2746 2745
3 2746 2747 2745
3 2745 2747 2740
3 2747 2733 2740
3 2747 2748 2733
3 2746 2749 2747
3 1494 2750 2746
3 2747 2749 2748
3 2749 2751 2748
3 2746 2750 2749
3 2750 2752 2749
3 2749 2752 2751
3 2752 2753 2751
3 1494 1493 2750
3 1493 2754 2750
3 2750 2754 2752
3 2754 2755 2752
3 2752 2755 2753
3 2755 2756 2753
3 2757 1493 1492
3 2758 2759 2757
3 1491 2760 2758
3 2757 2759 1493
3 2759 2754 1493
3 2758 2760 2759
3 2760 2761 2759
3 2759 2761 2754
3 2761 2755 2754
3 1491 1490 2760
3 1490 2762 2760
3 2760 2762 2761
3 2762 2763 2761
3 2761 2763 2755
3 2763 2756 2755
3 2764 1490 1489
3 2765 2766 2764
3 1488 2767 2765
3 2764 2766 1490
3 2766 2762 1490
3 2765 2767 2766
3 2767 2768 2766
3 2766 2768 2762
3 2768 2763 2762
3 1488 1487 2767
3 1487 2769 2767
3 2767 2769 2768
3 2769 2770 2768
3 2768 2770 2763
3 2770 2756 2763
3 2770 2771 2756
3 2769 2772 2770
3 1487 2773 2769
3 2770 2772 2771
3 2772 2774 2771
3 2769 2773 2772
3 2773 2775 2772
3 2772 2775 2774
3 2775 2776 2774
3 1487 1486 2773
3 1486 2777 2773
3 2773 2777 2775
3 2777 2778 2775
3 2775 2778 2776
3 2778 2779 2776
3 2780 1486 1485
3 2781 2782 2780
3 1484 2783 2781
3 2780 2782 1486
3 2782 2777 1486
3 2781 2783 2782
3 2783 2784 2782
3 2782 2784 2777
3 2784 2778 2777
3 1484 1483 2783
3 1483 2785 2783
3 2783 2785 2784
3 2785 2786 2784
3 2784 2786 2778
3 2786 2779 2778
3 2787 1483 1482
3 2788 2789 2787
3 1481 2790 2788
3 2787 2789 1483
3 2789 2785 1483
3 2788 2790 2789
3 2790 2791 2789
3 2789 2791 2785
3 2791 2786 2785
3 1481 1480 2790
3 1480 2792 2790
3 2790 2792 2791
3 2792 2793 2791
3 2791 2793 2786
3 2793 2779 2786
3 2794 1480 1479
3 2795 2796 2794
3 1478 2797 2795
3 2794 2796 1480
3 2796 2792 1480
3 2795 2797 2796
3 2797 2798 2796
3 2796 2798 2792
3 2798 2793 2792
3 1478 1477 2797
3 1477 2799 2797
3 2797 2799 2798
3 2799 2800 2798
3 2798 2800 2793
3 2800 2779 2793
3 2800 2801 2779
3 2799 2802 2800
3 1477 2803 2799
3 2800 2802 2801
3 2802 2804 2801
3 2799 2803 2802
3 2803 2805 2802
3 2802 2805 2804
3 2805 2806 2804
3 1477 1476 2803
3 1476 2807 2803
3 2803 2807 2805
3 2807 2808 2805
3 2805 2808 2806
3 2808 2809 2806
3 2810 1476 1475
3 2811 2812 2810
3 675 2813 2811
3 2810 2812 1476
3 2812 2807 1476
3 2811 2813 2812
3 2813 2814 2812
3 2812 2814 2807
3 2814 2808 2807
3 675 1474 2813
3 1474 2815 2813
3 2813 2815 2814
3 2815 2816 2814
3 2814 2816 2808
3 2816 2809 2808
3 2817 1474 674
3 2818 2819 2817
3 1473 2820 2818
3 2817 2819 1474
3 2819 2815 1474
3 2818 2820 2819
3 2820 2821 2819
3 2819 2821 2815
3 2821 2816 2815
3 1473 1472 2820
3 1472 2822 2820
3 2820 2822 2821
3 2822 2823 2821
3 2821 2823 2816
3 2823 2809 2816
3 2824 1472 1471
3 2825 2826 2824
3 1470 2827 2825
3 2824 2826 1472
3 2826 2822 1472
3 2825 2827 2826
3 2827 2828 2826
3 2826 2828 2822
3 2828 2823 2822
3 1470 1469 2827
3 1469 2829 2827
3 2827 2829 2828
3 2829 2830 2828
3 2828 2830 2823
3 2830 2809 2823
3 2831 1469 1468
3 2832 2833 2831
3 1467 2834 2832
3 2831 2833 1469
3 2833 2829 1469
3 2832 2834 2833
3 2834 2835 2833
3 2833 2835 2829
3 2835 2830 2829
3 1467 1466 2834
3 1466 2836 2834
3 2834 2836 2835
3 2836 2837 2835
3 2835 2837 2830
3 2837 2809 2830
3 2838 1466 1465
3 2839 2840 2838
3 1464 2841 2839
3 2838 2840 1466
3 2840 2836 1466
3 2839 2841 2840
3 2841 2842 2840
3 2840 2842 2836
3 2842 2837 2836
3 1464 1463 2841
3 1463 2843 2841
3 2841 2843 2842
3 2843 2844 2842
3 2842 2844 2837
3 2844 2809 2837
3 2845 1463 1462
3 2846 2847 2845
3 1461 2848 2846
3 2845 2847 1463
3 2847 2843 1463
3 2846 2848 2847
3 2848 2849 2847
3 2847 2849 2843
3 2849 2844 2843
3 1461 1460 2848
3 1460 2850 2848
3 2848 2850 2849
3 2850 2851 2849
3 2849 2851 2844
3 2851 2809 2844
3 2852 1460 1459
3 2853 2854 2852
3 1458 2855 2853
3 2852 2854 1460
3 2854 2850 1460
3 2853 2855 2854
3 2855 2856 2854
3 2854 2856 2850
3 2856 2851 2850
3 1458 1457 2855
3 1457 2857 2855
3 2855 2857 2856
3 2857 2858 2856
3 2856 2858 2851
3 2858 2809 2851
3 2859 1457 1456
3 2860 2861 2859
3 1455 2862 2860
3 2859 2861 1457
3 2861 2857 1457
3 2860 2862 2861
3 2862 2863 2861
3 2861 2863 2857
3 2863 2858 2857
3 1455 1454 2862
3 1454 2864 2862
3 2862 2864 2863
3 2864 2865 2863
3 2863 2865 2858
3 2865 2809 2858
3 2866 1454 1453
3 2867 2868 2866
3 1452 2869 2867
3 2866 2868 1454
3 2868 2864 1454
3 2867 2869 2868
3 2869 2870 2868
3 2868 2870 2864
3 2870 2865 2864
3 1452 1451 2869
3 1451 2871 2869
3 2869 2871 2870
3 2871 2872 2870
3 2870 2872 2865
3 2872 2809 2865
3 2873 1451 1450
3 2874 2875 2873
3 1449 2876 2874
3 2873 2875 1451
3 2875 2871 1451
3 2874 2876 2875
3 2876 2877 2875
3 2875 2877 2871
3 2877 2872 2871
3 1449 1448 2876
3 1448 2878 2876
3 2876 2878 2877
3 2878 2879 2877
3 2877 2879 2872
3 2879 2809 2872
3 1415 7 6
3 2880 2881 1415
3 1447 2882 2880
3 1415 2881 7
3 2881 2883 7
3 2880 2882 2881
3 2882 2884 2881
3 2881 2884 2883
3 2884 2885 2883
3 1447 1446 2882
3 1446 2886 2882
3 2882 2886 2884
3 2886 2887 2884
3 2884 2887 2885
3 2887 2888 2885
3 2887 2889 2888
3 2886 2890 2887
3 1446 2891 2886
3 2887 2890 2889
3 2890 2892 2889
3 2886 2891 2890
3 2891 2893 2890
3 2890 2893 2892
3 2893 2894 2892
3 1446 1445 2891
3 1445 2895 2891
3 2891 2895 2893
3 2895 2896 2893
3 2893 2896 2894
3 2896 2897 2894
3 1441 1445 1419
3 2898 2899 1441
3 1444 2900 2898
3 1441 2899 1445
3 2899 2895 1445
3 2898 2900 2899
3 2900 2901 2899
3 2899 2901 2895
3 2901 2896 2895
3 1444 1443 2900
3 1443 2902 2900
3 2900 2902 2901
3 2902 2903 2901
3 2901 2903 2896
3 2903 2897 2896
3 1444 2904 1442
3 2898 2905 1444
3 1441 2906 2898
3 1444 2905 2904
3 2905 2907 2904
3 2898 2906 2905
3 2906 2908 2905
3 2905 2908 2907
3 2908 2909 2907
3 1441 1440 2906
3 1440 2910 2906
3 2906 2910 2908
3 2910 2911 2908
3 2908 2911 2909
3 2911 2912 2909
3 2911 2913 2912
3 2910 2914 2911
3 1440 2915 2910
3 2911 2914 2913
3 2914 2916 2913
3 2910 2915 2914
3 2915 2917 2914
3 2914 2917 2916
3 2917 2918 2916
3 1440 1439 2915
3 1439 2919 2915
3 2915 2919 2917
3 2919 2920 2917
3 2917 2920 2918
3 2920 2921 2918
3 1435 1439 1419
3 2922 2923 1435
3 1438 2924 2922
3 1435 2923 1439
3 2923 2919 1439
3 2922 2924 2923
3 2924 2925 2923
3 2923 2925 2919
3 2925 2920 2919
3 1438 1437 2924
3 1437 2926 2924
3 2924 2926 2925
3 2926 2927 2925
3 2925 2927 2920
3 2927 2921 2920
3 1438 2928 1436
3 2922 2929 1438
3 1435 2930 2922
3 1438 2929 2928
3 2929 2931 2928
3 2922 2930 2929
3 2930 2932 2929
3 2929 2932 2931
3 2932 2933 2931
3 1435 1434 2930
3 1434 2934 2930
3 2930 2934 2932
3 2934 2935 2932
3 2932 2935 2933
3 2935 2936 2933
3 2935 2937 2936
3 2934 2938 2935
3 1434 2939 2934
3 2935 2938 2937
3 2938 2940 2937
3 2934 2939 2938
3 2939 2941 2938
3 2938 2941 2940
3 2941 2942 2940
3 1434 1433 2939
3 1433 2943 2939
3 2939 2943 2941
3 2943 2944 2941
3 2941 2944 2942
3 2944 2945 2942
3 1429 1433 1419
3 2946 2947 1429
3 1432 2948 2946
3 1429 2947 1433
3 2947 2943 1433
3 2946 2948 2947
3 2948 2949 2947
3 2947 2949 2943
3 2949 2944 2943
3 1432 1431 2948
3 1431 2950 2948
3 2948 2950 2949
3 2950 2951 2949
3 2949 2951 2944
3 2951 2945 2944
3 1432 2952 1430
3 2946 2953 1432
3 1429 2954 2946
3 1432 2953 2952
3 2953 2955 2952
3 2946 2954 2953
3 2954 2956 2953
3 2953 2956 2955
3 2956 2957 2955
3 1429 1428 2954
3 1428 2958 2954
3 2954 2958 2956
3 2958 2959 2956
3 2956 2959 2957
3 2959 2960 2957
3 2959 2961 2960
3 2958 2962 2959
3 1428 2963 2958
3 2959 2962 2961
3 2962 2964 2961
3 2958 2963 2962
3 2963 2965 2962
3 2962 2965 2964
3 2965 2966 2964
3 1428 1427 2963
3 1427 2967 2963
3 2963 2967 2965
3 2967 2968 2965
3 2965 2968 2966
3 2968 2969 2966
3 1422 1427 1419
3 2970 2971 1422
3 1426 2972 2970
3 1422 2971 1427
3 2971 2967 1427
3 2970 2972 2971
3 2972 2973 2971
3 2971 2973 2967
3 2973 2968 2967
3 1426 1425 2972
3 1425 2974 2972
3 2972 2974 2973
3 2974 2975 2973
3 2973 2975 2968
3 2975 2969 2968
3 2976 1 0
3 2977 2978 2976
3 1417 2979 2977
3 2976 2978 1
3 2978 2980 1
3 2977 2979 2978
3 2979 2981 2978
3 2978 2981 2980
3 2981 2982 2980
3 1417 1423 2979
3 1423 2983 2979
3 2979 2983 2981
3 2983 859 2981
3 2981 859 2982
3 859 858 2982
3 1426 2984 1424
3 2970 2985 1426
3 1422 2986 2970
3 1426 2985 2984
3 2985 2987 2984
3 2970 2986 2985
3 2986 2988 2985
3 2985 2988 2987
3 2988 2989 2987
3 1422 1421 2986
3 1421 2990 2986
3 2986 2990 2988
3 2990 2991 2988
3 2988 2991 2989
3 2991 2992 2989
3 2991 2993 2992
3 2990 2994 2991
3 1421 2995 2990
3 2991 2994 2993
3 2994 2996 2993
3 2990 2995 2994
3 2995 2997 2994
3 2994 2997 2996
3 2997 2998 2996
3 1421 1420 2995
3 1420 2999 2995
3 2995 2999 2997
3 2999 3000 2997
3 2997 3000 2998
3 3000 0 2998
3 3001 1420 1419
3 3002 3003 3001
3 1418 3004 3002
3 3001 3003 1420
3 3003 2999 1420
3 3002 3004 3003
3 3004 3005 3003
3 3003 3005 2999
3 3005 3000 2999
3 1418 1417 3004
3 1417 2977 3004
3 3004 2977 3005
3 2977 2976 3005
3 3005 2976 3000
3 2976 0 3000
3 1447 3006 1419
3 2880 3007 1447
3 1415 3008 2880
3 1447 3007 3006
3 3007 3009 3006
3 2880 3008 3007
3 3008 3010 3007
3 3007 3010 3009
3 3010 3011 3009
3 1415 1414 3008
3 1414 3012 3008
3 3008 3012 3010
3 3012 3013 3010
3 3010 3013 3011
3 3013 3014 3011
3 3013 3015 3014
3 3012 3016 3013
3 1414 3017 3012
3 3013 3016 3015
3 3016 3018 3015
3 3012 3017 3016
3 3017 3019 3016
3 3016 3019 3018
3 3019 3020 3018
3 1414 1413 3017
3 1413 3021 3017
3 3017 3021 3019
3 3021 3022 3019
3 3019 3022 3020
3 3022 3023 3020
3 1409 1413 6
3 3024 3025 1409
3 1412 3026 3024
3 1409 3025 1413
3 3025 3021 1413
3 3024 3026 3025
3 3026 3027 3025
3 3025 3027 3021
3 3027 3022 3021
3 1412 1411 3026
3 1411 3028 3026
3 3026 3028 3027
3 3028 3029 3027
3 3027 3029 3022
3 3029 3023 3022
3 1412 3030 1410
3 3024 3031 1412
3 1409 3032 3024
3 1412 3031 3030
3 3031 3033 3030
3 3024 3032 3031
3 3032 3034 3031
3 3031 3034 3033
3 3034 3035 3033
3 1409 1408 3032
3 1408 3036 3032
3 3032 3036 3034
3 3036 3037 3034
3 3034 3037 3035
3 3037 3038 3035
3 3037 3039 3038
3 3036 3040 3037
3 1408 3041 3036
3 3037 3040 3039
3 3040 3042 3039
3 3036 3041 3040
3 3041 3043 3040
3 3040 3043 3042
3 3043 3044 3042
3 1408 1407 3041
3 1407 3045 3041
3 3041 3045 3043
3 3045 3046 3043
3 3043 3046 3044
3 3046 3047 3044
3 1403 1407 6
3 3048 3049 1403
3 1406 3050 3048
3 1403 3049 1407
3 3049 3045 1407
3 3048 3050 3049
3 3050 3051 3049
3 3049 3051 3045
3 3051 3046 3045
3 1406 1405 3050
3 1405 3052 3050
3 3050 3052 3051
3 3052 3053 3051
3 3051 3053 3046
3 3053 3047 3046
3 1406 3054 1404
3 3048 3055 1406
3 1403 3056 3048
3 1406 3055 3054
3 3055 3057 3054
3 3048 3056 3055
3 3056 3058 3055
3 3055 3058 3057
3 3058 3059 3057
3 1403 1402 3056
3 1402 3060 3056
3 3056 3060 3058
3 3060 3061 3058
3 3058 3061 3059
3 3061 3062 3059
3 3061 3063 3062
3 3060 3064 3061
3 1402 3065 3060
3 3061 3064 3063
3 3064 3066 3063
3 3060 3065 3064
3 3065 3067 3064
3 3064 3067 3066
3 3067 3068 3066
3 1402 1401 3065
3 1401 3069 3065
3 3065 3069 3067
3 3069 3070 3067
3 3067 3070 3068
3 3070 3071 3068
3 1397 1401 6
3 3072 3073 1397
3 1400 3074 3072
3 1397 3073 1401
3 3073 3069 1401
3 3072 3074 3073
3 3074 3075 3073
3 3073 3075 3069
3 3075 3070 3069
3 1400 1399 3074
3 1399 3076 3074
3 3074 3076 3075
3 3076 3077 3075
3 3075 3077 3070
3 3077 3071 3070
3 1400 3078 1398
3 3072 3079 1400
3 1397 3080 3072
3 1400 3079 3078
3 3079 3081 3078
3 3072 3080 3079
3 3080 3082 3079
3 3079 3082 3081
3 3082 3083 3081
3 1397 1396 3080
3 1396 3084 3080
3 3080 3084 3082
3 3084 3085 3082
3 3082 3085 3083
3 3085 3086 3083
3 3085 3087 3086
3 3084 3088 3085
3 1396 3089 3084
3 3085 3088 3087
3 3088 3090 3087
3 3084 3089 3088
3 3089 3091 3088
3 3088 3091 3090
3 3091 3092 3090
3 1396 1395 3089
3 1395 3093 3089
3 3089 3093 3091
3 3093 3094 3091
3 3091 3094 3092
3 3094 3095 3092
3 1391 1395 6
3 3096 3097 1391
3 1394 3098 3096
3 1391 3097 1395
3 3097 3093 1395
3 3096 3098 3097
3 3098 3099 3097
3 3097 3099 3093
3 3099 3094 3093
3 1394 1393 3098
3 1393 3100 3098
3 3098 3100 3099
3 3100 3101 3099
3 3099 3101 3094
3 3101 3095 3094
3 1394 3102 1392
3 3096 3103 1394
3 1391 3104 3096
3 1394 3103 3102
3 3103 3105 3102
3 3096 3104 3103
3 3104 3106 3103
3 3103 3106 3105
3 3106 3107 3105
3 1391 1390 3104
3 1390 3108 3104
3 3104 3108 3106
3 3108 3109 3106
3 3106 3109 3107
3 3109 3110 3107
3 3109 3111 3110
3 3108 3112 3109
3 1390 3113 3108
3 3109 3112 3111
3 3112 3114 3111
3 3108 3113 3112
3 3113 3115 3112
3 3112 3115 3114
3 3115 3116 3114
3 1390 1389 3113
3 1389 3117 3113
3 3113 3117 3115
3 3117 3118 3115
3 3115 3118 3116
3 3118 3119 3116
3 1385 1389 6
3 3120 3121 1385
3 1388 3122 3120
3 1385 3121 1389
3 3121 3117 1389
3 3120 3122 3121
3 3122 3123 3121
3 3121 3123 3117
3 3123 3118 3117
3 1388 1387 3122
3 1387 3124 3122
3 3122 3124 3123
3 3124 3125 3123
3 3123 3125 3118
3 3125 3119 3118
3 1388 3126 1386
3 3120 3127 1388
3 1385 3128 3120
3 1388 3127 3126
3 3127 3129 3126
3 3120 3128 3127
3 3128 3130 3127
3 3127 3130 3129
3 3130 3131 3129
3 1385 1384 3128
3 1384 3132 3128
3 3128 3132 3130
3 3132 3133 3130
3 3130 3133 3131
3 3133 3134 3131
3 3133 3135 3134
3 3132 3136 3133
3 1384 3137 3132
3 3133 3136 3135
3 3136 3138 3135
3 3132 3137 3136
3 3137 3139 3136
3 3136 3139 3138
3 3139 3140 3138
3 1384 1383 3137
3 1383 3141 3137
3 3137 3141 3139
3 3141 3142 3139
3 3139 3142 3140
3 3142 3143 3140
3 1379 1383 6
3 3144 3145 1379
3 1382 3146 3144
3 1379 3145 1383
3 3145 3141 1383
3 3144 3146 3145
3 3146 3147 3145
3 3145 3147 3141
3 3147 3142 3141
3 1382 1381 3146
3 1381 3148 3146
3 3146 3148 3147
3 3148 3149 3147
3 3147 3149 3142
3 3149 3143 3142
3 1382 3150 1380
3 3144 3151 1382
3 1379 3152 3144
3 1382 3151 3150
3 3151 3153 3150
3 3144 3152 3151
3 3152 3154 3151
3 3151 3154 3153
3 3154 3155 3153
3 1379 1378 3152
3 1378 3156 3152
3 3152 3156 3154
3 3156 3157 3154
3 3154 3157 3155
3 3157 3158 3155
3 3157 3159 3158
3 3156 3160 3157
3 1378 3161 3156
3 3157 3160 3159
3 3160 3162 3159
3 3156 3161 3160
3 3161 3163 3160
3 3160 3163 3162
3 3163 3164 3162
3 1378 1377 3161
3 1377 3165 3161
3 3161 3165 3163
3 3165 3166 3163
3 3163 3166 3164
3 3166 3167 3164
3 3168 1377 6
3 3169 3170 3168
3 1281 3171 3169
3 3168 3170 1377
3 3170 3165 1377
3 3169 3171 3170
3 3171 3172 3170
3 3170 3172 3165
3 3172 3166 3165
3 1281 1376 3171
3 1376 3173 3171
3 3171 3173 3172
3 3173 3174 3172
3 3172 3174 3166
3 3174 3167 3166
3 3175 705 704
3 3176 3177 3175
3 1375 3178 3176
3 3175 3177 705
3 3177 3179 705
3 3176 3178 3177
3 3178 3180 3177
3 3177 3180 3179
3 3180 3181 3179
3 1375 1374 3178
3 1374 3182 3178
3 3178 3182 3180
3 3182 3183 3180
3 3180 3183 3181
3 3183 1450 3181
3 3183 2873 1450
3 3182 3184 3183
3 1374 3185 3182
3 3183 3184 2873
3 3184 2874 2873
3 3182 3185 3184
3 3185 3186 3184
3 3184 3186 2874
3 3186 1449 2874
3 1374 1373 3185
3 1373 3187 3185
3 3185 3187 3186
3 3187 3188 3186
3 3186 3188 1449
3 3188 90 1449
3 3189 1373 1372
3 3190 3191 3189
3 1371 3192 3190
3 3189 3191 1373
3 3191 3187 1373
3 3190 3192 3191
3 3192 3193 3191
3 3191 3193 3187
3 3193 3188 3187
3 1371 1370 3192
3 1370 3194 3192
3 3192 3194 3193
3 3194 3195 3193
3 3193 3195 3188
3 3195 90 3188
3 3196 1370 1369
3 3197 3198 3196
3 1368 3199 3197
3 3196 3198 1370
3 3198 3194 1370
3 3197 3199 3198
3 3199 3200 3198
3 3198 3200 3194
3 3200 3195 3194
3 1368 1367 3199
3 1367 3201 3199
3 3199 3201 3200
3 3201 3202 3200
3 3200 3202 3195
3 3202 90 3195
3 3203 1367 1366
3 3204 3205 3203
3 1365 3206 3204
3 3203 3205 1367
3 3205 3201 1367
3 3204 3206 3205
3 3206 3207 3205
3 3205 3207 3201
3 3207 3202 3201
3 1365 1364 3206
3 1364 3208 3206
3 3206 3208 3207
3 3208 3209 3207
3 3207 3209 3202
3 3209 90 3202
3 3210 1364 1363
3 3211 3212 3210
3 1362 3213 3211
3 3210 3212 1364
3 3212 3208 1364
3 3211 3213 3212
3 3213 3214 3212
3 3212 3214 3208
3 3214 3209 3208
3 1362 1361 3213
3 1361 3215 3213
3 3213 3215 3214
3 3215 3216 3214
3 3214 3216 3209
3 3216 90 3209
3 3217 1361 1360
3 3218 3219 3217
3 1359 3220 3218
3 3217 3219 1361
3 3219 3215 1361
3 3218 3220 3219
3 3220 3221 3219
3 3219 3221 3215
3 3221 3216 3215
3 1359 1358 3220
3 1358 3222 3220
3 3220 3222 3221
3 3222 3223 3221
3 3221 3223 3216
3 3223 90 3216
3 3224 1358 1357
3 3225 3226 3224
3 1356 3227 3225
3 3224 3226 1358
3 3226 3222 1358
3 3225 3227 3226
3 3227 3228 3226
3 3226 3228 3222
3 3228 3223 3222
3 1356 1355 3227
3 1355 3229 3227
3 3227 3229 3228
3 3229 3230 3228
3 3228 3230 3223
3 3230 90 3223
3 3231 1355 1354
3 3232 3233 3231
3 1353 3234 3232
3 3231 3233 1355
3 3233 3229 1355
3 3232 3234 3233
3 3234 3235 3233
3 3233 3235 3229
3 3235 3230 3229
3 1353 1352 3234
3 1352 3236 3234
3 3234 3236 3235
3 3236 3237 3235
3 3235 3237 3230
3 3237 90 3230
3 3238 1352 1351
3 3239 3240 3238
3 1350 3241 3239
3 3238 3240 1352
3 3240 3236 1352
3 3239 3241 3240
3 3241 3242 3240
3 3240 3242 3236
3 3242 3237 3236
3 1350 1349 3241
3 1349 3243 3241
3 3241 3243 3242
3 3243 3244 3242
3 3242 3244 3237
3 3244 90 3237
3 3245 1349 1348
3 3246 3247 3245
3 1347 3248 3246
3 3245 3247 1349
3 3247 3243 1349
3 3246 3248 3247
3 3248 3249 3247
3 3247 3249 3243
3 3249 3244 3243
3 1347 1346 3248
3 1346 3250 3248
3 3248 3250 3249
3 3250 3251 3249
3 3249 3251 3244
3 3251 90 3244
3 3252 1346 1345
3 3253 3254 3252
3 1344 3255 3253
3 3252 3254 1346
3 3254 3250 1346
3 3253 3255 3254
3 3255 3256 3254
3 3254 3256 3250
3 3256 3251 3250
3 1344 1343 3255
3 1343 3257 3255
3 3255 3257 3256
3 3257 3258 3256
3 3256 3258 3251
3 3258 90 3251
3 3259 1343 1342
3 3260 3261 3259
3 1341 3262 3260
3 3259 3261 1343
3 3261 3257 1343
3 3260 3262 3261
3 3262 3263 3261
3 3261 3263 3257
3 3263 3258 3257
3 1341 1340 3262
3 1340 3264 3262
3 3262 3264 3263
3 3264 3265 3263
3 3263 3265 3258
3 3265 90 3258
3 3265 91 90
3 3264 3266 3265
3 1340 3267 3264
3 3265 3266 91
3 3266 3268 91
3 3264 3267 3266
3 3267 3269 3266
3 3266 3269 3268
3 3269 3270 3268
3 1340 1339 3267
3 1339 3271 3267
3 3267 3271 3269
3 3271 3272 3269
3 3269 3272 3270
3 3272 3273 3270
3 3274 1339 1338
3 3275 3276 3274
3 1337 3277 3275
3 3274 3276 1339
3 3276 3271 1339
3 3275 3277 3276
3 3277 3278 3276
3 3276 3278 3271
3 3278 3272 3271
3 1337 1336 3277
3 1336 3279 3277
3 3277 3279 3278
3 3279 3280 3278
3 3278 3280 3272
3 3280 3273 3272
3 3280 3281 3273
3 3279 3282 3280
3 1336 3283 3279
3 3280 3282 3281
3 3282 3284 3281
3 3279 3283 3282
3 3283 3285 3282
3 3282 3285 3284
3 3285 3286 3284
3 1336 1335 3283
3 1335 3287 3283
3 3283 3287 3285
3 3287 3288 3285
3 3285 3288 3286
3 3288 3289 3286
3 3290 1335 1334
3 3291 3292 3290
3 743 3293 3291
3 3290 3292 1335
3 3292 3287 1335
3 3291 3293 3292
3 3293 3294 3292
3 3292 3294 3287
3 3294 3288 3287
3 743 1333 3293
3 1333 3295 3293
3 3293 3295 3294
3 3295 3296 3294
3 3294 3296 3288
3 3296 3289 3288
3 3297 1333 742
3 3298 3299 3297
3 1332 3300 3298
3 3297 3299 1333
3 3299 3295 1333
3 3298 3300 3299
3 3300 3301 3299
3 3299 3301 3295
3 3301 3296 3295
3 1332 1331 3300
3 1331 3302 3300
3 3300 3302 3301
3 3302 3303 3301
3 3301 3303 3296
3 3303 3289 3296
3 3303 3304 3289
3 3302 3305 3303
3 1331 3306 3302
3 3303 3305 3304
3 3305 3307 3304
3 3302 3306 3305
3 3306 3308 3305
3 3305 3308 3307
3 3308 3309 3307
3 1331 1330 3306
3 1330 3310 3306
3 3306 3310 3308
3 3310 3311 3308
3 3308 3311 3309
3 3311 3312 3309
3 3313 1330 1329
3 3314 3315 3313
3 1328 3316 3314
3 3313 3315 1330
3 3315 3310 1330
3 3314 3316 3315
3 3316 3317 3315
3 3315 3317 3310
3 3317 3311 3310
3 1328 1327 3316
3 1327 3318 3316
3 3316 3318 3317
3 3318 3319 3317
3 3317 3319 3311
3 3319 3312 3311
3 3320 1327 1326
3 3321 3322 3320
3 1325 3323 3321
3 3320 3322 1327
3 3322 3318 1327
3 3321 3323 3322
3 3323 3324 3322
3 3322 3324 3318
3 3324 3319 3318
3 1325 1324 3323
3 1324 3325 3323
3 3323 3325 3324
3 3325 3326 3324
3 3324 3326 3319
3 3326 3312 3319
3 3326 3327 3312
3 3325 3328 3326
3 1324 3329 3325
3 3326 3328 3327
3 3328 3330 3327
3 3325 3329 3328
3 3329 3331 3328
3 3328 3331 3330
3 3331 3332 3330
3 1324 1323 3329
3 1323 3333 3329
3 3329 3333 3331
3 3333 3334 3331
3 3331 3334 3332
3 3334 3335 3332
3 3336 1323 1322
3 3337 3338 3336
3 1321 3339 3337
3 3336 3338 1323
3 3338 3333 1323
3 3337 3339 3338
3 3339 3340 3338
3 3338 3340 3333
3 3340 3334 3333
3 1321 1320 3339
3 1320 3341 3339
3 3339 3341 3340
3 3341 3342 3340
3 3340 3342 3334
3 3342 3335 3334
3 3342 3343 3335
3 3341 3344 3342
3 1320 3345 3341
3 3342 3344 3343
3 3344 3346 3343
3 3341 3345 3344
3 3345 3347 3344
3 3344 3347 3346
3 3347 3348 3346
3 1320 1319 3345
3 1319 3349 3345
3 3345 3349 3347
3 3349 3350 3347
3 3347 3350 3348
3 3350 3351 3348
3 3352 1319 1318
3 3353 3354 3352
3 1317 3355 3353
3 3352 3354 1319
3 3354 3349 1319
3 3353 3355 3354
3 3355 3356 3354
3 3354 3356 3349
3 3356 3350 3349
3 1317 1316 3355
3 1316 3357 3355
3 3355 3357 3356
3 3357 3358 3356
3 3356 3358 3350
3 3358 3351 3350
3 3359 1316 1315
3 3360 3361 3359
3 1314 3362 3360
3 3359 3361 1316
3 3361 3357 1316
3 3360 3362 3361
3 3362 3363 3361
3 3361 3363 3357
3 3363 3358 3357
3 1314 1313 3362
3 1313 3364 3362
3 3362 3364 3363
3 3364 3365 3363
3 3363 3365 3358
3 3365 3351 3358
3 3365 3366 3351
3 3364 3367 3365
3 1313 3368 3364
3 3365 3367 3366
3 3367 3369 3366
3 3364 3368 3367
3 3368 3370 3367
3 3367 3370 3369
3 3370 3371 3369
3 1313 1312 3368
3 1312 3372 3368
3 3368 3372 3370
3 3372 3373 3370
3 3370 3373 3371
3 3373 64 3371
3 3374 1312 1311
3 3375 3376 3374
3 1310 3377 3375
3 3374 3376 1312
3 3376 3372 1312
3 3375 3377 3376
3 3377 3378 3376
3 3376 3378 3372
3 3378 3373 3372
3 1310 1309 3377
3 1309 3379 3377
3 3377 3379 3378
3 3379 3380 3378
3 3378 3380 3373
3 3380 64 3373
3 3381 1309 1308
3 3382 3383 3381
3 1307 3384 3382
3 3381 3383 1309
3 3383 3379 1309
3 3382 3384 3383
3 3384 3385 3383
3 3383 3385 3379
3 3385 3380 3379
3 1307 1306 3384
3 1306 3386 3384
3 3384 3386 3385
3 3386 3387 3385
3 3385 3387 3380
3 3387 64 3380
3 3388 1306 1305
3 3389 3390 3388
3 1304 3391 3389
3 3388 3390 1306
3 3390 3386 1306
3 3389 3391 3390
3 3391 3392 3390
3 3390 3392 3386
3 3392 3387 3386
3 1304 1303 3391
3 1303 3393 3391
3 3391 3393 3392
3 3393 3394 3392
3 3392 3394 3387
3 3394 64 3387
3 3394 65 64
3 3393 3395 3394
3 1303 3396 3393
3 3394 3395 65
3 3395 3397 65
3 3393 3396 3395
3 3396 3398 3395
3 3395 3398 3397
3 3398 3399 3397
3 1303 1302 3396
3 1302 3400 3396
3 3396 3400 3398
3 3400 3401 3398
3 3398 3401 3399
3 3401 3402 3399
3 3403 1302 1301
3 3404 3405 3403
3 1300 3406 3404
3 3403 3405 1302
3 3405 3400 1302
3 3404 3406 3405
3 3406 3407 3405
3 3405 3407 3400
3 3407 3401 3400
3 1300 1299 3406
3 1299 3408 3406
3 3406 3408 3407
3 3408 3409 3407
3 3407 3409 3401
3 3409 3402 3401
3 3409 3410 3402
3 3408 3411 3409
3 1299 3412 3408
3 3409 3411 3410
3 3411 3413 3410
3 3408 3412 3411
3 3412 3414 3411
3 3411 3414 3413
3 3414 3415 3413
3 1299 1298 3412
3 1298 3416 3412
3 3412 3416 3414
3 3416 3417 3414
3 3414 3417 3415
3 3417 3418 3415
3 3419 1298 1297
3 3420 3421 3419
3 1296 3422 3420
3 3419 3421 1298
3 3421 3416 1298
3 3420 3422 3421
3 3422 3423 3421
3 3421 3423 3416
3 3423 3417 3416
3 1296 1295 3422
3 1295 3424 3422
3 3422 3424 3423
3 3424 3425 3423
3 3423 3425 3417
3 3425 3418 3417
3 3425 3426 3418
3 3424 3427 3425
3 1295 3428 3424
3 3425 3427 3426
3 3427 3429 3426
3 3424 3428 3427
3 3428 3430 3427
3 3427 3430 3429
3 3430 3431 3429
3 1295 1294 3428
3 1294 3432 3428
3 3428 3432 3430
3 3432 3433 3430
3 3430 3433 3431
3 3433 3434 3431
3 3435 1294 1293
3 3436 3437 3435
3 1292 3438 3436
3 3435 3437 1294
3 3437 3432 1294
3 3436 3438 3437
3 3438 3439 3437
3 3437 3439 3432
3 3439 3433 3432
3 1292 1291 3438
3 1291 3440 3438
3 3438 3440 3439
3 3440 3441 3439
3 3439 3441 3433
3 3441 3434 3433
3 3441 3442 3434
3 3440 3443 3441
3 1291 3444 3440
3 3441 3443 3442
3 3443 3445 3442
3 3440 3444 3443
3 3444 3446 3443
3 3443 3446 3445
3 3446 3447 3445
3 1291 1290 3444
3 1290 3448 3444
3 3444 3448 3446
3 3448 3449 3446
3 3446 3449 3447
3 3449 3450 3447
3 3451 1290 1289
3 3452 3453 3451
3 1288 3454 3452
3 3451 3453 1290
3 3453 3448 1290
3 3452 3454 3453
3 3454 3455 3453
3 3453 3455 3448
3 3455 3449 3448
3 1288 1287 3454
3 1287 3456 3454
3 3454 3456 3455
3 3456 3457 3455
3 3455 3457 3449
3 3457 3450 3449
3 3457 3458 3450
3 3456 3459 3457
3 1287 3460 3456
3 3457 3459 3458
3 3459 3461 3458
3 3456 3460 3459
3 3460 3462 3459
3 3459 3462 3461
3 3462 3463 3461
3 1287 1286 3460
3 1286 3464 3460
3 3460 3464 3462
3 3464 3465 3462
3 3462 3465 3463
3 3465 3466 3463
3 3467 1286 1285
3 3468 3469 3467
3 801 3470 3468
3 3467 3469 1286
3 3469 3464 1286
3 3468 3470 3469
3 3470 3471 3469
3 3469 3471 3464
3 3471 3465 3464
3 801 1284 3470
3 1284 3472 3470
3 3470 3472 3471
3 3472 3473 3471
3 3471 3473 3465
3 3473 3466 3465
3 3473 3474 3466
3 3472 3475 3473
3 1284 3476 3472
3 3473 3475 3474
3 3475 3477 3474
3 3472 3476 3475
3 3476 3478 3475
3 3475 3478 3477
3 3478 3479 3477
3 1284 1283 3476
3 1283 3480 3476
3 3476 3480 3478
3 3480 3481 3478
3 3478 3481 3479
3 3481 6 3479
3 3482 1283 800
3 3483 3484 3482
3 1282 3485 3483
3 3482 3484 1283
3 3484 3480 1283
3 3483 3485 3484
3 3485 3486 3484
3 3484 3486 3480
3 3486 3481 3480
3 1282 1281 3485
3 1281 3169 3485
3 3485 3169 3486
3 3169 3168 3486
3 3486 3168 3481
3 3168 6 3481
3 1278 3487 861
3 3488 3489 1278
3 1279 3490 3488
3 1278 3489 3487
3 3489 3491 3487
3 3488 3490 3489
3 3490 3492 3489
3 3489 3492 3491
3 3492 5 3491
3 1279 63 3490
3 63 3493 3490
3 3490 3493 3492
3 3493 3494 3492
3 3492 3494 5
3 3494 3 5
3 1279 3495 60
3 3488 3496 1279
3 1278 3497 3488
3 1279 3496 3495
3 3496 3498 3495
3 3488 3497 3496
3 3497 3499 3496
3 3496 3499 3498
3 3499 59 3498
3 1278 1277 3497
3 1277 3500 3497
3 3497 3500 3499
3 3500 3501 3499
3 3499 3501 59
3 3501 56 59
3 3501 3502 56
3 3500 3503 3501
3 1277 3504 3500
3 3501 3503 3502
3 3503 3505 3502
3 3500 3504 3503
3 3504 3506 3503
3 3503 3506 3505
3 3506 55 3505
3 1277 1276 3504
3 1276 3507 3504
3 3504 3507 3506
3 3507 3508 3506
3 3506 3508 55
3 3508 52 55
3 1274 1276 861
3 3509 3510 1274
3 1275 3511 3509
3 1274 3510 1276
3 3510 3507 1276
3 3509 3511 3510
3 3511 3512 3510
3 3510 3512 3507
3 3512 3508 3507
3 1275 51 3511
3 51 3513 3511
3 3511 3513 3512
3 3513 3514 3512
3 3512 3514 3508
3 3514 52 3508
3 1275 3515 48
3 3509 3516 1275
3 1274 3517 3509
3 1275 3516 3515
3 3516 3518 3515
3 3509 3517 3516
3 3517 3519 3516
3 3516 3519 3518
3 3519 47 3518
3 1274 1273 3517
3 1273 3520 3517
3 3517 3520 3519
3 3520 3521 3519
3 3519 3521 47
3 3521 44 47
3 3521 3522 44
3 3520 3523 3521
3 1273 3524 3520
3 3521 3523 3522
3 3523 3525 3522
3 3520 3524 3523
3 3524 3526 3523
3 3523 3526 3525
3 3526 43 3525
3 1273 1272 3524
3 1272 3527 3524
3 3524 3527 3526
3 3527 3528 3526
3 3526 3528 43
3 3528 40 43
3 960 1272 861
3 3529 3530 960
3 1271 3531 3529
3 960 3530 1272
3 3530 3527 1272
3 3529 3531 3530
3 3531 3532 3530
3 3530 3532 3527
3 3532 3528 3527
3 1271 39 3531
3 39 3533 3531
3 3531 3533 3532
3 3533 3534 3532
3 3532 3534 3528
3 3534 40 3528
3 3535 3536 28
3 3537 3538 3535
3 956 3539 3537
3 3535 3538 3536
3 3538 3540 3536
3 3537 3539 3538
3 3539 3541 3538
3 3538 3541 3540
3 3541 27 3540
3 956 1270 3539
3 1270 3542 3539
3 3539 3542 3541
3 3542 3543 3541
3 3541 3543 27
3 3543 24 27
3 3543 3544 24
3 3542 3545 3543
3 1270 3546 3542
3 3543 3545 3544
3 3545 3547 3544
3 3542 3546 3545
3 3546 3548 3545
3 3545 3548 3547
3 3548 23 3547
3 1270 1269 3546
3 1269 3549 3546
3 3546 3549 3548
3 3549 3550 3548
3 3548 3550 23
3 3550 20 23
3 965 1269 864
3 3551 3552 965
3 1268 3553 3551
3 965 3552 1269
3 3552 3549 1269
3 3551 3553 3552
3 3553 3554 3552
3 3552 3554 3549
3 3554 3550 3549
3 1268 19 3553
3 19 3555 3553
3 3553 3555 3554
3 3555 3556 3554
3 3554 3556 3550
3 3556 20 3550
3 1265 3557 208
3 3558 3559 1265
3 1267 3560 3558
3 1265 3559 3557
3 3559 3561 3557
3 3558 3560 3559
3 3560 3562 3559
3 3559 3562 3561
3 3562 207 3561
3 1267 203 3560
3 203 3563 3560
3 3560 3563 3562
3 3563 3564 3562
3 3562 3564 207
3 3564 204 207
3 3565 3566 196
3 3567 3568 3565
3 1266 3569 3567
3 3565 3568 3566
3 3568 3570 3566
3 3567 3569 3568
3 3569 3571 3568
3 3568 3571 3570
3 3571 195 3570
3 1266 249 3569
3 249 3572 3569
3 3569 3572 3571
3 3572 3573 3571
3 3571 3573 195
3 3573 193 195
3 1267 3574 200
3 3558 3575 1267
3 1265 3576 3558
3 1267 3575 3574
3 3575 3577 3574
3 3558 3576 3575
3 3576 3578 3575
3 3575 3578 3577
3 3578 199 3577
3 1265 1264 3576
3 1264 3579 3576
3 3576 3579 3578
3 3579 3580 3578
3 3578 3580 199
3 3580 196 199
3 3580 3565 196
3 3579 3581 3580
3 1264 3582 3579
3 3580 3581 3565
3 3581 3567 3565
3 3579 3582 3581
3 3582 3583 3581
3 3581 3583 3567
3 3583 1266 3567
3 1264 1263 3582
3 1263 3584 3582
3 3582 3584 3583
3 3584 3585 3583
3 3583 3585 1266
3 3585 246 1266
3 211 1263 208
3 3586 3587 211
3 1262 3588 3586
3 211 3587 1263
3 3587 3584 1263
3 3586 3588 3587
3 3588 3589 3587
3 3587 3589 3584
3 3589 3585 3584
3 1262 1261 3588
3 1261 3590 3588
3 3588 3590 3589
3 3590 3591 3589
3 3589 3591 3585
3 3591 246 3585
3 1116 1261 212
3 3592 3593 1116
3 1260 3594 3592
3 1116 3593 1261
3 3593 3590 1261
3 3592 3594 3593
3 3594 3595 3593
3 3593 3595 3590
3 3595 3591 3590
3 1260 245 3594
3 245 3596 3594
3 3594 3596 3595
3 3596 3597 3595
3 3595 3597 3591
3 3597 246 3591
3 317 3598 314
3 3599 3600 317
3 1259 3601 3599
3 317 3600 3598
3 3600 3602 3598
3 3599 3601 3600
3 3601 3603 3600
3 3600 3603 3602
3 3603 313 3602
3 1259 1258 3601
3 1258 3604 3601
3 3601 3604 3603
3 3604 3605 3603
3 3603 3605 313
3 3605 311 313
3 3605 3606 311
3 3604 3607 3605
3 1258 3608 3604
3 3605 3607 3606
3 3607 3609 3606
3 3604 3608 3607
3 3608 3610 3607
3 3607 3610 3609
3 3610 471 3609
3 1258 1257 3608
3 1257 3611 3608
3 3608 3611 3610
3 3611 3612 3610
3 3610 3612 471
3 3612 468 471
3 321 1257 318
3 3613 3614 321
3 1256 3615 3613
3 321 3614 1257
3 3614 3611 1257
3 3613 3615 3614
3 3615 3616 3614
3 3614 3616 3611
3 3616 3612 3611
3 1256 1255 3615
3 1255 3617 3615
3 3615 3617 3616
3 3617 3618 3616
3 3616 3618 3612
3 3618 468 3612
3 325 1255 322
3 3619 3620 325
3 1254 3621 3619
3 325 3620 1255
3 3620 3617 1255
3 3619 3621 3620
3 3621 3622 3620
3 3620 3622 3617
3 3622 3618 3617
3 1254 1253 3621
3 1253 3623 3621
3 3621 3623 3622
3 3623 3624 3622
3 3622 3624 3618
3 3624 468 3618
3 3624 3625 468
3 3623 3626 3624
3 1253 3627 3623
3 3624 3626 3625
3 3626 3628 3625
3 3623 3627 3626
3 3627 3629 3626
3 3626 3629 3628
3 3629 467 3628
3 1253 1252 3627
3 1252 3630 3627
3 3627 3630 3629
3 3630 3631 3629
3 3629 3631 467
3 3631 464 467
3 329 1252 326
3 3632 3633 329
3 1251 3634 3632
3 329 3633 1252
3 3633 3630 1252
3 3632 3634 3633
3 3634 3635 3633
3 3633 3635 3630
3 3635 3631 3630
3 1251 1250 3634
3 1250 3636 3634
3 3634 3636 3635
3 3636 3637 3635
3 3635 3637 3631
3 3637 464 3631
3 333 1250 330
3 3638 3639 333
3 1249 3640 3638
3 333 3639 1250
3 3639 3636 1250
3 3638 3640 3639
3 3640 3641 3639
3 3639 3641 3636
3 3641 3637 3636
3 1249 1248 3640
3 1248 3642 3640
3 3640 3642 3641
3 3642 3643 3641
3 3641 3643 3637
3 3643 464 3637
3 3643 3644 464
3 3642 3645 3643
3 1248 3646 3642
3 3643 3645 3644
3 3645 3647 3644
3 3642 3646 3645
3 3646 3648 3645
3 3645 3648 3647
3 3648 463 3647
3 1248 1247 3646
3 1247 3649 3646
3 3646 3649 3648
3 3649 3650 3648
3 3648 3650 463
3 3650 460 463
3 337 1247 334
3 3651 3652 337
3 1246 3653 3651
3 337 3652 1247
3 3652 3649 1247
3 3651 3653 3652
3 3653 3654 3652
3 3652 3654 3649
3 3654 3650 3649
3 1246 1245 3653
3 1245 3655 3653
3 3653 3655 3654
3 3655 3656 3654
3 3654 3656 3650
3 3656 460 3650
3 3656 3657 460
3 3655 3658 3656
3 1245 3659 3655
3 3656 3658 3657
3 3658 3660 3657
3 3655 3659 3658
3 3659 3661 3658
3 3658 3661 3660
3 3661 459 3660
3 1245 1244 3659
3 1244 3662 3659
3 3659 3662 3661
3 3662 3663 3661
3 3661 3663 459
3 3663 456 459
3 3663 3664 456
3 3662 3665 3663
3 1244 3666 3662
3 3663 3665 3664
3 3665 3667 3664
3 3662 3666 3665
3 3666 3668 3665
3 3665 3668 3667
3 3668 455 3667
3 1244 1243 3666
3 1243 3669 3666
3 3666 3669 3668
3 3669 3670 3668
3 3668 3670 455
3 3670 452 455
3 341 1243 338
3 3671 3672 341
3 1242 3673 3671
3 341 3672 1243
3 3672 3669 1243
3 3671 3673 3672
3 3673 3674 3672
3 3672 3674 3669
3 3674 3670 3669
3 1242 1241 3673
3 1241 3675 3673
3 3673 3675 3674
3 3675 3676 3674
3 3674 3676 3670
3 3676 452 3670
3 3676 3677 452
3 3675 3678 3676
3 1241 3679 3675
3 3676 3678 3677
3 3678 3680 3677
3 3675 3679 3678
3 3679 3681 3678
3 3678 3681 3680
3 3681 451 3680
3 1241 1240 3679
3 1240 3682 3679
3 3679 3682 3681
3 3682 3683 3681
3 3681 3683 451
3 3683 448 451
3 345 1240 342
3 3684 3685 345
3 1239 3686 3684
3 345 3685 1240
3 3685 3682 1240
3 3684 3686 3685
3 3686 3687 3685
3 3685 3687 3682
3 3687 3683 3682
3 1239 1238 3686
3 1238 3688 3686
3 3686 3688 3687
3 3688 3689 3687
3 3687 3689 3683
3 3689 448 3683
3 3689 3690 448
3 3688 3691 3689
3 1238 3692 3688
3 3689 3691 3690
3 3691 3693 3690
3 3688 3692 3691
3 3692 3694 3691
3 3691 3694 3693
3 3694 447 3693
3 1238 1237 3692
3 1237 3695 3692
3 3692 3695 3694
3 3695 3696 3694
3 3694 3696 447
3 3696 444 447
3 3696 3697 444
3 3695 3698 3696
3 1237 3699 3695
3 3696 3698 3697
3 3698 3700 3697
3 3695 3699 3698
3 3699 3701 3698
3 3698 3701 3700
3 3701 443 3700
3 1237 1236 3699
3 1236 3702 3699
3 3699 3702 3701
3 3702 3703 3701
3 3701 3703 443
3 3703 440 443
3 349 1236 346
3 3704 3705 349
3 1235 3706 3704
3 349 3705 1236
3 3705 3702 1236
3 3704 3706 3705
3 3706 3707 3705
3 3705 3707 3702
3 3707 3703 3702
3 1235 1234 3706
3 1234 3708 3706
3 3706 3708 3707
3 3708 3709 3707
3 3707 3709 3703
3 3709 440 3703
3 3709 3710 440
3 3708 3711 3709
3 1234 3712 3708
3 3709 3711 3710
3 3711 3713 3710
3 3708 3712 3711
3 3712 3714 3711
3 3711 3714 3713
3 3714 439 3713
3 1234 1233 3712
3 1233 3715 3712
3 3712 3715 3714
3 3715 3716 3714
3 3714 3716 439
3 3716 436 439
3 353 1233 350
3 3717 3718 353
3 1232 3719 3717
3 353 3718 1233
3 3718 3715 1233
3 3717 3719 3718
3 3719 3720 3718
3 3718 3720 3715
3 3720 3716 3715
3 1232 1231 3719
3 1231 3721 3719
3 3719 3721 3720
3 3721 3722 3720
3 3720 3722 3716
3 3722 436 3716
3 3722 3723 436
3 3721 3724 3722
3 1231 3725 3721
3 3722 3724 3723
3 3724 3726 3723
3 3721 3725 3724
3 3725 3727 3724
3 3724 3727 3726
3 3727 435 3726
3 1231 1230 3725
3 1230 3728 3725
3 3725 3728 3727
3 3728 3729 3727
3 3727 3729 435
3 3729 432 435
3 3729 3730 432
3 3728 3731 3729
3 1230 3732 3728
3 3729 3731 3730
3 3731 3733 3730
3 3728 3732 3731
3 3732 3734 3731
3 3731 3734 3733
3 3734 431 3733
3 1230 1229 3732
3 1229 3735 3732
3 3732 3735 3734
3 3735 3736 3734
3 3734 3736 431
3 3736 428 431
3 357 1229 354
3 3737 3738 357
3 1228 3739 3737
3 357 3738 1229
3 3738 3735 1229
3 3737 3739 3738
3 3739 3740 3738
3 3738 3740 3735
3 3740 3736 3735
3 1228 1227 3739
3 1227 3741 3739
3 3739 3741 3740
3 3741 3742 3740
3 3740 3742 3736
3 3742 428 3736
3 3742 3743 428
3 3741 3744 3742
3 1227 3745 3741
3 3742 3744 3743
3 3744 3746 3743
3 3741 3745 3744
3 3745 3747 3744
3 3744 3747 3746
3 3747 427 3746
3 1227 1226 3745
3 1226 3748 3745
3 3745 3748 3747
3 3748 3749 3747
3 3747 3749 427
3 3749 424 427
3 361 1226 358
3 3750 3751 361
3 1225 3752 3750
3 361 3751 1226
3 3751 3748 1226
3 3750 3752 3751
3 3752 3753 3751
3 3751 3753 3748
3 3753 3749 3748
3 1225 1224 3752
3 1224 3754 3752
3 3752 3754 3753
3 3754 3755 3753
3 3753 3755 3749
3 3755 424 3749
3 3755 3756 424
3 3754 3757 3755
3 1224 3758 3754
3 3755 3757 3756
3 3757 3759 3756
3 3754 3758 3757
3 3758 3760 3757
3 3757 3760 3759
3 3760 423 3759
3 1224 1223 3758
3 1223 3761 3758
3 3758 3761 3760
3 3761 3762 3760
3 3760 3762 423
3 3762 420 423
3 3762 3763 420
3 3761 3764 3762
3 1223 3765 3761
3 3762 3764 3763
3 3764 3766 3763
3 3761 3765 3764
3 3765 3767 3764
3 3764 3767 3766
3 3767 419 3766
3 1223 1222 3765
3 1222 3768 3765
3 3765 3768 3767
3 3768 3769 3767
3 3767 3769 419
3 3769 416 419
3 365 1222 362
3 3770 3771 365
3 1221 3772 3770
3 365 3771 1222
3 3771 3768 1222
3 3770 3772 3771
3 3772 3773 3771
3 3771 3773 3768
3 3773 3769 3768
3 1221 1220 3772
3 1220 3774 3772
3 3772 3774 3773
3 3774 3775 3773
3 3773 3775 3769
3 3775 416 3769
3 3775 3776 416
3 3774 3777 3775
3 1220 3778 3774
3 3775 3777 3776
3 3777 3779 3776
3 3774 3778 3777
3 3778 3780 3777
3 3777 3780 3779
3 3780 415 3779
3 1220 1219 3778
3 1219 3781 3778
3 3778 3781 3780
3 3781 3782 3780
3 3780 3782 415
3 3782 412 415
3 3782 3783 412
3 3781 3784 3782
3 1219 3785 3781
3 3782 3784 3783
3 3784 3786 3783
3 3781 3785 3784
3 3785 3787 3784
3 3784 3787 3786
3 3787 411 3786
3 1219 1218 3785
3 1218 3788 3785
3 3785 3788 3787
3 3788 3789 3787
3 3787 3789 411
3 3789 408 411
3 255 1218 253
3 3790 3791 255
3 1217 3792 3790
3 255 3791 1218
3 3791 3788 1218
3 3790 3792 3791
3 3792 3793 3791
3 3791 3793 3788
3 3793 3789 3788
3 1217 1216 3792
3 1216 3794 3792
3 3792 3794 3793
3 3794 3795 3793
3 3793 3795 3789
3 3795 408 3789
3 3795 3796 408
3 3794 3797 3795
3 1216 3798 3794
3 3795 3797 3796
3 3797 3799 3796
3 3794 3798 3797
3 3798 3800 3797
3 3797 3800 3799
3 3800 407 3799
3 1216 1215 3798
3 1215 3801 3798
3 3798 3801 3800
3 3801 3802 3800
3 3800 3802 407
3 3802 404 407
3 259 1215 256
3 3803 3804 259
3 1214 3805 3803
3 259 3804 1215
3 3804 3801 1215
3 3803 3805 3804
3 3805 3806 3804
3 3804 3806 3801
3 3806 3802 3801
3 1214 1213 3805
3 1213 3807 3805
3 3805 3807 3806
3 3807 3808 3806
3 3806 3808 3802
3 3808 404 3802
3 3808 3809 404
3 3807 3810 3808
3 1213 3811 3807
3 3808 3810 3809
3 3810 3812 3809
3 3807 3811 3810
3 3811 3813 3810
3 3810 3813 3812
3 3813 403 3812
3 1213 1212 3811
3 1212 3814 3811
3 3811 3814 3813
3 3814 3815 3813
3 3813 3815 403
3 3815 400 403
3 263 1212 260
3 3816 3817 263
3 1211 3818 3816
3 263 3817 1212
3 3817 3814 1212
3 3816 3818 3817
3 3818 3819 3817
3 3817 3819 3814
3 3819 3815 3814
3 1211 1210 3818
3 1210 3820 3818
3 3818 3820 3819
3 3820 3821 3819
3 3819 3821 3815
3 3821 400 3815
3 3821 3822 400
3 3820 3823 3821
3 1210 3824 3820
3 3821 3823 3822
3 3823 3825 3822
3 3820 3824 3823
3 3824 3826 3823
3 3823 3826 3825
3 3826 399 3825
3 1210 1209 3824
3 1209 3827 3824
3 3824 3827 3826
3 3827 3828 3826
3 3826 3828 399
3 3828 396 399
3 267 1209 264
3 3829 3830 267
3 1208 3831 3829
3 267 3830 1209
3 3830 3827 1209
3 3829 3831 3830
3 3831 3832 3830
3 3830 3832 3827
3 3832 3828 3827
3 1208 1207 3831
3 1207 3833 3831
3 3831 3833 3832
3 3833 3834 3832
3 3832 3834 3828
3 3834 396 3828
3 3834 3835 396
3 3833 3836 3834
3 1207 3837 3833
3 3834 3836 3835
3 3836 3838 3835
3 3833 3837 3836
3 3837 3839 3836
3 3836 3839 3838
3 3839 395 3838
3 1207 1206 3837
3 1206 3840 3837
3 3837 3840 3839
3 3840 3841 3839
3 3839 3841 395
3 3841 392 395
3 271 1206 268
3 3842 3843 271
3 1205 3844 3842
3 271 3843 1206
3 3843 3840 1206
3 3842 3844 3843
3 3844 3845 3843
3 3843 3845 3840
3 3845 3841 3840
3 1205 1204 3844
3 1204 3846 3844
3 3844 3846 3845
3 3846 3847 3845
3 3845 3847 3841
3 3847 392 3841
3 3847 3848 392
3 3846 3849 3847
3 1204 3850 3846
3 3847 3849 3848
3 3849 3851 3848
3 3846 3850 3849
3 3850 3852 3849
3 3849 3852 3851
3 3852 391 3851
3 1204 1203 3850
3 1203 3853 3850
3 3850 3853 3852
3 3853 3854 3852
3 3852 3854 391
3 3854 388 391
3 275 1203 272
3 3855 3856 275
3 1202 3857 3855
3 275 3856 1203
3 3856 3853 1203
3 3855 3857 3856
3 3857 3858 3856
3 3856 3858 3853
3 3858 3854 3853
3 1202 1201 3857
3 1201 3859 3857
3 3857 3859 3858
3 3859 3860 3858
3 3858 3860 3854
3 3860 388 3854
3 3860 3861 388
3 3859 3862 3860
3 1201 3863 3859
3 3860 3862 3861
3 3862 3864 3861
3 3859 3863 3862
3 3863 3865 3862
3 3862 3865 3864
3 3865 387 3864
3 1201 1200 3863
3 1200 3866 3863
3 3863 3866 3865
3 3866 3867 3865
3 3865 3867 387
3 3867 384 387
3 279 1200 276
3 3868 3869 279
3 1199 3870 3868
3 279 3869 1200
3 3869 3866 1200
3 3868 3870 3869
3 3870 3871 3869
3 3869 3871 3866
3 3871 3867 3866
3 1199 1198 3870
3 1198 3872 3870
3 3870 3872 3871
3 3872 3873 3871
3 3871 3873 3867
3 3873 384 3867
3 1169 1198 280
3 3874 3875 1169
3 1197 3876 3874
3 1169 3875 1198
3 3875 3872 1198
3 3874 3876 3875
3 3876 3877 3875
3 3875 3877 3872
3 3877 3873 3872
3 1197 383 3876
3 383 3878 3876
3 3876 3878 3877
3 3878 3879 3877
3 3877 3879 3873
3 3879 384 3873
3 371 3880 369
3 3881 3882 371
3 1196 3883 3881
3 371 3882 3880
3 3882 3884 3880
3 3881 3883 3882
3 3883 3885 3882
3 3882 3885 3884
3 3885 477 3884
3 1196 1195 3883
3 1195 3886 3883
3 3883 3886 3885
3 3886 3887 3885
3 3885 3887 477
3 3887 475 477
3 375 1195 372
3 3888 3889 375
3 1194 3890 3888
3 375 3889 1195
3 3889 3886 1195
3 3888 3890 3889
3 3890 3891 3889
3 3889 3891 3886
3 3891 3887 3886
3 1194 1193 3890
3 1193 3892 3890
3 3890 3892 3891
3 3892 3893 3891
3 3891 3893 3887
3 3893 475 3887
3 379 1193 376
3 3894 3895 379
3 1192 3896 3894
3 379 3895 1193
3 3895 3892 1193
3 3894 3896 3895
3 3896 3897 3895
3 3895 3897 3892
3 3897 3893 3892
3 1192 1191 3896
3 1191 3898 3896
3 3896 3898 3897
3 3898 3899 3897
3 3897 3899 3893
3 3899 475 3893
3 3899 3900 475
3 3898 3901 3899
3 1191 3902 3898
3 3899 3901 3900
3 3901 3903 3900
3 3898 3902 3901
3 3902 3904 3901
3 3901 3904 3903
3 3904 543 3903
3 1191 1190 3902
3 1190 3905 3902
3 3902 3905 3904
3 3905 3906 3904
3 3904 3906 543
3 3906 540 543
3 1188 1190 380
3 3907 3908 1188
3 1189 3909 3907
3 1188 3908 1190
3 3908 3905 1190
3 3907 3909 3908
3 3909 3910 3908
3 3908 3910 3905
3 3910 3906 3905
3 1189 539 3909
3 539 3911 3909
3 3909 3911 3910
3 3911 3912 3910
3 3910 3912 3906
3 3912 540 3906
3 1189 3913 536
3 3907 3914 1189
3 1188 3915 3907
3 1189 3914 3913
3 3914 3916 3913
3 3907 3915 3914
3 3915 3917 3914
3 3914 3917 3916
3 3917 535 3916
3 1188 1187 3915
3 1187 3918 3915
3 3915 3918 3917
3 3918 3919 3917
3 3917 3919 535
3 3919 532 535
3 3919 3920 532
3 3918 3921 3919
3 1187 3922 3918
3 3919 3921 3920
3 3921 3923 3920
3 3918 3922 3921
3 3922 3924 3921
3 3921 3924 3923
3 3924 531 3923
3 1187 1186 3922
3 1186 3925 3922
3 3922 3925 3924
3 3925 3926 3924
3 3924 3926 531
3 3926 528 531
3 1184 1186 380
3 3927 3928 1184
3 1185 3929 3927
3 1184 3928 1186
3 3928 3925 1186
3 3927 3929 3928
3 3929 3930 3928
3 3928 3930 3925
3 3930 3926 3925
3 1185 527 3929
3 527 3931 3929
3 3929 3931 3930
3 3931 3932 3930
3 3930 3932 3926
3 3932 528 3926
3 1185 3933 524
3 3927 3934 1185
3 1184 3935 3927
3 1185 3934 3933
3 3934 3936 3933
3 3927 3935 3934
3 3935 3937 3934
3 3934 3937 3936
3 3937 523 3936
3 1184 1183 3935
3 1183 3938 3935
3 3935 3938 3937
3 3938 3939 3937
3 3937 3939 523
3 3939 520 523
3 3939 3940 520
3 3938 3941 3939
3 1183 3942 3938
3 3939 3941 3940
3 3941 3943 3940
3 3938 3942 3941
3 3942 3944 3941
3 3941 3944 3943
3 3944 519 3943
3 1183 1182 3942
3 1182 3945 3942
3 3942 3945 3944
3 3945 3946 3944
3 3944 3946 519
3 3946 516 519
3 1180 1182 380
3 3947 3948 1180
3 1181 3949 3947
3 1180 3948 1182
3 3948 3945 1182
3 3947 3949 3948
3 3949 3950 3948
3 3948 3950 3945
3 3950 3946 3945
3 1181 515 3949
3 515 3951 3949
3 3949 3951 3950
3 3951 3952 3950
3 3950 3952 3946
3 3952 516 3946
3 1181 3953 512
3 3947 3954 1181
3 1180 3955 3947
3 1181 3954 3953
3 3954 3956 3953
3 3947 3955 3954
3 3955 3957 3954
3 3954 3957 3956
3 3957 511 3956
3 1180 1179 3955
3 1179 3958 3955
3 3955 3958 3957
3 3958 3959 3957
3 3957 3959 511
3 3959 508 511
3 3959 3960 508
3 3958 3961 3959
3 1179 3962 3958
3 3959 3961 3960
3 3961 3963 3960
3 3958 3962 3961
3 3962 3964 3961
3 3961 3964 3963
3 3964 507 3963
3 1179 1178 3962
3 1178 3965 3962
3 3962 3965 3964
3 3965 3966 3964
3 3964 3966 507
3 3966 504 507
3 1176 1178 380
3 3967 3968 1176
3 1177 3969 3967
3 1176 3968 1178
3 3968 3965 1178
3 3967 3969 3968
3 3969 3970 3968
3 3968 3970 3965
3 3970 3966 3965
3 1177 503 3969
3 503 3971 3969
3 3969 3971 3970
3 3971 3972 3970
3 3970 3972 3966
3 3972 504 3966
3 1177 3973 500
3 3967 3974 1177
3 1176 3975 3967
3 1177 3974 3973
3 3974 3976 3973
3 3967 3975 3974
3 3975 3977 3974
3 3974 3977 3976
3 3977 499 3976
3 1176 1175 3975
3 1175 3978 3975
3 3975 3978 3977
3 3978 3979 3977
3 3977 3979 499
3 3979 496 499
3 3979 3980 496
3 3978 3981 3979
3 1175 3982 3978
3 3979 3981 3980
3 3981 3983 3980
3 3978 3982 3981
3 3982 3984 3981
3 3981 3984 3983
3 3984 495 3983
3 1175 1174 3982
3 1174 3985 3982
3 3982 3985 3984
3 3985 3986 3984
3 3984 3986 495
3 3986 492 495
3 1172 1174 380
3 3987 3988 1172
3 1173 3989 3987
3 1172 3988 1174
3 3988 3985 1174
3 3987 3989 3988
3 3989 3990 3988
3 3988 3990 3985
3 3990 3986 3985
3 1173 491 3989
3 491 3991 3989
3 3989 3991 3990
3 3991 3992 3990
3 3990 3992 3986
3 3992 492 3986
3 1173 3993 488
3 3987 3994 1173
3 1172 3995 3987
3 1173 3994 3993
3 3994 3996 3993
3 3987 3995 3994
3 3995 3997 3994
3 3994 3997 3996
3 3997 487 3996
3 1172 1171 3995
3 1171 3998 3995
3 3995 3998 3997
3 3998 3999 3997
3 3997 3999 487
3 3999 484 487
3 3999 4000 484
3 3998 4001 3999
3 1171 4002 3998
3 3999 4001 4000
3 4001 4003 4000
3 3998 4002 4001
3 4002 4004 4001
3 4001 4004 4003
3 4004 483 4003
3 1171 1170 4002
3 1170 4005 4002
3 4002 4005 4004
3 4005 4006 4004
3 4004 4006 483
3 4006 481 483
3 1197 1170 380
3 3874 4007 1197
3 1169 4008 3874
3 1197 4007 1170
3 4007 4005 1170
3 3874 4008 4007
3 4008 4009 4007
3 4007 4009 4005
3 4009 4006 4005
3 1169 1168 4008
3 1168 4010 4008
3 4008 4010 4009
3 4010 4011 4009
3 4009 4011 4006
3 4011 481 4006
3 4011 4012 481
3 4010 4013 4011
3 1168 4014 4010
3 4011 4013 4012
3 4013 4015 4012
3 4010 4014 4013
3 4014 4016 4013
3 4013 4016 4015
3 4016 569 4015
3 1168 1167 4014
3 1167 4017 4014
3 4014 4017 4016
3 4017 4018 4016
3 4016 4018 569
3 4018 566 569
3 1165 1167 280
3 4019 4020 1165
3 1166 4021 4019
3 1165 4020 1167
3 4020 4017 1167
3 4019 4021 4020
3 4021 4022 4020
3 4020 4022 4017
3 4022 4018 4017
3 1166 565 4021
3 565 4023 4021
3 4021 4023 4022
3 4023 4024 4022
3 4022 4024 4018
3 4024 566 4018
3 1166 4025 562
3 4019 4026 1166
3 1165 4027 4019
3 1166 4026 4025
3 4026 4028 4025
3 4019 4027 4026
3 4027 4029 4026
3 4026 4029 4028
3 4029 561 4028
3 1165 1164 4027
3 1164 4030 4027
3 4027 4030 4029
3 4030 4031 4029
3 4029 4031 561
3 4031 558 561
3 4031 4032 558
3 4030 4033 4031
3 1164 4034 4030
3 4031 4033 4032
3 4033 4035 4032
3 4030 4034 4033
3 4034 4036 4033
3 4033 4036 4035
3 4036 557 4035
3 1164 1163 4034
3 1163 4037 4034
3 4034 4037 4036
3 4037 4038 4036
3 4036 4038 557
3 4038 554 557
3 283 1163 280
3 4039 4040 283
3 1162 4041 4039
3 283 4040 1163
3 4040 4037 1163
3 4039 4041 4040
3 4041 4042 4040
3 4040 4042 4037
3 4042 4038 4037
3 1162 1161 4041
3 1161 4043 4041
3 4041 4043 4042
3 4043 4044 4042
3 4042 4044 4038
3 4044 554 4038
3 4044 4045 554
3 4043 4046 4044
3 1161 4047 4043
3 4044 4046 4045
3 4046 4048 4045
3 4043 4047 4046
3 4047 4049 4046
3 4046 4049 4048
3 4049 553 4048
3 1161 1160 4047
3 1160 4050 4047
3 4047 4050 4049
3 4050 4051 4049
3 4049 4051 553
3 4051 550 553
3 287 1160 284
3 4052 4053 287
3 1159 4054 4052
3 287 4053 1160
3 4053 4050 1160
3 4052 4054 4053
3 4054 4055 4053
3 4053 4055 4050
3 4055 4051 4050
3 1159 1158 4054
3 1158 4056 4054
3 4054 4056 4055
3 4056 4057 4055
3 4055 4057 4051
3 4057 550 4051
3 4057 4058 550
3 4056 4059 4057
3 1158 4060 4056
3 4057 4059 4058
3 4059 4061 4058
3 4056 4060 4059
3 4060 4062 4059
3 4059 4062 4061
3 4062 549 4061
3 1158 1157 4060
3 1157 4063 4060
3 4060 4063 4062
3 4063 4064 4062
3 4062 4064 549
3 4064 547 549
3 4064 4065 547
3 4063 4066 4064
3 1157 4067 4063
3 4064 4066 4065
3 4066 4068 4065
3 4063 4067 4066
3 4067 4069 4066
3 4066 4069 4068
3 4069 595 4068
3 1157 1156 4067
3 1156 4070 4067
3 4067 4070 4069
3 4070 4071 4069
3 4069 4071 595
3 4071 592 595
3 291 1156 288
3 4072 4073 291
3 1155 4074 4072
3 291 4073 1156
3 4073 4070 1156
3 4072 4074 4073
3 4074 4075 4073
3 4073 4075 4070
3 4075 4071 4070
3 1155 1154 4074
3 1154 4076 4074
3 4074 4076 4075
3 4076 4077 4075
3 4075 4077 4071
3 4077 592 4071
3 4077 4078 592
3 4076 4079 4077
3 1154 4080 4076
3 4077 4079 4078
3 4079 4081 4078
3 4076 4080 4079
3 4080 4082 4079
3 4079 4082 4081
3 4082 591 4081
3 1154 1153 4080
3 1153 4083 4080
3 4080 4083 4082
3 4083 4084 4082
3 4082 4084 591
3 4084 588 591
3 4084 4085 588
3 4083 4086 4084
3 1153 4087 4083
3 4084 4086 4085
3 4086 4088 4085
3 4083 4087 4086
3 4087 4089 4086
3 4086 4089 4088
3 4089 587 4088
3 1153 1152 4087
3 1152 4090 4087
3 4087 4090 4089
3 4090 4091 4089
3 4089 4091 587
3 4091 584 587
3 295 1152 292
3 4092 4093 295
3 1151 4094 4092
3 295 4093 1152
3 4093 4090 1152
3 4092 4094 4093
3 4094 4095 4093
3 4093 4095 4090
3 4095 4091 4090
3 1151 1150 4094
3 1150 4096 4094
3 4094 4096 4095
3 4096 4097 4095
3 4095 4097 4091
3 4097 584 4091
3 4097 4098 584
3 4096 4099 4097
3 1150 4100 4096
3 4097 4099 4098
3 4099 4101 4098
3 4096 4100 4099
3 4100 4102 4099
3 4099 4102 4101
3 4102 583 4101
3 1150 1149 4100
3 1149 4103 4100
3 4100 4103 4102
3 4103 4104 4102
3 4102 4104 583
3 4104 580 583
3 4104 4105 580
3 4103 4106 4104
3 1149 4107 4103
3 4104 4106 4105
3 4106 4108 4105
3 4103 4107 4106
3 4107 4109 4106
3 4106 4109 4108
3 4109 579 4108
3 1149 1148 4107
3 1148 4110 4107
3 4107 4110 4109
3 4110 4111 4109
3 4109 4111 579
3 4111 576 579
3 299 1148 296
3 4112 4113 299
3 1147 4114 4112
3 299 4113 1148
3 4113 4110 1148
3 4112 4114 4113
3 4114 4115 4113
3 4113 4115 4110
3 4115 4111 4110
3 1147 1146 4114
3 1146 4116 4114
3 4114 4116 4115
3 4116 4117 4115
3 4115 4117 4111
3 4117 576 4111
3 303 1146 300
3 4118 4119 303
3 1145 4120 4118
3 303 4119 1146
3 4119 4116 1146
3 4118 4120 4119
3 4120 4121 4119
3 4119 4121 4116
3 4121 4117 4116
3 1145 1144 4120
3 1144 4122 4120
3 4120 4122 4121
3 4122 4123 4121
3 4121 4123 4117
3 4123 576 4117
3 4123 4124 576
3 4122 4125 4123
3 1144 4126 4122
3 4123 4125 4124
3 4125 4127 4124
3 4122 4126 4125
3 4126 4128 4125
3 4125 4128 4127
3 4128 575 4127
3 1144 1143 4126
3 1143 4129 4126
3 4126 4129 4128
3 4129 4130 4128
3 4128 4130 575
3 4130 573 575
3 1141 1143 304
3 4131 4132 1141
3 1142 4133 4131
3 1141 4132 1143
3 4132 4129 1143
3 4131 4133 4132
3 4133 4134 4132
3 4132 4134 4129
3 4134 4130 4129
3 1142 621 4133
3 621 4135 4133
3 4133 4135 4134
3 4135 4136 4134
3 4134 4136 4130
3 4136 573 4130
3 1142 4137 618
3 4131 4138 1142
3 1141 4139 4131
3 1142 4138 4137
3 4138 4140 4137
3 4131 4139 4138
3 4139 4141 4138
3 4138 4141 4140
3 4141 617 4140
3 1141 1140 4139
3 1140 4142 4139
3 4139 4142 4141
3 4142 4143 4141
3 4141 4143 617
3 4143 614 617
3 4143 4144 614
3 4142 4145 4143
3 1140 4146 4142
3 4143 4145 4144
3 4145 4147 4144
3 4142 4146 4145
3 4146 4148 4145
3 4145 4148 4147
3 4148 613 4147
3 1140 1139 4146
3 1139 4149 4146
3 4146 4149 4148
3 4149 4150 4148
3 4148 4150 613
3 4150 610 613
3 307 1139 304
3 4151 4152 307
3 1138 4153 4151
3 307 4152 1139
3 4152 4149 1139
3 4151 4153 4152
3 4153 4154 4152
3 4152 4154 4149
3 4154 4150 4149
3 1138 1137 4153
3 1137 4155 4153
3 4153 4155 4154
3 4155 4156 4154
3 4154 4156 4150
3 4156 610 4150
3 4156 4157 610
3 4155 4158 4156
3 1137 4159 4155
3 4156 4158 4157
3 4158 4160 4157
3 4155 4159 4158
3 4159 4161 4158
3 4158 4161 4160
3 4161 609 4160
3 1137 1136 4159
3 1136 4162 4159
3 4159 4162 4161
3 4162 4163 4161
3 4161 4163 609
3 4163 606 609
3 4163 4164 606
3 4162 4165 4163
3 1136 4166 4162
3 4163 4165 4164
3 4165 4167 4164
3 4162 4166 4165
3 4166 4168 4165
3 4165 4168 4167
3 4168 605 4167
3 1136 1135 4166
3 1135 4169 4166
3 4166 4169 4168
3 4169 4170 4168
3 4168 4170 605
3 4170 602 605
3 221 1135 219
3 4171 4172 221
3 1134 4173 4171
3 221 4172 1135
3 4172 4169 1135
3 4171 4173 4172
3 4173 4174 4172
3 4172 4174 4169
3 4174 4170 4169
3 1134 1133 4173
3 1133 4175 4173
3 4173 4175 4174
3 4175 4176 4174
3 4174 4176 4170
3 4176 602 4170
3 4176 4177 602
3 4175 4178 4176
3 1133 4179 4175
3 4176 4178 4177
3 4178 4180 4177
3 4175 4179 4178
3 4179 4181 4178
3 4178 4181 4180
3 4181 601 4180
3 1133 1132 4179
3 1132 4182 4179
3 4179 4182 4181
3 4182 4183 4181
3 4181 4183 601
3 4183 599 601
3 225 1132 222
3 4184 4185 225
3 1131 4186 4184
3 225 4185 1132
3 4185 4182 1132
3 4184 4186 4185
3 4186 4187 4185
3 4185 4187 4182
3 4187 4183 4182
3 1131 1130 4186
3 1130 4188 4186
3 4186 4188 4187
3 4188 4189 4187
3 4187 4189 4183
3 4189 599 4183
3 1128 1130 226
3 4190 4191 1128
3 1129 4192 4190
3 1128 4191 1130
3 4191 4188 1130
3 4190 4192 4191
3 4192 4193 4191
3 4191 4193 4188
3 4193 4189 4188
3 1129 647 4192
3 647 4194 4192
3 4192 4194 4193
3 4194 4195 4193
3 4193 4195 4189
3 4195 599 4189
3 1129 4196 644
3 4190 4197 1129
3 1128 4198 4190
3 1129 4197 4196
3 4197 4199 4196
3 4190 4198 4197
3 4198 4200 4197
3 4197 4200 4199
3 4200 643 4199
3 1128 1127 4198
3 1127 4201 4198
3 4198 4201 4200
3 4201 4202 4200
3 4200 4202 643
3 4202 640 643
3 4202 4203 640
3 4201 4204 4202
3 1127 4205 4201
3 4202 4204 4203
3 4204 4206 4203
3 4201 4205 4204
3 4205 4207 4204
3 4204 4207 4206
3 4207 639 4206
3 1127 1126 4205
3 1126 4208 4205
3 4205 4208 4207
3 4208 4209 4207
3 4207 4209 639
3 4209 636 639
3 229 1126 226
3 4210 4211 229
3 1125 4212 4210
3 229 4211 1126
3 4211 4208 1126
3 4210 4212 4211
3 4212 4213 4211
3 4211 4213 4208
3 4213 4209 4208
3 1125 1124 4212
3 1124 4214 4212
3 4212 4214 4213
3 4214 4215 4213
3 4213 4215 4209
3 4215 636 4209
3 4215 4216 636
3 4214 4217 4215
3 1124 4218 4214
3 4215 4217 4216
3 4217 4219 4216
3 4214 4218 4217
3 4218 4220 4217
3 4217 4220 4219
3 4220 635 4219
3 1124 1123 4218
3 1123 4221 4218
3 4218 4221 4220
3 4221 4222 4220
3 4220 4222 635
3 4222 632 635
3 4222 4223 632
3 4221 4224 4222
3 1123 4225 4221
3 4222 4224 4223
3 4224 4226 4223
3 4221 4225 4224
3 4225 4227 4224
3 4224 4227 4226
3 4227 631 4226
3 1123 1122 4225
3 1122 4228 4225
3 4225 4228 4227
3 4228 4229 4227
3 4227 4229 631
3 4229 628 631
3 233 1122 230
3 4230 4231 233
3 1121 4232 4230
3 233 4231 1122
3 4231 4228 1122
3 4230 4232 4231
3 4232 4233 4231
3 4231 4233 4228
3 4233 4229 4228
3 1121 1120 4232
3 1120 4234 4232
3 4232 4234 4233
3 4234 4235 4233
3 4233 4235 4229
3 4235 628 4229
3 4235 4236 628
3 4234 4237 4235
3 1120 4238 4234
3 4235 4237 4236
3 4237 4239 4236
3 4234 4238 4237
3 4238 4240 4237
3 4237 4240 4239
3 4240 627 4239
3 1120 1119 4238
3 1119 4241 4238
3 4238 4241 4240
3 4241 4242 4240
3 4240 4242 627
3 4242 625 627
3 237 1119 234
3 4243 4244 237
3 1118 4245 4243
3 237 4244 1119
3 4244 4241 1119
3 4243 4245 4244
3 4245 4246 4244
3 4244 4246 4241
3 4246 4242 4241
3 1118 1117 4245
3 1117 4247 4245
3 4245 4247 4246
3 4247 4248 4246
3 4246 4248 4242
3 4248 625 4242
3 1260 4249 242
3 3592 4250 1260
3 1116 4251 3592
3 1260 4250 4249
3 4250 4252 4249
3 3592 4251 4250
3 4251 4253 4250
3 4250 4253 4252
3 4253 241 4252
3 1116 1115 4251
3 1115 4254 4251
3 4251 4254 4253
3 4254 4255 4253
3 4253 4255 241
3 4255 238 241
3 4255 1117 238
3 4254 4256 4255
3 1115 4257 4254
3 4255 4256 1117
3 4256 4247 1117
3 4254 4257 4256
3 4257 4258 4256
3 4256 4258 4247
3 4258 4248 4247
3 1115 1114 4257
3 1114 4259 4257
3 4257 4259 4258
3 4259 4260 4258
3 4258 4260 4248
3 4260 625 4248
3 215 1114 212
3 4261 4262 215
3 1113 4263 4261
3 215 4262 1114
3 4262 4259 1114
3 4261 4263 4262
3 4263 4264 4262
3 4262 4264 4259
3 4264 4260 4259
3 1113 1112 4263
3 1112 4265 4263
3 4263 4265 4264
3 4265 4266 4264
3 4264 4266 4260
3 4266 625 4260
3 169 1112 167
3 4267 4268 169
3 1111 4269 4267
3 169 4268 1112
3 4268 4265 1112
3 4267 4269 4268
3 4269 4270 4268
3 4268 4270 4265
3 4270 4266 4265
3 1111 1110 4269
3 1110 4271 4269
3 4269 4271 4270
3 4271 4272 4270
3 4270 4272 4266
3 4272 625 4266
3 173 1110 170
3 4273 4274 173
3 1109 4275 4273
3 173 4274 1110
3 4274 4271 1110
3 4273 4275 4274
3 4275 4276 4274
3 4274 4276 4271
3 4276 4272 4271
3 1109 1108 4275
3 1108 4277 4275
3 4275 4277 4276
3 4277 4278 4276
3 4276 4278 4272
3 4278 625 4272
3 177 1108 174
3 4279 4280 177
3 1107 4281 4279
3 177 4280 1108
3 4280 4277 1108
3 4279 4281 4280
3 4281 4282 4280
3 4280 4282 4277
3 4282 4278 4277
3 1107 1106 4281
3 1106 4283 4281
3 4281 4283 4282
3 4283 4284 4282
3 4282 4284 4278
3 4284 625 4278
3 181 1106 178
3 4285 4286 181
3 1105 4287 4285
3 181 4286 1106
3 4286 4283 1106
3 4285 4287 4286
3 4287 4288 4286
3 4286 4288 4283
3 4288 4284 4283
3 1105 1104 4287
3 1104 4289 4287
3 4287 4289 4288
3 4289 4290 4288
3 4288 4290 4284
3 4290 625 4284
3 185 1104 182
3 4291 4292 185
3 1103 4293 4291
3 185 4292 1104
3 4292 4289 1104
3 4291 4293 4292
3 4293 4294 4292
3 4292 4294 4289
3 4294 4290 4289
3 1103 1102 4293
3 1102 4295 4293
3 4293 4295 4294
3 4295 4296 4294
3 4294 4296 4290
3 4296 625 4290
3 189 1102 186
3 4297 4298 189
3 1101 4299 4297
3 189 4298 1102
3 4298 4295 1102
3 4297 4299 4298
3 4299 4300 4298
3 4298 4300 4295
3 4300 4296 4295
3 1101 1100 4299
3 1100 4301 4299
3 4299 4301 4300
3 4301 4302 4300
3 4300 4302 4296
3 4302 625 4296
3 147 1100 145
3 4303 4304 147
3 1099 4305 4303
3 147 4304 1100
3 4304 4301 1100
3 4303 4305 4304
3 4305 4306 4304
3 4304 4306 4301
3 4306 4302 4301
3 1099 1098 4305
3 1098 4307 4305
3 4305 4307 4306
3 4307 4308 4306
3 4306 4308 4302
3 4308 625 4302
3 151 1098 148
3 4309 4310 151
3 1097 4311 4309
3 151 4310 1098
3 4310 4307 1098
3 4309 4311 4310
3 4311 4312 4310
3 4310 4312 4307
3 4312 4308 4307
3 1097 1096 4311
3 1096 4313 4311
3 4311 4313 4312
3 4313 4314 4312
3 4312 4314 4308
3 4314 625 4308
3 4314 4315 625
3 4313 4316 4314
3 1096 4317 4313
3 4314 4316 4315
3 4316 4318 4315
3 4313 4317 4316
3 4317 4319 4316
3 4316 4319 4318
3 4319 673 4318
3 1096 1095 4317
3 1095 4320 4317
3 4317 4320 4319
3 4320 4321 4319
3 4319 4321 673
3 4321 670 673
3 155 1095 152
3 4322 4323 155
3 1094 4324 4322
3 155 4323 1095
3 4323 4320 1095
3 4322 4324 4323
3 4324 4325 4323
3 4323 4325 4320
3 4325 4321 4320
3 1094 1093 4324
3 1093 4326 4324
3 4324 4326 4325
3 4326 4327 4325
3 4325 4327 4321
3 4327 670 4321
3 4327 4328 670
3 4326 4329 4327
3 1093 4330 4326
3 4327 4329 4328
3 4329 4331 4328
3 4326 4330 4329
3 4330 4332 4329
3 4329 4332 4331
3 4332 669 4331
3 1093 1092 4330
3 1092 4333 4330
3 4330 4333 4332
3 4333 4334 4332
3 4332 4334 669
3 4334 666 669
3 159 1092 156
3 4335 4336 159
3 1091 4337 4335
3 159 4336 1092
3 4336 4333 1092
3 4335 4337 4336
3 4337 4338 4336
3 4336 4338 4333
3 4338 4334 4333
3 1091 1090 4337
3 1090 4339 4337
3 4337 4339 4338
3 4339 4340 4338
3 4338 4340 4334
3 4340 666 4334
3 4340 4341 666
3 4339 4342 4340
3 1090 4343 4339
3 4340 4342 4341
3 4342 4344 4341
3 4339 4343 4342
3 4343 4345 4342
3 4342 4345 4344
3 4345 665 4344
3 1090 1089 4343
3 1089 4346 4343
3 4343 4346 4345
3 4346 4347 4345
3 4345 4347 665
3 4347 662 665
3 163 1089 160
3 4348 4349 163
3 1088 4350 4348
3 163 4349 1089
3 4349 4346 1089
3 4348 4350 4349
3 4350 4351 4349
3 4349 4351 4346
3 4351 4347 4346
3 1088 1087 4350
3 1087 4352 4350
3 4350 4352 4351
3 4352 4353 4351
3 4351 4353 4347
3 4353 662 4347
3 4354 1087 119
3 4355 4356 4354
3 1082 4357 4355
3 4354 4356 1087
3 4356 4352 1087
3 4355 4357 4356
3 4357 4358 4356
3 4356 4358 4352
3 4358 4353 4352
3 1082 661 4357
3 661 4359 4357
3 4357 4359 4358
3 4359 4360 4358
3 4358 4360 4353
3 4360 662 4353
3 1081 4361 126
3 4362 4363 1081
3 1086 4364 4362
3 1081 4363 4361
3 4363 4365 4361
3 4362 4364 4363
3 4364 4366 4363
3 4363 4366 4365
3 4366 125 4365
3 1086 1085 4364
3 1085 4367 4364
3 4364 4367 4366
3 4367 4368 4366
3 4366 4368 125
3 4368 122 125
3 4368 4369 122
3 4367 4370 4368
3 1085 4371 4367
3 4368 4370 4369
3 4370 4372 4369
3 4367 4371 4370
3 4371 4373 4370
3 4370 4373 4372
3 4373 121 4372
3 1085 1084 4371
3 1084 4374 4371
3 4371 4374 4373
3 4374 4375 4373
3 4373 4375 121
3 4375 119 121
3 657 1084 654
3 4376 4377 657
3 1083 4378 4376
3 657 4377 1084
3 4377 4374 1084
3 4376 4378 4377
3 4378 4379 4377
3 4377 4379 4374
3 4379 4375 4374
3 1083 1082 4378
3 1082 4355 4378
3 4378 4355 4379
3 4355 4354 4379
3 4379 4354 4375
3 4354 119 4375
3 1086 4380 654
3 4362 4381 1086
3 1081 4382 4362
3 1086 4381 4380
3 4381 4383 4380
3 4362 4382 4381
3 4382 4384 4381
3 4381 4384 4383
3 4384 653 4383
3 1081 1080 4382
3 1080 4385 4382
3 4382 4385 4384
3 4385 4386 4384
3 4384 4386 653
3 4386 651 653
3 4386 4387 651
3 4385 4388 4386
3 1080 4389 4385
3 4386 4388 4387
3 4388 4390 4387
3 4385 4389 4388
3 4389 4391 4388
3 4388 4391 4390
3 4391 703 4390
3 1080 1079 4389
3 1079 4392 4389
3 4389 4392 4391
3 4392 4393 4391
3 4391 4393 703
3 4393 700 703
3 129 1079 126
3 4394 4395 129
3 1078 4396 4394
3 129 4395 1079
3 4395 4392 1079
3 4394 4396 4395
3 4396 4397 4395
3 4395 4397 4392
3 4397 4393 4392
3 1078 1077 4396
3 1077 4398 4396
3 4396 4398 4397
3 4398 4399 4397
3 4397 4399 4393
3 4399 700 4393
3 4399 4400 700
3 4398 4401 4399
3 1077 4402 4398
3 4399 4401 4400
3 4401 4403 4400
3 4398 4402 4401
3 4402 4404 4401
3 4401 4404 4403
3 4404 699 4403
3 1077 1076 4402
3 1076 4405 4402
3 4402 4405 4404
3 4405 4406 4404
3 4404 4406 699
3 4406 696 699
3 4406 4407 696
3 4405 4408 4406
3 1076 4409 4405
3 4406 4408 4407
3 4408 4410 4407
3 4405 4409 4408
3 4409 4411 4408
3 4408 4411 4410
3 4411 695 4410
3 1076 1075 4409
3 1075 4412 4409
3 4409 4412 4411
3 4412 4413 4411
3 4411 4413 695
3 4413 692 695
3 133 1075 130
3 4414 4415 133
3 1074 4416 4414
3 133 4415 1075
3 4415 4412 1075
3 4414 4416 4415
3 4416 4417 4415
3 4415 4417 4412
3 4417 4413 4412
3 1074 1073 4416
3 1073 4418 4416
3 4416 4418 4417
3 4418 4419 4417
3 4417 4419 4413
3 4419 692 4413
3 1071 1073 134
3 4420 4421 1071
3 1072 4422 4420
3 1071 4421 1073
3 4421 4418 1073
3 4420 4422 4421
3 4422 4423 4421
3 4421 4423 4418
3 4423 4419 4418
3 1072 691 4422
3 691 4424 4422
3 4422 4424 4423
3 4424 4425 4423
3 4423 4425 4419
3 4425 692 4419
3 1072 4426 688
3 4420 4427 1072
3 1071 4428 4420
3 1072 4427 4426
3 4427 4429 4426
3 4420 4428 4427
3 4428 4430 4427
3 4427 4430 4429
3 4430 687 4429
3 1071 1070 4428
3 1070 4431 4428
3 4428 4431 4430
3 4431 4432 4430
3 4430 4432 687
3 4432 684 687
3 4432 4433 684
3 4431 4434 4432
3 1070 4435 4431
3 4432 4434 4433
3 4434 4436 4433
3 4431 4435 4434
3 4435 4437 4434
3 4434 4437 4436
3 4437 683 4436
3 1070 1069 4435
3 1069 4438 4435
3 4435 4438 4437
3 4438 4439 4437
3 4437 4439 683
3 4439 680 683
3 137 1069 134
3 4440 4441 137
3 1068 4442 4440
3 137 4441 1069
3 4441 4438 1069
3 4440 4442 4441
3 4442 4443 4441
3 4441 4443 4438
3 4443 4439 4438
3 1068 1067 4442
3 1067 4444 4442
3 4442 4444 4443
3 4444 4445 4443
3 4443 4445 4439
3 4445 680 4439
3 1065 1067 138
3 4446 4447 1065
3 1066 4448 4446
3 1065 4447 1067
3 4447 4444 1067
3 4446 4448 4447
3 4448 4449 4447
3 4447 4449 4444
3 4449 4445 4444
3 1066 679 4448
3 679 4450 4448
3 4448 4450 4449
3 4450 4451 4449
3 4449 4451 4445
3 4451 680 4445
3 1066 4452 677
3 4446 4453 1066
3 1065 4454 4446
3 1066 4453 4452
3 4453 4455 4452
3 4446 4454 4453
3 4454 4456 4453
3 4453 4456 4455
3 4456 741 4455
3 1065 1064 4454
3 1064 4457 4454
3 4454 4457 4456
3 4457 4458 4456
3 4456 4458 741
3 4458 738 741
3 4458 4459 738
3 4457 4460 4458
3 1064 4461 4457
3 4458 4460 4459
3 4460 4462 4459
3 4457 4461 4460
3 4461 4463 4460
3 4460 4463 4462
3 4463 737 4462
3 1064 1063 4461
3 1063 4464 4461
3 4461 4464 4463
3 4464 4465 4463
3 4463 4465 737
3 4465 734 737
3 1061 1063 138
3 4466 4467 1061
3 1062 4468 4466
3 1061 4467 1063
3 4467 4464 1063
3 4466 4468 4467
3 4468 4469 4467
3 4467 4469 4464
3 4469 4465 4464
3 1062 733 4468
3 733 4470 4468
3 4468 4470 4469
3 4470 4471 4469
3 4469 4471 4465
3 4471 734 4465
3 1062 4472 730
3 4466 4473 1062
3 1061 4474 4466
3 1062 4473 4472
3 4473 4475 4472
3 4466 4474 4473
3 4474 4476 4473
3 4473 4476 4475
3 4476 729 4475
3 1061 1060 4474
3 1060 4477 4474
3 4474 4477 4476
3 4477 4478 4476
3 4476 4478 729
3 4478 726 729
3 4478 4479 726
3 4477 4480 4478
3 1060 4481 4477
3 4478 4480 4479
3 4480 4482 4479
3 4477 4481 4480
3 4481 4483 4480
3 4480 4483 4482
3 4483 725 4482
3 1060 1059 4481
3 1059 4484 4481
3 4481 4484 4483
3 4484 4485 4483
3 4483 4485 725
3 4485 722 725
3 1057 1059 138
3 4486 4487 1057
3 1058 4488 4486
3 1057 4487 1059
3 4487 4484 1059
3 4486 4488 4487
3 4488 4489 4487
3 4487 4489 4484
3 4489 4485 4484
3 1058 721 4488
3 721 4490 4488
3 4488 4490 4489
3 4490 4491 4489
3 4489 4491 4485
3 4491 722 4485
3 1058 4492 718
3 4486 4493 1058
3 1057 4494 4486
3 1058 4493 4492
3 4493 4495 4492
3 4486 4494 4493
3 4494 4496 4493
3 4493 4496 4495
3 4496 717 4495
3 1057 1056 4494
3 1056 4497 4494
3 4494 4497 4496
3 4497 4498 4496
3 4496 4498 717
3 4498 714 717
3 4498 4499 714
3 4497 4500 4498
3 1056 4501 4497
3 4498 4500 4499
3 4500 4502 4499
3 4497 4501 4500
3 4501 4503 4500
3 4500 4503 4502
3 4503 713 4502
3 1056 1055 4501
3 1055 4504 4501
3 4501 4504 4503
3 4504 4505 4503
3 4503 4505 713
3 4505 710 713
3 141 1055 138
3 4506 4507 141
3 1054 4508 4506
3 141 4507 1055
3 4507 4504 1055
3 4506 4508 4507
3 4508 4509 4507
3 4507 4509 4504
3 4509 4505 4504
3 1054 1053 4508
3 1053 4510 4508
3 4508 4510 4509
3 4510 4511 4509
3 4509 4511 4505
3 4511 710 4505
3 1049 1053 93
3 4512 4513 1049
3 1052 4514 4512
3 1049 4513 1053
3 4513 4510 1053
3 4512 4514 4513
3 4514 4515 4513
3 4513 4515 4510
3 4515 4511 4510
3 1052 1051 4514
3 1051 4516 4514
3 4514 4516 4515
3 4516 4517 4515
3 4515 4517 4511
3 4517 710 4511
3 799 1051 796
3 4518 4519 799
3 1050 4520 4518
3 799 4519 1051
3 4519 4516 1051
3 4518 4520 4519
3 4520 4521 4519
3 4519 4521 4516
3 4521 4517 4516
3 1050 709 4520
3 709 4522 4520
3 4520 4522 4521
3 4522 4523 4521
3 4521 4523 4517
3 4523 710 4517
3 1052 4524 796
3 4512 4525 1052
3 1049 4526 4512
3 1052 4525 4524
3 4525 4527 4524
3 4512 4526 4525
3 4526 4528 4525
3 4525 4528 4527
3 4528 795 4527
3 1049 1048 4526
3 1048 4529 4526
3 4526 4529 4528
3 4529 4530 4528
3 4528 4530 795
3 4530 792 795
3 4530 4531 792
3 4529 4532 4530
3 1048 4533 4529
3 4530 4532 4531
3 4532 4534 4531
3 4529 4533 4532
3 4533 4535 4532
3 4532 4535 4534
3 4535 791 4534
3 1048 1047 4533
3 1047 4536 4533
3 4533 4536 4535
3 4536 4537 4535
3 4535 4537 791
3 4537 788 791
3 1045 1047 93
3 4538 4539 1045
3 1046 4540 4538
3 1045 4539 1047
3 4539 4536 1047
3 4538 4540 4539
3 4540 4541 4539
3 4539 4541 4536
3 4541 4537 4536
3 1046 787 4540
3 787 4542 4540
3 4540 4542 4541
3 4542 4543 4541
3 4541 4543 4537
3 4543 788 4537
3 1046 4544 784
3 4538 4545 1046
3 1045 4546 4538
3 1046 4545 4544
3 4545 4547 4544
3 4538 4546 4545
3 4546 4548 4545
3 4545 4548 4547
3 4548 783 4547
3 1045 1044 4546
3 1044 4549 4546
3 4546 4549 4548
3 4549 4550 4548
3 4548 4550 783
3 4550 780 783
3 4550 4551 780
3 4549 4552 4550
3 1044 4553 4549
3 4550 4552 4551
3 4552 4554 4551
3 4549 4553 4552
3 4553 4555 4552
3 4552 4555 4554
3 4555 779 4554
3 1044 1043 4553
3 1043 4556 4553
3 4553 4556 4555
3 4556 4557 4555
3 4555 4557 779
3 4557 776 779
3 1041 1043 93
3 4558 4559 1041
3 1042 4560 4558
3 1041 4559 1043
3 4559 4556 1043
3 4558 4560 4559
3 4560 4561 4559
3 4559 4561 4556
3 4561 4557 4556
3 1042 775 4560
3 775 4562 4560
3 4560 4562 4561
3 4562 4563 4561
3 4561 4563 4557
3 4563 776 4557
3 1042 4564 772
3 4558 4565 1042
3 1041 4566 4558
3 1042 4565 4564
3 4565 4567 4564
3 4558 4566 4565
3 4566 4568 4565
3 4565 4568 4567
3 4568 771 4567
3 1041 1040 4566
3 1040 4569 4566
3 4566 4569 4568
3 4569 4570 4568
3 4568 4570 771
3 4570 768 771
3 4570 4571 768
3 4569 4572 4570
3 1040 4573 4569
3 4570 4572 4571
3 4572 4574 4571
3 4569 4573 4572
3 4573 4575 4572
3 4572 4575 4574
3 4575 767 4574
3 1040 1039 4573
3 1039 4576 4573
3 4573 4576 4575
3 4576 4577 4575
3 4575 4577 767
3 4577 764 767
3 1037 1039 93
3 4578 4579 1037
3 1038 4580 4578
3 1037 4579 1039
3 4579 4576 1039
3 4578 4580 4579
3 4580 4581 4579
3 4579 4581 4576
3 4581 4577 4576
3 1038 763 4580
3 763 4582 4580
3 4580 4582 4581
3 4582 4583 4581
3 4581 4583 4577
3 4583 764 4577
3 1038 4584 760
3 4578 4585 1038
3 1037 4586 4578
3 1038 4585 4584
3 4585 4587 4584
3 4578 4586 4585
3 4586 4588 4585
3 4585 4588 4587
3 4588 759 4587
3 1037 1036 4586
3 1036 4589 4586
3 4586 4589 4588
3 4589 4590 4588
3 4588 4590 759
3 4590 756 759
3 4590 4591 756
3 4589 4592 4590
3 1036 4593 4589
3 4590 4592 4591
3 4592 4594 4591
3 4589 4593 4592
3 4593 4595 4592
3 4592 4595 4594
3 4595 755 4594
3 1036 1035 4593
3 1035 4596 4593
3 4593 4596 4595
3 4596 4597 4595
3 4595 4597 755
3 4597 752 755
3 95 1035 93
3 4598 4599 95
3 1034 4600 4598
3 95 4599 1035
3 4599 4596 1035
3 4598 4600 4599
3 4600 4601 4599
3 4599 4601 4596
3 4601 4597 4596
3 1034 1033 4600
3 1033 4602 4600
3 4600 4602 4601
3 4602 4603 4601
3 4601 4603 4597
3 4603 752 4597
3 4603 4604 752
3 4602 4605 4603
3 1033 4606 4602
3 4603 4605 4604
3 4605 4607 4604
3 4602 4606 4605
3 4606 4608 4605
3 4605 4608 4607
3 4608 751 4607
3 1033 1032 4606
3 1032 4609 4606
3 4606 4609 4608
3 4609 4610 4608
3 4608 4610 751
3 4610 748 751
3 99 1032 96
3 4611 4612 99
3 1031 4613 4611
3 99 4612 1032
3 4612 4609 1032
3 4611 4613 4612
3 4613 4614 4612
3 4612 4614 4609
3 4614 4610 4609
3 1031 1030 4613
3 1030 4615 4613
3 4613 4615 4614
3 4615 4616 4614
3 4614 4616 4610
3 4616 748 4610
3 4616 4617 748
3 4615 4618 4616
3 1030 4619 4615
3 4616 4618 4617
3 4618 4620 4617
3 4615 4619 4618
3 4619 4621 4618
3 4618 4621 4620
3 4621 747 4620
3 1030 1029 4619
3 1029 4622 4619
3 4619 4622 4621
3 4622 4623 4621
3 4621 4623 747
3 4623 745 747
3 4623 4624 745
3 4622 4625 4623
3 1029 4626 4622
3 4623 4625 4624
3 4625 4627 4624
3 4622 4626 4625
3 4626 4628 4625
3 4625 4628 4627
3 4628 857 4627
3 1029 1028 4626
3 1028 4629 4626
3 4626 4629 4628
3 4629 4630 4628
3 4628 4630 857
3 4630 854 857
3 103 1028 100
3 4631 4632 103
3 1027 4633 4631
3 103 4632 1028
3 4632 4629 1028
3 4631 4633 4632
3 4633 4634 4632
3 4632 4634 4629
3 4634 4630 4629
3 1027 1026 4633
3 1026 4635 4633
3 4633 4635 4634
3 4635 4636 4634
3 4634 4636 4630
3 4636 854 4630
3 4636 4637 854
3 4635 4638 4636
3 1026 4639 4635
3 4636 4638 4637
3 4638 4640 4637
3 4635 4639 4638
3 4639 4641 4638
3 4638 4641 4640
3 4641 853 4640
3 1026 1025 4639
3 1025 4642 4639
3 4639 4642 4641
3 4642 4643 4641
3 4641 4643 853
3 4643 850 853
3 4643 4644 850
3 4642 4645 4643
3 1025 4646 4642
3 4643 4645 4644
3 4645 4647 4644
3 4642 4646 4645
3 4646 4648 4645
3 4645 4648 4647
3 4648 849 4647
3 1025 1024 4646
3 1024 4649 4646
3 4646 4649 4648
3 4649 4650 4648
3 4648 4650 849
3 4650 846 849
3 107 1024 104
3 4651 4652 107
3 1023 4653 4651
3 107 4652 1024
3 4652 4649 1024
3 4651 4653 4652
3 4653 4654 4652
3 4652 4654 4649
3 4654 4650 4649
3 1023 1022 4653
3 1022 4655 4653
3 4653 4655 4654
3 4655 4656 4654
3 4654 4656 4650
3 4656 846 4650
3 4656 4657 846
3 4655 4658 4656
3 1022 4659 4655
3 4656 4658 4657
3 4658 4660 4657
3 4655 4659 4658
3 4659 4661 4658
3 4658 4661 4660
3 4661 845 4660
3 1022 1021 4659
3 1021 4662 4659
3 4659 4662 4661
3 4662 4663 4661
3 4661 4663 845
3 4663 842 845
3 111 1021 108
3 4664 4665 111
3 1020 4666 4664
3 111 4665 1021
3 4665 4662 1021
3 4664 4666 4665
3 4666 4667 4665
3 4665 4667 4662
3 4667 4663 4662
3 1020 1019 4666
3 1019 4668 4666
3 4666 4668 4667
3 4668 4669 4667
3 4667 4669 4663
3 4669 842 4663
3 4669 4670 842
3 4668 4671 4669
3 1019 4672 4668
3 4669 4671 4670
3 4671 4673 4670
3 4668 4672 4671
3 4672 4674 4671
3 4671 4674 4673
3 4674 841 4673
3 1019 1018 4672
3 1018 4675 4672
3 4672 4675 4674
3 4675 4676 4674
3 4674 4676 841
3 4676 838 841
3 4676 4677 838
3 4675 4678 4676
3 1018 4679 4675
3 4676 4678 4677
3 4678 4680 4677
3 4675 4679 4678
3 4679 4681 4678
3 4678 4681 4680
3 4681 837 4680
3 1018 1017 4679
3 1017 4682 4679
3 4679 4682 4681
3 4682 4683 4681
3 4681 4683 837
3 4683 834 837
3 115 1017 112
3 4684 4685 115
3 1016 4686 4684
3 115 4685 1017
3 4685 4682 1017
3 4684 4686 4685
3 4686 4687 4685
3 4685 4687 4682
3 4687 4683 4682
3 1016 1015 4686
3 1015 4688 4686
3 4686 4688 4687
3 4688 4689 4687
3 4687 4689 4683
3 4689 834 4683
3 1013 1015 67
3 4690 4691 1013
3 1014 4692 4690
3 1013 4691 1015
3 4691 4688 1015
3 4690 4692 4691
3 4692 4693 4691
3 4691 4693 4688
3 4693 4689 4688
3 1014 833 4692
3 833 4694 4692
3 4692 4694 4693
3 4694 4695 4693
3 4693 4695 4689
3 4695 834 4689
3 1014 4696 830
3 4690 4697 1014
3 1013 4698 4690
3 1014 4697 4696
3 4697 4699 4696
3 4690 4698 4697
3 4698 4700 4697
3 4697 4700 4699
3 4700 829 4699
3 1013 1012 4698
3 1012 4701 4698
3 4698 4701 4700
3 4701 4702 4700
3 4700 4702 829
3 4702 826 829
3 4702 4703 826
3 4701 4704 4702
3 1012 4705 4701
3 4702 4704 4703
3 4704 4706 4703
3 4701 4705 4704
3 4705 4707 4704
3 4704 4707 4706
3 4707 825 4706
3 1012 1011 4705
3 1011 4708 4705
3 4705 4708 4707
3 4708 4709 4707
3 4707 4709 825
3 4709 822 825
3 69 1011 67
3 4710 4711 69
3 1010 4712 4710
3 69 4711 1011
3 4711 4708 1011
3 4710 4712 4711
3 4712 4713 4711
3 4711 4713 4708
3 4713 4709 4708
3 1010 1009 4712
3 1009 4714 4712
3 4712 4714 4713
3 4714 4715 4713
3 4713 4715 4709
3 4715 822 4709
3 4715 4716 822
3 4714 4717 4715
3 1009 4718 4714
3 4715 4717 4716
3 4717 4719 4716
3 4714 4718 4717
3 4718 4720 4717
3 4717 4720 4719
3 4720 821 4719
3 1009 1008 4718
3 1008 4721 4718
3 4718 4721 4720
3 4721 4722 4720
3 4720 4722 821
3 4722 818 821
3 73 1008 70
3 4723 4724 73
3 1007 4725 4723
3 73 4724 1008
3 4724 4721 1008
3 4723 4725 4724
3 4725 4726 4724
3 4724 4726 4721
3 4726 4722 4721
3 1007 1006 4725
3 1006 4727 4725
3 4725 4727 4726
3 4727 4728 4726
3 4726 4728 4722
3 4728 818 4722
3 4728 4729 818
3 4727 4730 4728
3 1006 4731 4727
3 4728 4730 4729
3 4730 4732 4729
3 4727 4731 4730
3 4731 4733 4730
3 4730 4733 4732
3 4733 817 4732
3 1006 1005 4731
3 1005 4734 4731
3 4731 4734 4733
3 4734 4735 4733
3 4733 4735 817
3 4735 814 817
3 77 1005 74
3 4736 4737 77
3 1004 4738 4736
3 77 4737 1005
3 4737 4734 1005
3 4736 4738 4737
3 4738 4739 4737
3 4737 4739 4734
3 4739 4735 4734
3 1004 1003 4738
3 1003 4740 4738
3 4738 4740 4739
3 4740 4741 4739
3 4739 4741 4735
3 4741 814 4735
3 4741 4742 814
3 4740 4743 4741
3 1003 4744 4740
3 4741 4743 4742
3 4743 4745 4742
3 4740 4744 4743
3 4744 4746 4743
3 4743 4746 4745
3 4746 813 4745
3 1003 1002 4744
3 1002 4747 4744
3 4744 4747 4746
3 4747 4748 4746
3 4746 4748 813
3 4748 810 813
3 81 1002 78
3 4749 4750 81
3 1001 4751 4749
3 81 4750 1002
3 4750 4747 1002
3 4749 4751 4750
3 4751 4752 4750
3 4750 4752 4747
3 4752 4748 4747
3 1001 1000 4751
3 1000 4753 4751
3 4751 4753 4752
3 4753 4754 4752
3 4752 4754 4748
3 4754 810 4748
3 4754 4755 810
3 4753 4756 4754
3 1000 4757 4753
3 4754 4756 4755
3 4756 4758 4755
3 4753 4757 4756
3 4757 4759 4756
3 4756 4759 4758
3 4759 809 4758
3 1000 999 4757
3 999 4760 4757
3 4757 4760 4759
3 4760 4761 4759
3 4759 4761 809
3 4761 806 809
3 85 999 82
3 4762 4763 85
3 998 4764 4762
3 85 4763 999
3 4763 4760 999
3 4762 4764 4763
3 4764 4765 4763
3 4763 4765 4760
3 4765 4761 4760
3 998 997 4764
3 997 4766 4764
3 4764 4766 4765
3 4766 4767 4765
3 4765 4767 4761
3 4767 806 4761
3 4767 4768 806
3 4766 4769 4767
3 997 4770 4766
3 4767 4769 4768
3 4769 4771 4768
3 4766 4770 4769
3 4770 4772 4769
3 4769 4772 4771
3 4772 805 4771
3 997 996 4770
3 996 4773 4770
3 4770 4773 4772
3 4773 4774 4772
3 4772 4774 805
3 4774 803 805
3 89 996 86
3 4775 4776 89
3 995 4777 4775
3 89 4776 996
3 4776 4773 996
3 4775 4777 4776
3 4777 4778 4776
3 4776 4778 4773
3 4778 4774 4773
3 995 994 4777
3 994 4779 4777
3 4777 4779 4778
3 4779 4780 4778
3 4778 4780 4774
3 4780 803 4774
3 992 994 9
3 4781 4782 992
3 993 4783 4781
3 992 4782 994
3 4782 4779 994
3 4781 4783 4782
3 4783 4784 4782
3 4782 4784 4779
3 4784 4780 4779
3 993 955 4783
3 955 4785 4783
3 4783 4785 4784
3 4785 4786 4784
3 4784 4786 4780
3 4786 803 4780
3 993 4787 952
3 4781 4788 993
3 992 4789 4781
3 993 4788 4787
3 4788 4790 4787
3 4781 4789 4788
3 4789 4791 4788
3 4788 4791 4790
3 4791 951 4790
3 992 991 4789
3 991 4792 4789
3 4789 4792 4791
3 4792 4793 4791
3 4791 4793 951
3 4793 948 951
3 4793 4794 948
3 4792 4795 4793
3 991 4796 4792
3 4793 4795 4794
3 4795 4797 4794
3 4792 4796 4795
3 4796 4798 4795
3 4795 4798 4797
3 4798 947 4797
3 991 990 4796
3 990 4799 4796
3 4796 4799 4798
3 4799 4800 4798
3 4798 4800 947
3 4800 944 947
3 988 990 9
3 4801 4802 988
3 989 4803 4801
3 988 4802 990
3 4802 4799 990
3 4801 4803 4802
3 4803 4804 4802
3 4802 4804 4799
3 4804 4800 4799
3 989 943 4803
3 943 4805 4803
3 4803 4805 4804
3 4805 4806 4804
3 4804 4806 4800
3 4806 944 4800
3 989 4807 940
3 4801 4808 989
3 988 4809 4801
3 989 4808 4807
3 4808 4810 4807
3 4801 4809 4808
3 4809 4811 4808
3 4808 4811 4810
3 4811 939 4810
3 988 987 4809
3 987 4812 4809
3 4809 4812 4811
3 4812 4813 4811
3 4811 4813 939
3 4813 936 939
3 4813 4814 936
3 4812 4815 4813
3 987 4816 4812
3 4813 4815 4814
3 4815 4817 4814
3 4812 4816 4815
3 4816 4818 4815
3 4815 4818 4817
3 4818 935 4817
3 987 986 4816
3 986 4819 4816
3 4816 4819 4818
3 4819 4820 4818
3 4818 4820 935
3 4820 932 935
3 984 986 9
3 4821 4822 984
3 985 4823 4821
3 984 4822 986
3 4822 4819 986
3 4821 4823 4822
3 4823 4824 4822
3 4822 4824 4819
3 4824 4820 4819
3 985 931 4823
3 931 4825 4823
3 4823 4825 4824
3 4825 4826 4824
3 4824 4826 4820
3 4826 932 4820
3 985 4827 928
3 4821 4828 985
3 984 4829 4821
3 985 4828 4827
3 4828 4830 4827
3 4821 4829 4828
3 4829 4831 4828
3 4828 4831 4830
3 4831 927 4830
3 984 983 4829
3 983 4832 4829
3 4829 4832 4831
3 4832 4833 4831
3 4831 4833 927
3 4833 924 927
3 4833 4834 924
3 4832 4835 4833
3 983 4836 4832
3 4833 4835 4834
3 4835 4837 4834
3 4832 4836 4835
3 4836 4838 4835
3 4835 4838 4837
3 4838 923 4837
3 983 982 4836
3 982 4839 4836
3 4836 4839 4838
3 4839 4840 4838
3 4838 4840 923
3 4840 920 923
3 980 982 9
3 4841 4842 980
3 981 4843 4841
3 980 4842 982
3 4842 4839 982
3 4841 4843 4842
3 4843 4844 4842
3 4842 4844 4839
3 4844 4840 4839
3 981 919 4843
3 919 4845 4843
3 4843 4845 4844
3 4845 4846 4844
3 4844 4846 4840
3 4846 920 4840
3 981 4847 916
3 4841 4848 981
3 980 4849 4841
3 981 4848 4847
3 4848 4850 4847
3 4841 4849 4848
3 4849 4851 4848
3 4848 4851 4850
3 4851 915 4850
3 980 979 4849
3 979 4852 4849
3 4849 4852 4851
3 4852 4853 4851
3 4851 4853 915
3 4853 912 915
3 4853 4854 912
3 4852 4855 4853
3 979 4856 4852
3 4853 4855 4854
3 4855 4857 4854
3 4852 4856 4855
3 4856 4858 4855
3 4855 4858 4857
3 4858 911 4857
3 979 978 4856
3 978 4859 4856
3 4856 4859 4858
3 4859 4860 4858
3 4858 4860 911
3 4860 908 911
3 976 978 9
3 4861 4862 976
3 977 4863 4861
3 976 4862 978
3 4862 4859 978
3 4861 4863 4862
3 4863 4864 4862
3 4862 4864 4859
3 4864 4860 4859
3 977 907 4863
3 907 4865 4863
3 4863 4865 4864
3 4865 4866 4864
3 4864 4866 4860
3 4866 908 4860
3 977 4867 904
3 4861 4868 977
3 976 4869 4861
3 977 4868 4867
3 4868 4870 4867
3 4861 4869 4868
3 4869 4871 4868
3 4868 4871 4870
3 4871 903 4870
3 976 975 4869
3 975 4872 4869
3 4869 4872 4871
3 4872 4873 4871
3 4871 4873 903
3 4873 900 903
3 4873 4874 900
3 4872 4875 4873
3 975 4876 4872
3 4873 4875 4874
3 4875 4877 4874
3 4872 4876 4875
3 4876 4878 4875
3 4875 4878 4877
3 4878 899 4877
3 975 974 4876
3 974 4879 4876
3 4876 4879 4878
3 4879 4880 4878
3 4878 4880 899
3 4880 896 899
3 972 974 9
3 4881 4882 972
3 973 4883 4881
3 972 4882 974
3 4882 4879 974
3 4881 4883 4882
3 4883 4884 4882
3 4882 4884 4879
3 4884 4880 4879
3 973 895 4883
3 895 4885 4883
3 4883 4885 4884
3 4885 4886 4884
3 4884 4886 4880
3 4886 896 4880
3 973 4887 892
3 4881 4888 973
3 972 4889 4881
3 973 4888 4887
3 4888 4890 4887
3 4881 4889 4888
3 4889 4891 4888
3 4888 4891 4890
3 4891 891 4890
3 972 971 4889
3 971 4892 4889
3 4889 4892 4891
3 4892 4893 4891
3 4891 4893 891
3 4893 888 891
3 4893 4894 888
3 4892 4895 4893
3 971 4896 4892
3 4893 4895 4894
3 4895 4897 4894
3 4892 4896 4895
3 4896 4898 4895
3 4895 4898 4897
3 4898 887 4897
3 971 970 4896
3 970 4899 4896
3 4896 4899 4898
3 4899 4900 4898
3 4898 4900 887
3 4900 884 887
3 968 970 9
3 4901 4902 968
3 969 4903 4901
3 968 4902 970
3 4902 4899 970
3 4901 4903 4902
3 4903 4904 4902
3 4902 4904 4899
3 4904 4900 4899
3 969 883 4903
3 883 4905 4903
3 4903 4905 4904
3 4905 4906 4904
3 4904 4906 4900
3 4906 884 4900
3 969 4907 880
3 4901 4908 969
3 968 4909 4901
3 969 4908 4907
3 4908 4910 4907
3 4901 4909 4908
3 4909 4911 4908
3 4908 4911 4910
3 4911 879 4910
3 968 967 4909
3 967 4912 4909
3 4909 4912 4911
3 4912 4913 4911
3 4911 4913 879
3 4913 876 879
3 4913 4914 876
3 4912 4915 4913
3 967 4916 4912
3 4913 4915 4914
3 4915 4917 4914
3 4912 4916 4915
3 4916 4918 4915
3 4915 4918 4917
3 4918 875 4917
3 967 966 4916
3 966 4919 4916
3 4916 4919 4918
3 4919 4920 4918
3 4918 4920 875
3 4920 872 875
3 4921 966 9
3 4922 4923 4921
3 961 4924 4922
3 4921 4923 966
3 4923 4919 966
3 4922 4924 4923
3 4924 4925 4923
3 4923 4925 4919
3 4925 4920 4919
3 961 871 4924
3 871 4926 4924
3 4924 4926 4925
3 4926 4927 4925
3 4925 4927 4920
3 4927 872 4920
3 1268 4928 16
3 3551 4929 1268
3 965 4930 3551
3 1268 4929 4928
3 4929 4931 4928
3 3551 4930 4929
3 4930 4932 4929
3 4929 4932 4931
3 4932 15 4931
3 965 964 4930
3 964 4933 4930
3 4930 4933 4932
3 4933 4934 4932
3 4932 4934 15
3 4934 12 15
3 4934 4935 12
3 4933 4936 4934
3 964 4937 4933
3 4934 4936 4935
3 4936 4938 4935
3 4933 4937 4936
3 4937 4939 4936
3 4936 4939 4938
3 4939 11 4938
3 964 963 4937
3 963 4940 4937
3 4937 4940 4939
3 4940 4941 4939
3 4939 4941 11
3 4941 9 11
3 867 963 864
3 4942 4943 867
3 962 4944 4942
3 867 4943 963
3 4943 4940 963
3 4942 4944 4943
3 4944 4945 4943
3 4943 4945 4940
3 4945 4941 4940
3 962 961 4944
3 961 4922 4944
3 4944 4922 4945
3 4922 4921 4945
3 4945 4921 4941
3 4921 9 4941
3 1271 4946 36
3 3529 4947 1271
3 960 4948 3529
3 1271 4947 4946
3 4947 4949 4946
3 3529 4948 4947
3 4948 4950 4947
3 4947 4950 4949
3 4950 35 4949
3 960 959 4948
3 959 4951 4948
3 4948 4951 4950
3 4951 4952 4950
3 4950 4952 35
3 4952 32 35
3 4952 4953 32
3 4951 4954 4952
3 959 4955 4951
3 4952 4954 4953
3 4954 4956 4953
3 4951 4955 4954
3 4955 4957 4954
3 4954 4957 4956
3 4957 31 4956
3 959 958 4955
3 958 4958 4955
3 4955 4958 4957
3 4958 4959 4957
3 4957 4959 31
3 4959 28 31
3 863 958 861
3 4960 4961 863
3 957 4962 4960
3 863 4961 958
3 4961 4958 958
3 4960 4962 4961
3 4962 4963 4961
3 4961 4963 4958
3 4963 4959 4958
3 957 956 4962
3 956 3537 4962
3 4962 3537 4963
3 3537 3535 4963
3 4963 3535 4959
3 3535 28 4959
3 4786 4964 803
3 4785 4965 4786
3 955 4966 4785
3 4786 4965 4964
3 4965 4967 4964
3 4785 4966 4965
3 4966 4968 4965
3 4965 4968 4967
3 4968 802 4967
3 955 954 4966
3 954 4969 4966
3 4966 4969 4968
3 4969 4970 4968
3 4968 4970 802
3 4970 800 802
3 4970 3482 800
3 4969 4971 4970
3 954 4972 4969
3 4970 4971 3482
3 4971 3483 3482
3 4969 4972 4971
3 4972 4973 4971
3 4971 4973 3483
3 4973 1282 3483
3 954 953 4972
3 953 4974 4972
3 4972 4974 4973
3 4974 4975 4973
3 4973 4975 1282
3 4975 1280 1282
3 4787 953 952
3 4790 4976 4787
3 951 4977 4790
3 4787 4976 953
3 4976 4974 953
3 4790 4977 4976
3 4977 4978 4976
3 4976 4978 4974
3 4978 4975 4974
3 951 950 4977
3 950 4979 4977
3 4977 4979 4978
3 4979 4980 4978
3 4978 4980 4975
3 4980 1280 4975
3 4980 1376 1280
3 4979 4981 4980
3 950 4982 4979
3 4980 4981 1376
3 4981 3173 1376
3 4979 4982 4981
3 4982 4983 4981
3 4981 4983 3173
3 4983 3174 3173
3 950 949 4982
3 949 4984 4982
3 4982 4984 4983
3 4984 4985 4983
3 4983 4985 3174
3 4985 3167 3174
3 4794 949 948
3 4797 4986 4794
3 947 4987 4797
3 4794 4986 949
3 4986 4984 949
3 4797 4987 4986
3 4987 4988 4986
3 4986 4988 4984
3 4988 4985 4984
3 947 946 4987
3 946 4989 4987
3 4987 4989 4988
3 4989 4990 4988
3 4988 4990 4985
3 4990 3167 4985
3 4990 3164 3167
3 4989 4991 4990
3 946 4992 4989
3 4990 4991 3164
3 4991 3162 3164
3 4989 4992 4991
3 4992 4993 4991
3 4991 4993 3162
3 4993 3159 3162
3 946 945 4992
3 945 4994 4992
3 4992 4994 4993
3 4994 4995 4993
3 4993 4995 3159
3 4995 3158 3159
3 4806 945 944
3 4805 4996 4806
3 943 4997 4805
3 4806 4996 945
3 4996 4994 945
3 4805 4997 4996
3 4997 4998 4996
3 4996 4998 4994
3 4998 4995 4994
3 943 942 4997
3 942 4999 4997
3 4997 4999 4998
3 4999 5000 4998
3 4998 5000 4995
3 5000 3158 4995
3 5000 3155 3158
3 4999 5001 5000
3 942 5002 4999
3 5000 5001 3155
3 5001 3153 3155
3 4999 5002 5001
3 5002 5003 5001
3 5001 5003 3153
3 5003 3150 3153
3 942 941 5002
3 941 5004 5002
3 5002 5004 5003
3 5004 5005 5003
3 5003 5005 3150
3 5005 1380 3150
3 4807 941 940
3 4810 5006 4807
3 939 5007 4810
3 4807 5006 941
3 5006 5004 941
3 4810 5007 5006
3 5007 5008 5006
3 5006 5008 5004
3 5008 5005 5004
3 939 938 5007
3 938 5009 5007
3 5007 5009 5008
3 5009 5010 5008
3 5008 5010 5005
3 5010 1380 5005
3 5010 1381 1380
3 5009 5011 5010
3 938 5012 5009
3 5010 5011 1381
3 5011 3148 1381
3 5009 5012 5011
3 5012 5013 5011
3 5011 5013 3148
3 5013 3149 3148
3 938 937 5012
3 937 5014 5012
3 5012 5014 5013
3 5014 5015 5013
3 5013 5015 3149
3 5015 3143 3149
3 4814 937 936
3 4817 5016 4814
3 935 5017 4817
3 4814 5016 937
3 5016 5014 937
3 4817 5017 5016
3 5017 5018 5016
3 5016 5018 5014
3 5018 5015 5014
3 935 934 5017
3 934 5019 5017
3 5017 5019 5018
3 5019 5020 5018
3 5018 5020 5015
3 5020 3143 5015
3 5020 3140 3143
3 5019 5021 5020
3 934 5022 5019
3 5020 5021 3140
3 5021 3138 3140
3 5019 5022 5021
3 5022 5023 5021
3 5021 5023 3138
3 5023 3135 3138
3 934 933 5022
3 933 5024 5022
3 5022 5024 5023
3 5024 5025 5023
3 5023 5025 3135
3 5025 3134 3135
3 4826 933 932
3 4825 5026 4826
3 931 5027 4825
3 4826 5026 933
3 5026 5024 933
3 4825 5027 5026
3 5027 5028 5026
3 5026 5028 5024
3 5028 5025 5024
3 931 930 5027
3 930 5029 5027
3 5027 5029 5028
3 5029 5030 5028
3 5028 5030 5025
3 5030 3134 5025
3 5030 3131 3134
3 5029 5031 5030
3 930 5032 5029
3 5030 5031 3131
3 5031 3129 3131
3 5029 5032 5031
3 5032 5033 5031
3 5031 5033 3129
3 5033 3126 3129
3 930 929 5032
3 929 5034 5032
3 5032 5034 5033
3 5034 5035 5033
3 5033 5035 3126
3 5035 1386 3126
3 4827 929 928
3 4830 5036 4827
3 927 5037 4830
3 4827 5036 929
3 5036 5034 929
3 4830 5037 5036
3 5037 5038 5036
3 5036 5038 5034
3 5038 5035 5034
3 927 926 5037
3 926 5039 5037
3 5037 5039 5038
3 5039 5040 5038
3 5038 5040 5035
3 5040 1386 5035
3 5040 1387 1386
3 5039 5041 5040
3 926 5042 5039
3 5040 5041 1387
3 5041 3124 1387
3 5039 5042 5041
3 5042 5043 5041
3 5041 5043 3124
3 5043 3125 3124
3 926 925 5042
3 925 5044 5042
3 5042 5044 5043
3 5044 5045 5043
3 5043 5045 3125
3 5045 3119 3125
3 4834 925 924
3 4837 5046 4834
3 923 5047 4837
3 4834 5046 925
3 5046 5044 925
3 4837 5047 5046
3 5047 5048 5046
3 5046 5048 5044
3 5048 5045 5044
3 923 922 5047
3 922 5049 5047
3 5047 5049 5048
3 5049 5050 5048
3 5048 5050 5045
3 5050 3119 5045
3 5050 3116 3119
3 5049 5051 5050
3 922 5052 5049
3 5050 5051 3116
3 5051 3114 3116
3 5049 5052 5051
3 5052 5053 5051
3 5051 5053 3114
3 5053 3111 3114
3 922 921 5052
3 921 5054 5052
3 5052 5054 5053
3 5054 5055 5053
3 5053 5055 3111
3 5055 3110 3111
3 4846 921 920
3 4845 5056 4846
3 919 5057 4845
3 4846 5056 921
3 5056 5054 921
3 4845 5057 5056
3 5057 5058 5056
3 5056 5058 5054
3 5058 5055 5054
3 919 918 5057
3 918 5059 5057
3 5057 5059 5058
3 5059 5060 5058
3 5058 5060 5055
3 5060 3110 5055
3 5060 3107 3110
3 5059 5061 5060
3 918 5062 5059
3 5060 5061 3107
3 5061 3105 3107
3 5059 5062 5061
3 5062 5063 5061
3 5061 5063 3105
3 5063 3102 3105
3 918 917 5062
3 917 5064 5062
3 5062 5064 5063
3 5064 5065 5063
3 5063 5065 3102
3 5065 1392 3102
3 4847 917 916
3 4850 5066 4847
3 915 5067 4850
3 4847 5066 917
3 5066 5064 917
3 4850 5067 5066
3 5067 5068 5066
3 5066 5068 5064
3 5068 5065 5064
3 915 914 5067
3 914 5069 5067
3 5067 5069 5068
3 5069 5070 5068
3 5068 5070 5065
3 5070 1392 5065
3 5070 1393 1392
3 5069 5071 5070
3 914 5072 5069
3 5070 5071 1393
3 5071 3100 1393
3 5069 5072 5071
3 5072 5073 5071
3 5071 5073 3100
3 5073 3101 3100
3 914 913 5072
3 913 5074 5072
3 5072 5074 5073
3 5074 5075 5073
3 5073 5075 3101
3 5075 3095 3101
3 4854 913 912
3 4857 5076 4854
3 911 5077 4857
3 4854 5076 913
3 5076 5074 913
3 4857 5077 5076
3 5077 5078 5076
3 5076 5078 5074
3 5078 5075 5074
3 911 910 5077
3 910 5079 5077
3 5077 5079 5078
3 5079 5080 5078
3 5078 5080 5075
3 5080 3095 5075
3 5080 3092 3095
3 5079 5081 5080
3 910 5082 5079
3 5080 5081 3092
3 5081 3090 3092
3 5079 5082 5081
3 5082 5083 5081
3 5081 5083 3090
3 5083 3087 3090
3 910 909 5082
3 909 5084 5082
3 5082 5084 5083
3 5084 5085 5083
3 5083 5085 3087
3 5085 3086 3087
3 4866 909 908
3 4865 5086 4866
3 907 5087 4865
3 4866 5086 909
3 5086 5084 909
3 4865 5087 5086
3 5087 5088 5086
3 5086 5088 5084
3 5088 5085 5084
3 907 906 5087
3 906 5089 5087
3 5087 5089 5088
3 5089 5090 5088
3 5088 5090 5085
3 5090 3086 5085
3 5090 3083 3086
3 5089 5091 5090
3 906 5092 5089
3 5090 5091 3083
3 5091 3081 3083
3 5089 5092 5091
3 5092 5093 5091
3 5091 5093 3081
3 5093 3078 3081
3 906 905 5092
3 905 5094 5092
3 5092 5094 5093
3 5094 5095 5093
3 5093 5095 3078
3 5095 1398 3078
3 4867 905 904
3 4870 5096 4867
3 903 5097 4870
3 4867 5096 905
3 5096 5094 905
3 4870 5097 5096
3 5097 5098 5096
3 5096 5098 5094
3 5098 5095 5094
3 903 902 5097
3 902 5099 5097
3 5097 5099 5098
3 5099 5100 5098
3 5098 5100 5095
3 5100 1398 5095
3 5100 1399 1398
3 5099 5101 5100
3 902 5102 5099
3 5100 5101 1399
3 5101 3076 1399
3 5099 5102 5101
3 5102 5103 5101
3 5101 5103 3076
3 5103 3077 3076
3 902 901 5102
3 901 5104 5102
3 5102 5104 5103
3 5104 5105 5103
3 5103 5105 3077
3 5105 3071 3077
3 4874 901 900
3 4877 5106 4874
3 899 5107 4877
3 4874 5106 901
3 5106 5104 901
3 4877 5107 5106
3 5107 5108 5106
3 5106 5108 5104
3 5108 5105 5104
3 899 898 5107
3 898 5109 5107
3 5107 5109 5108
3 5109 5110 5108
3 5108 5110 5105
3 5110 3071 5105
3 5110 3068 3071
3 5109 5111 5110
3 898 5112 5109
3 5110 5111 3068
3 5111 3066 3068
3 5109 5112 5111
3 5112 5113 5111
3 5111 5113 3066
3 5113 3063 3066
3 898 897 5112
3 897 5114 5112
3 5112 5114 5113
3 5114 5115 5113
3 5113 5115 3063
3 5115 3062 3063
3 4886 897 896
3 4885 5116 4886
3 895 5117 4885
3 4886 5116 897
3 5116 5114 897
3 4885 5117 5116
3 5117 5118 5116
3 5116 5118 5114
3 5118 5115 5114
3 895 894 5117
3 894 5119 5117
3 5117 5119 5118
3 5119 5120 5118
3 5118 5120 5115
3 5120 3062 5115
3 5120 3059 3062
3 5119 5121 5120
3 894 5122 5119
3 5120 5121 3059
3 5121 3057 3059
3 5119 5122 5121
3 5122 5123 5121
3 5121 5123 3057
3 5123 3054 3057
3 894 893 5122
3 893 5124 5122
3 5122 5124 5123
3 5124 5125 5123
3 5123 5125 3054
3 5125 1404 3054
3 4887 893 892
3 4890 5126 4887
3 891 5127 4890
3 4887 5126 893
3 5126 5124 893
3 4890 5127 5126
3 5127 5128 5126
3 5126 5128 5124
3 5128 5125 5124
3 891 890 5127
3 890 5129 5127
3 5127 5129 5128
3 5129 5130 5128
3 5128 5130 5125
3 5130 1404 5125
3 5130 1405 1404
3 5129 5131 5130
3 890 5132 5129
3 5130 5131 1405
3 5131 3052 1405
3 5129 5132 5131
3 5132 5133 5131
3 5131 5133 3052
3 5133 3053 3052
3 890 889 5132
3 889 5134 5132
3 5132 5134 5133
3 5134 5135 5133
3 5133 5135 3053
3 5135 3047 3053
3 4894 889 888
3 4897 5136 4894
3 887 5137 4897
3 4894 5136 889
3 5136 5134 889
3 4897 5137 5136
3 5137 5138 5136
3 5136 5138 5134
3 5138 5135 5134
3 887 886 5137
3 886 5139 5137
3 5137 5139 5138
3 5139 5140 5138
3 5138 5140 5135
3 5140 3047 5135
3 5140 3044 3047
3 5139 5141 5140
3 886 5142 5139
3 5140 5141 3044
3 5141 3042 3044
3 5139 5142 5141
3 5142 5143 5141
3 5141 5143 3042
3 5143 3039 3042
3 886 885 5142
3 885 5144 5142
3 5142 5144 5143
3 5144 5145 5143
3 5143 5145 3039
3 5145 3038 3039
3 4906 885 884
3 4905 5146 4906
3 883 5147 4905
3 4906 5146 885
3 5146 5144 885
3 4905 5147 5146
3 5147 5148 5146
3 5146 5148 5144
3 5148 5145 5144
3 883 882 5147
3 882 5149 5147
3 5147 5149 5148
3 5149 5150 5148
3 5148 5150 5145
3 5150 3038 5145
3 5150 3035 3038
3 5149 5151 5150
3 882 5152 5149
3 5150 5151 3035
3 5151 3033 3035
3 5149 5152 5151
3 5152 5153 5151
3 5151 5153 3033
3 5153 3030 3033
3 882 881 5152
3 881 5154 5152
3 5152 5154 5153
3 5154 5155 5153
3 5153 5155 3030
3 5155 1410 3030
3 4907 881 880
3 4910 5156 4907
3 879 5157 4910
3 4907 5156 881
3 5156 5154 881
3 4910 5157 5156
3 5157 5158 5156
3 5156 5158 5154
3 5158 5155 5154
3 879 878 5157
3 878 5159 5157
3 5157 5159 5158
3 5159 5160 5158
3 5158 5160 5155
3 5160 1410 5155
3 5160 1411 1410
3 5159 5161 5160
3 878 5162 5159
3 5160 5161 1411
3 5161 3028 1411
3 5159 5162 5161
3 5162 5163 5161
3 5161 5163 3028
3 5163 3029 3028
3 878 877 5162
3 877 5164 5162
3 5162 5164 5163
3 5164 5165 5163
3 5163 5165 3029
3 5165 3023 3029
3 4914 877 876
3 4917 5166 4914
3 875 5167 4917
3 4914 5166 877
3 5166 5164 877
3 4917 5167 5166
3 5167 5168 5166
3 5166 5168 5164
3 5168 5165 5164
3 875 874 5167
3 874 5169 5167
3 5167 5169 5168
3 5169 5170 5168
3 5168 5170 5165
3 5170 3023 5165
3 5170 3020 3023
3 5169 5171 5170
3 874 5172 5169
3 5170 5171 3020
3 5171 3018 3020
3 5169 5172 5171
3 5172 5173 5171
3 5171 5173 3018
3 5173 3015 3018
3 874 873 5172
3 873 5174 5172
3 5172 5174 5173
3 5174 5175 5173
3 5173 5175 3015
3 5175 3014 3015
3 4927 873 872
3 4926 5176 4927
3 871 5177 4926
3 4927 5176 873
3 5176 5174 873
3 4926 5177 5176
3 5177 5178 5176
3 5176 5178 5174
3 5178 5175 5174
3 871 870 5177
3 870 5179 5177
3 5177 5179 5178
3 5179 5180 5178
3 5178 5180 5175
3 5180 3014 5175
3 5180 3011 3014
3 5179 5181 5180
3 870 5182 5179
3 5180 5181 3011
3 5181 3009 3011
3 5179 5182 5181
3 5182 5183 5181
3 5181 5183 3009
3 5183 3006 3009
3 870 869 5182
3 869 5184 5182
3 5182 5184 5183
3 5184 5185 5183
3 5183 5185 3006
3 5185 1419 3006
3 962 869 868
3 4942 5186 962
3 867 5187 4942
3 962 5186 869
3 5186 5184 869
3 4942 5187 5186
3 5187 5188 5186
3 5186 5188 5184
3 5188 5185 5184
3 867 866 5187
3 866 5189 5187
3 5187 5189 5188
3 5189 5190 5188
3 5188 5190 5185
3 5190 1419 5185
3 5190 3001 1419
3 5189 5191 5190
3 866 5192 5189
3 5190 5191 3001
3 5191 3002 3001
3 5189 5192 5191
3 5192 5193 5191
3 5191 5193 3002
3 5193 1418 3002
3 866 865 5192
3 865 5194 5192
3 5192 5194 5193
3 5194 5195 5193
3 5193 5195 1418
3 5195 1416 1418
3 957 865 864
3 4960 5196 957
3 863 5197 4960
3 957 5196 865
3 5196 5194 865
3 4960 5197 5196
3 5197 5198 5196
3 5196 5198 5194
3 5198 5195 5194
3 863 862 5197
3 862 5199 5197
3 5197 5199 5198
3 5199 5200 5198
3 5198 5200 5195
3 5200 1416 5195
3 5201 862 861
3 5202 5203 5201
3 860 5204 5202
3 5201 5203 862
3 5203 5199 862
3 5202 5204 5203
3 5204 5205 5203
3 5203 5205 5199
3 5205 5200 5199
3 860 859 5204
3 859 2983 5204
3 5204 2983 5205
3 2983 1423 5205
3 5205 1423 5200
3 1423 1416 5200
3 4624 5206 745
3 4627 5207 4624
3 857 5208 4627
3 4624 5207 5206
3 5207 5209 5206
3 4627 5208 5207
3 5208 5210 5207
3 5207 5210 5209
3 5210 744 5209
3 857 856 5208
3 856 5211 5208
3 5208 5211 5210
3 5211 5212 5210
3 5210 5212 744
3 5212 742 744
3 5212 3297 742
3 5211 5213 5212
3 856 5214 5211
3 5212 5213 3297
3 5213 3298 3297
3 5211 5214 5213
3 5214 5215 5213
3 5213 5215 3298
3 5215 1332 3298
3 856 855 5214
3 855 5216 5214
3 5214 5216 5215
3 5216 5217 5215
3 5215 5217 1332
3 5217 1329 1332
3 4637 855 854
3 4640 5218 4637
3 853 5219 4640
3 4637 5218 855
3 5218 5216 855
3 4640 5219 5218
3 5219 5220 5218
3 5218 5220 5216
3 5220 5217 5216
3 853 852 5219
3 852 5221 5219
3 5219 5221 5220
3 5221 5222 5220
3 5220 5222 5217
3 5222 1329 5217
3 5222 3313 1329
3 5221 5223 5222
3 852 5224 5221
3 5222 5223 3313
3 5223 3314 3313
3 5221 5224 5223
3 5224 5225 5223
3 5223 5225 3314
3 5225 1328 3314
3 852 851 5224
3 851 5226 5224
3 5224 5226 5225
3 5226 5227 5225
3 5225 5227 1328
3 5227 1326 1328
3 4644 851 850
3 4647 5228 4644
3 849 5229 4647
3 4644 5228 851
3 5228 5226 851
3 4647 5229 5228
3 5229 5230 5228
3 5228 5230 5226
3 5230 5227 5226
3 849 848 5229
3 848 5231 5229
3 5229 5231 5230
3 5231 5232 5230
3 5230 5232 5227
3 5232 1326 5227
3 5232 3320 1326
3 5231 5233 5232
3 848 5234 5231
3 5232 5233 3320
3 5233 3321 3320
3 5231 5234 5233
3 5234 5235 5233
3 5233 5235 3321
3 5235 1325 3321
3 848 847 5234
3 847 5236 5234
3 5234 5236 5235
3 5236 5237 5235
3 5235 5237 1325
3 5237 1322 1325
3 4657 847 846
3 4660 5238 4657
3 845 5239 4660
3 4657 5238 847
3 5238 5236 847
3 4660 5239 5238
3 5239 5240 5238
3 5238 5240 5236
3 5240 5237 5236
3 845 844 5239
3 844 5241 5239
3 5239 5241 5240
3 5241 5242 5240
3 5240 5242 5237
3 5242 1322 5237
3 5242 3336 1322
3 5241 5243 5242
3 844 5244 5241
3 5242 5243 3336
3 5243 3337 3336
3 5241 5244 5243
3 5244 5245 5243
3 5243 5245 3337
3 5245 1321 3337
3 844 843 5244
3 843 5246 5244
3 5244 5246 5245
3 5246 5247 5245
3 5245 5247 1321
3 5247 1318 1321
3 4670 843 842
3 4673 5248 4670
3 841 5249 4673
3 4670 5248 843
3 5248 5246 843
3 4673 5249 5248
3 5249 5250 5248
3 5248 5250 5246
3 5250 5247 5246
3 841 840 5249
3 840 5251 5249
3 5249 5251 5250
3 5251 5252 5250
3 5250 5252 5247
3 5252 1318 5247
3 5252 3352 1318
3 5251 5253 5252
3 840 5254 5251
3 5252 5253 3352
3 5253 3353 3352
3 5251 5254 5253
3 5254 5255 5253
3 5253 5255 3353
3 5255 1317 3353
3 840 839 5254
3 839 5256 5254
3 5254 5256 5255
3 5256 5257 5255
3 5255 5257 1317
3 5257 1315 1317
3 4677 839 838
3 4680 5258 4677
3 837 5259 4680
3 4677 5258 839
3 5258 5256 839
3 4680 5259 5258
3 5259 5260 5258
3 5258 5260 5256
3 5260 5257 5256
3 837 836 5259
3 836 5261 5259
3 5259 5261 5260
3 5261 5262 5260
3 5260 5262 5257
3 5262 1315 5257
3 5262 3359 1315
3 5261 5263 5262
3 836 5264 5261
3 5262 5263 3359
3 5263 3360 3359
3 5261 5264 5263
3 5264 5265 5263
3 5263 5265 3360
3 5265 1314 3360
3 836 835 5264
3 835 5266 5264
3 5264 5266 5265
3 5266 5267 5265
3 5265 5267 1314
3 5267 1311 1314
3 4695 835 834
3 4694 5268 4695
3 833 5269 4694
3 4695 5268 835
3 5268 5266 835
3 4694 5269 5268
3 5269 5270 5268
3 5268 5270 5266
3 5270 5267 5266
3 833 832 5269
3 832 5271 5269
3 5269 5271 5270
3 5271 5272 5270
3 5270 5272 5267
3 5272 1311 5267
3 5272 3374 1311
3 5271 5273 5272
3 832 5274 5271
3 5272 5273 3374
3 5273 3375 3374
3 5271 5274 5273
3 5274 5275 5273
3 5273 5275 3375
3 5275 1310 3375
3 832 831 5274
3 831 5276 5274
3 5274 5276 5275
3 5276 5277 5275
3 5275 5277 1310
3 5277 1308 1310
3 4696 831 830
3 4699 5278 4696
3 829 5279 4699
3 4696 5278 831
3 5278 5276 831
3 4699 5279 5278
3 5279 5280 5278
3 5278 5280 5276
3 5280 5277 5276
3 829 828 5279
3 828 5281 5279
3 5279 5281 5280
3 5281 5282 5280
3 5280 5282 5277
3 5282 1308 5277
3 5282 3381 1308
3 5281 5283 5282
3 828 5284 5281
3 5282 5283 3381
3 5283 3382 3381
3 5281 5284 5283
3 5284 5285 5283
3 5283 5285 3382
3 5285 1307 3382
3 828 827 5284
3 827 5286 5284
3 5284 5286 5285
3 5286 5287 5285
3 5285 5287 1307
3 5287 1305 1307
3 4703 827 826
3 4706 5288 4703
3 825 5289 4706
3 4703 5288 827
3 5288 5286 827
3 4706 5289 5288
3 5289 5290 5288
3 5288 5290 5286
3 5290 5287 5286
3 825 824 5289
3 824 5291 5289
3 5289 5291 5290
3 5291 5292 5290
3 5290 5292 5287
3 5292 1305 5287
3 5292 3388 1305
3 5291 5293 5292
3 824 5294 5291
3 5292 5293 3388
3 5293 3389 3388
3 5291 5294 5293
3 5294 5295 5293
3 5293 5295 3389
3 5295 1304 3389
3 824 823 5294
3 823 5296 5294
3 5294 5296 5295
3 5296 5297 5295
3 5295 5297 1304
3 5297 1301 1304
3 4716 823 822
3 4719 5298 4716
3 821 5299 4719
3 4716 5298 823
3 5298 5296 823
3 4719 5299 5298
3 5299 5300 5298
3 5298 5300 5296
3 5300 5297 5296
3 821 820 5299
3 820 5301 5299
3 5299 5301 5300
3 5301 5302 5300
3 5300 5302 5297
3 5302 1301 5297
3 5302 3403 1301
3 5301 5303 5302
3 820 5304 5301
3 5302 5303 3403
3 5303 3404 3403
3 5301 5304 5303
3 5304 5305 5303
3 5303 5305 3404
3 5305 1300 3404
3 820 819 5304
3 819 5306 5304
3 5304 5306 5305
3 5306 5307 5305
3 5305 5307 1300
3 5307 1297 1300
3 4729 819 818
3 4732 5308 4729
3 817 5309 4732
3 4729 5308 819
3 5308 5306 819
3 4732 5309 5308
3 5309 5310 5308
3 5308 5310 5306
3 5310 5307 5306
3 817 816 5309
3 816 5311 5309
3 5309 5311 5310
3 5311 5312 5310
3 5310 5312 5307
3 5312 1297 5307
3 5312 3419 1297
3 5311 5313 5312
3 816 5314 5311
3 5312 5313 3419
3 5313 3420 3419
3 5311 5314 5313
3 5314 5315 5313
3 5313 5315 3420
3 5315 1296 3420
3 816 815 5314
3 815 5316 5314
3 5314 5316 5315
3 5316 5317 5315
3 5315 5317 1296
3 5317 1293 1296
3 4742 815 814
3 4745 5318 4742
3 813 5319 4745
3 4742 5318 815
3 5318 5316 815
3 4745 5319 5318
3 5319 5320 5318
3 5318 5320 5316
3 5320 5317 5316
3 813 812 5319
3 812 5321 5319
3 5319 5321 5320
3 5321 5322 5320
3 5320 5322 5317
3 5322 1293 5317
3 5322 3435 1293
3 5321 5323 5322
3 812 5324 5321
3 5322 5323 3435
3 5323 3436 3435
3 5321 5324 5323
3 5324 5325 5323
3 5323 5325 3436
3 5325 1292 3436
3 812 811 5324
3 811 5326 5324
3 5324 5326 5325
3 5326 5327 5325
3 5325 5327 1292
3 5327 1289 1292
3 4755 811 810
3 4758 5328 4755
3 809 5329 4758
3 4755 5328 811
3 5328 5326 811
3 4758 5329 5328
3 5329 5330 5328
3 5328 5330 5326
3 5330 5327 5326
3 809 808 5329
3 808 5331 5329
3 5329 5331 5330
3 5331 5332 5330
3 5330 5332 5327
3 5332 1289 5327
3 5332 3451 1289
3 5331 5333 5332
3 808 5334 5331
3 5332 5333 3451
3 5333 3452 3451
3 5331 5334 5333
3 5334 5335 5333
3 5333 5335 3452
3 5335 1288 3452
3 808 807 5334
3 807 5336 5334
3 5334 5336 5335
3 5336 5337 5335
3 5335 5337 1288
3 5337 1285 1288
3 4768 807 806
3 4771 5338 4768
3 805 5339 4771
3 4768 5338 807
3 5338 5336 807
3 4771 5339 5338
3 5339 5340 5338
3 5338 5340 5336
3 5340 5337 5336
3 805 804 5339
3 804 5341 5339
3 5339 5341 5340
3 5341 5342 5340
3 5340 5342 5337
3 5342 1285 5337
3 4964 804 803
3 4967 5343 4964
3 802 5344 4967
3 4964 5343 804
3 5343 5341 804
3 4967 5344 5343
3 5344 5345 5343
3 5343 5345 5341
3 5345 5342 5341
3 802 801 5344
3 801 3468 5344
3 5344 3468 5345
3 3468 3467 5345
3 5345 3467 5342
3 3467 1285 5342
3 1050 5346 707
3 4518 5347 1050
3 799 5348 4518
3 1050 5347 5346
3 5347 5349 5346
3 4518 5348 5347
3 5348 5350 5347
3 5347 5350 5349
3 5350 706 5349
3 799 798 5348
3 798 5351 5348
3 5348 5351 5350
3 5351 5352 5350
3 5350 5352 706
3 5352 704 706
3 5352 3175 704
3 5351 5353 5352
3 798 5354 5351
3 5352 5353 3175
3 5353 3176 3175
3 5351 5354 5353
3 5354 5355 5353
3 5353 5355 3176
3 5355 1375 3176
3 798 797 5354
3 797 5356 5354
3 5354 5356 5355
3 5356 5357 5355
3 5355 5357 1375
3 5357 1372 1375
3 4524 797 796
3 4527 5358 4524
3 795 5359 4527
3 4524 5358 797
3 5358 5356 797
3 4527 5359 5358
3 5359 5360 5358
3 5358 5360 5356
3 5360 5357 5356
3 795 794 5359
3 794 5361 5359
3 5359 5361 5360
3 5361 5362 5360
3 5360 5362 5357
3 5362 1372 5357
3 5362 3189 1372
3 5361 5363 5362
3 794 5364 5361
3 5362 5363 3189
3 5363 3190 3189
3 5361 5364 5363
3 5364 5365 5363
3 5363 5365 3190
3 5365 1371 3190
3 794 793 5364
3 793 5366 5364
3 5364 5366 5365
3 5366 5367 5365
3 5365 5367 1371
3 5367 1369 1371
3 4531 793 792
3 4534 5368 4531
3 791 5369 4534
3 4531 5368 793
3 5368 5366 793
3 4534 5369 5368
3 5369 5370 5368
3 5368 5370 5366
3 5370 5367 5366
3 791 790 5369
3 790 5371 5369
3 5369 5371 5370
3 5371 5372 5370
3 5370 5372 5367
3 5372 1369 5367
3 5372 3196 1369
3 5371 5373 5372
3 790 5374 5371
3 5372 5373 3196
3 5373 3197 3196
3 5371 5374 5373
3 5374 5375 5373
3 5373 5375 3197
3 5375 1368 3197
3 790 789 5374
3 789 5376 5374
3 5374 5376 5375
3 5376 5377 5375
3 5375 5377 1368
3 5377 1366 1368
3 4543 789 788
3 4542 5378 4543
3 787 5379 4542
3 4543 5378 789
3 5378 5376 789
3 4542 5379 5378
3 5379 5380 5378
3 5378 5380 5376
3 5380 5377 5376
3 787 786 5379
3 786 5381 5379
3 5379 5381 5380
3 5381 5382 5380
3 5380 5382 5377
3 5382 1366 5377
3 5382 3203 1366
3 5381 5383 5382
3 786 5384 5381
3 5382 5383 3203
3 5383 3204 3203
3 5381 5384 5383
3 5384 5385 5383
3 5383 5385 3204
3 5385 1365 3204
3 786 785 5384
3 785 5386 5384
3 5384 5386 5385
3 5386 5387 5385
3 5385 5387 1365
3 5387 1363 1365
3 4544 785 784
3 4547 5388 4544
3 783 5389 4547
3 4544 5388 785
3 5388 5386 785
3 4547 5389 5388
3 5389 5390 5388
3 5388 5390 5386
3 5390 5387 5386
3 783 782 5389
3 782 5391 5389
3 5389 5391 5390
3 5391 5392 5390
3 5390 5392 5387
3 5392 1363 5387
3 5392 3210 1363
3 5391 5393 5392
3 782 5394 5391
3 5392 5393 3210
3 5393 3211 3210
3 5391 5394 5393
3 5394 5395 5393
3 5393 5395 3211
3 5395 1362 3211
3 782 781 5394
3 781 5396 5394
3 5394 5396 5395
3 5396 5397 5395
3 5395 5397 1362
3 5397 1360 1362
3 4551 781 780
3 4554 5398 4551
3 779 5399 4554
3 4551 5398 781
3 5398 5396 781
3 4554 5399 5398
3 5399 5400 5398
3 5398 5400 5396
3 5400 5397 5396
3 779 778 5399
3 778 5401 5399
3 5399 5401 5400
3 5401 5402 5400
3 5400 5402 5397
3 5402 1360 5397
3 5402 3217 1360
3 5401 5403 5402
3 778 5404 5401
3 5402 5403 3217
3 5403 3218 3217
3 5401 5404 5403
3 5404 5405 5403
3 5403 5405 3218
3 5405 1359 3218
3 778 777 5404
3 777 5406 5404
3 5404 5406 5405
3 5406 5407 5405
3 5405 5407 1359
3 5407 1357 1359
3 4563 777 776
3 4562 5408 4563
3 775 5409 4562
3 4563 5408 777
3 5408 5406 777
3 4562 5409 5408
3 5409 5410 5408
3 5408 5410 5406
3 5410 5407 5406
3 775 774 5409
3 774 5411 5409
3 5409 5411 5410
3 5411 5412 5410
3 5410 5412 5407
3 5412 1357 5407
3 5412 3224 1357
3 5411 5413 5412
3 774 5414 5411
3 5412 5413 3224
3 5413 3225 3224
3 5411 5414 5413
3 5414 5415 5413
3 5413 5415 3225
3 5415 1356 3225
3 774 773 5414
3 773 5416 5414
3 5414 5416 5415
3 5416 5417 5415
3 5415 5417 1356
3 5417 1354 1356
3 4564 773 772
3 4567 5418 4564
3 771 5419 4567
3 4564 5418 773
3 5418 5416 773
3 4567 5419 5418
3 5419 5420 5418
3 5418 5420 5416
3 5420 5417 5416
3 771 770 5419
3 770 5421 5419
3 5419 5421 5420
3 5421 5422 5420
3 5420 5422 5417
3 5422 1354 5417
3 5422 3231 1354
3 5421 5423 5422
3 770 5424 5421
3 5422 5423 3231
3 5423 3232 3231
3 5421 5424 5423
3 5424 5425 5423
3 5423 5425 3232
3 5425 1353 3232
3 770 769 5424
3 769 5426 5424
3 5424 5426 5425
3 5426 5427 5425
3 5425 5427 1353
3 5427 1351 1353
3 4571 769 768
3 4574 5428 4571
3 767 5429 4574
3 4571 5428 769
3 5428 5426 769
3 4574 5429 5428
3 5429 5430 5428
3 5428 5430 5426
3 5430 5427 5426
3 767 766 5429
3 766 5431 5429
3 5429 5431 5430
3 5431 5432 5430
3 5430 5432 5427
3 5432 1351 5427
3 5432 3238 1351
3 5431 5433 5432
3 766 5434 5431
3 5432 5433 3238
3 5433 3239 3238
3 5431 5434 5433
3 5434 5435 5433
3 5433 5435 3239
3 5435 1350 3239
3 766 765 5434
3 765 5436 5434
3 5434 5436 5435
3 5436 5437 5435
3 5435 5437 1350
3 5437 1348 1350
3 4583 765 764
3 4582 5438 4583
3 763 5439 4582
3 4583 5438 765
3 5438 5436 765
3 4582 5439 5438
3 5439 5440 5438
3 5438 5440 5436
3 5440 5437 5436
3 763 762 5439
3 762 5441 5439
3 5439 5441 5440
3 5441 5442 5440
3 5440 5442 5437
3 5442 1348 5437
3 5442 3245 1348
3 5441 5443 5442
3 762 5444 5441
3 5442 5443 3245
3 5443 3246 3245
3 5441 5444 5443
3 5444 5445 5443
3 5443 5445 3246
3 5445 1347 3246
3 762 761 5444
3 761 5446 5444
3 5444 5446 5445
3 5446 5447 5445
3 5445 5447 1347
3 5447 1345 1347
3 4584 761 760
3 4587 5448 4584
3 759 5449 4587
3 4584 5448 761
3 5448 5446 761
3 4587 5449 5448
3 5449 5450 5448
3 5448 5450 5446
3 5450 5447 5446
3 759 758 5449
3 758 5451 5449
3 5449 5451 5450
3 5451 5452 5450
3 5450 5452 5447
3 5452 1345 5447
3 5452 3252 1345
3 5451 5453 5452
3 758 5454 5451
3 5452 5453 3252
3 5453 3253 3252
3 5451 5454 5453
3 5454 5455 5453
3 5453 5455 3253
3 5455 1344 3253
3 758 757 5454
3 757 5456 5454
3 5454 5456 5455
3 5456 5457 5455
3 5455 5457 1344
3 5457 1342 1344
3 4591 757 756
3 4594 5458 4591
3 755 5459 4594
3 4591 5458 757
3 5458 5456 757
3 4594 5459 5458
3 5459 5460 5458
3 5458 5460 5456
3 5460 5457 5456
3 755 754 5459
3 754 5461 5459
3 5459 5461 5460
3 5461 5462 5460
3 5460 5462 5457
3 5462 1342 5457
3 5462 3259 1342
3 5461 5463 5462
3 754 5464 5461
3 5462 5463 3259
3 5463 3260 3259
3 5461 5464 5463
3 5464 5465 5463
3 5463 5465 3260
3 5465 1341 3260
3 754 753 5464
3 753 5466 5464
3 5464 5466 5465
3 5466 5467 5465
3 5465 5467 1341
3 5467 1338 1341
3 4604 753 752
3 4607 5468 4604
3 751 5469 4607
3 4604 5468 753
3 5468 5466 753
3 4607 5469 5468
3 5469 5470 5468
3 5468 5470 5466
3 5470 5467 5466
3 751 750 5469
3 750 5471 5469
3 5469 5471 5470
3 5471 5472 5470
3 5470 5472 5467
3 5472 1338 5467
3 5472 3274 1338
3 5471 5473 5472
3 750 5474 5471
3 5472 5473 3274
3 5473 3275 3274
3 5471 5474 5473
3 5474 5475 5473
3 5473 5475 3275
3 5475 1337 3275
3 750 749 5474
3 749 5476 5474
3 5474 5476 5475
3 5476 5477 5475
3 5475 5477 1337
3 5477 1334 1337
3 4617 749 748
3 4620 5478 4617
3 747 5479 4620
3 4617 5478 749
3 5478 5476 749
3 4620 5479 5478
3 5479 5480 5478
3 5478 5480 5476
3 5480 5477 5476
3 747 746 5479
3 746 5481 5479
3 5479 5481 5480
3 5481 5482 5480
3 5480 5482 5477
3 5482 1334 5477
3 5206 746 745
3 5209 5483 5206
3 744 5484 5209
3 5206 5483 746
3 5483 5481 746
3 5209 5484 5483
3 5484 5485 5483
3 5483 5485 5481
3 5485 5482 5481
3 744 743 5484
3 743 3291 5484
3 5484 3291 5485
3 3291 3290 5485
3 5485 3290 5482
3 3290 1334 5482
3 4452 5486 677
3 4455 5487 4452
3 741 5488 4455
3 4452 5487 5486
3 5487 5489 5486
3 4455 5488 5487
3 5488 5490 5487
3 5487 5490 5489
3 5490 676 5489
3 741 740 5488
3 740 5491 5488
3 5488 5491 5490
3 5491 5492 5490
3 5490 5492 676
3 5492 674 676
3 5492 2817 674
3 5491 5493 5492
3 740 5494 5491
3 5492 5493 2817
3 5493 2818 2817
3 5491 5494 5493
3 5494 5495 5493
3 5493 5495 2818
3 5495 1473 2818
3 740 739 5494
3 739 5496 5494
3 5494 5496 5495
3 5496 5497 5495
3 5495 5497 1473
3 5497 1471 1473
3 4459 739 738
3 4462 5498 4459
3 737 5499 4462
3 4459 5498 739
3 5498 5496 739
3 4462 5499 5498
3 5499 5500 5498
3 5498 5500 5496
3 5500 5497 5496
3 737 736 5499
3 736 5501 5499
3 5499 5501 5500
3 5501 5502 5500
3 5500 5502 5497
3 5502 1471 5497
3 5502 2824 1471
3 5501 5503 5502
3 736 5504 5501
3 5502 5503 2824
3 5503 2825 2824
3 5501 5504 5503
3 5504 5505 5503
3 5503 5505 2825
3 5505 1470 2825
3 736 735 5504
3 735 5506 5504
3 5504 5506 5505
3 5506 5507 5505
3 5505 5507 1470
3 5507 1468 1470
3 4471 735 734
3 4470 5508 4471
3 733 5509 4470
3 4471 5508 735
3 5508 5506 735
3 4470 5509 5508
3 5509 5510 5508
3 5508 5510 5506
3 5510 5507 5506
3 733 732 5509
3 732 5511 5509
3 5509 5511 5510
3 5511 5512 5510
3 5510 5512 5507
3 5512 1468 5507
3 5512 2831 1468
3 5511 5513 5512
3 732 5514 5511
3 5512 5513 2831
3 5513 2832 2831
3 5511 5514 5513
3 5514 5515 5513
3 5513 5515 2832
3 5515 1467 2832
3 732 731 5514
3 731 5516 5514
3 5514 5516 5515
3 5516 5517 5515
3 5515 5517 1467
3 5517 1465 1467
3 4472 731 730
3 4475 5518 4472
3 729 5519 4475
3 4472 5518 731
3 5518 5516 731
3 4475 5519 5518
3 5519 5520 5518
3 5518 5520 5516
3 5520 5517 5516
3 729 728 5519
3 728 5521 5519
3 5519 5521 5520
3 5521 5522 5520
3 5520 5522 5517
3 5522 1465 5517
3 5522 2838 1465
3 5521 5523 5522
3 728 5524 5521
3 5522 5523 2838
3 5523 2839 2838
3 5521 5524 5523
3 5524 5525 5523
3 5523 5525 2839
3 5525 1464 2839
3 728 727 5524
3 727 5526 5524
3 5524 5526 5525
3 5526 5527 5525
3 5525 5527 1464
3 5527 1462 1464
3 4479 727 726
3 4482 5528 4479
3 725 5529 4482
3 4479 5528 727
3 5528 5526 727
3 4482 5529 5528
3 5529 5530 5528
3 5528 5530 5526
3 5530 5527 5526
3 725 724 5529
3 724 5531 5529
3 5529 5531 5530
3 5531 5532 5530
3 5530 5532 5527
3 5532 1462 5527
3 5532 2845 1462
3 5531 5533 5532
3 724 5534 5531
3 5532 5533 2845
3 5533 2846 2845
3 5531 5534 5533
3 5534 5535 5533
3 5533 5535 2846
3 5535 1461 2846
3 724 723 5534
3 723 5536 5534
3 5534 5536 5535
3 5536 5537 5535
3 5535 5537 1461
3 5537 1459 1461
3 4491 723 722
3 4490 5538 4491
3 721 5539 4490
3 4491 5538 723
3 5538 5536 723
3 4490 5539 5538
3 5539 5540 5538
3 5538 5540 5536
3 5540 5537 5536
3 721 720 5539
3 720 5541 5539
3 5539 5541 5540
3 5541 5542 5540
3 5540 5542 5537
3 5542 1459 5537
3 5542 2852 1459
3 5541 5543 5542
3 720 5544 5541
3 5542 5543 2852
3 5543 2853 2852
3 5541 5544 5543
3 5544 5545 5543
3 5543 5545 2853
3 5545 1458 2853
3 720 719 5544
3 719 5546 5544
3 5544 5546 5545
3 5546 5547 5545
3 5545 5547 1458
3 5547 1456 1458
3 4492 719 718
3 4495 5548 4492
3 717 5549 4495
3 4492 5548 719
3 5548 5546 719
3 4495 5549 5548
3 5549 5550 5548
3 5548 5550 5546
3 5550 5547 5546
3 717 716 5549
3 716 5551 5549
3 5549 5551 5550
3 5551 5552 5550
3 5550 5552 5547
3 5552 1456 5547
3 5552 2859 1456
3 5551 5553 5552
3 716 5554 5551
3 5552 5553 2859
3 5553 2860 2859
3 5551 5554 5553
3 5554 5555 5553
3 5553 5555 2860
3 5555 1455 2860
3 716 715 5554
3 715 5556 5554
3 5554 5556 5555
3 5556 5557 5555
3 5555 5557 1455
3 5557 1453 1455
3 4499 715 714
3 4502 5558 4499
3 713 5559 4502
3 4499 5558 715
3 5558 5556 715
3 4502 5559 5558
3 5559 5560 5558
3 5558 5560 5556
3 5560 5557 5556
3 713 712 5559
3 712 5561 5559
3 5559 5561 5560
3 5561 5562 5560
3 5560 5562 5557
3 5562 1453 5557
3 5562 2866 1453
3 5561 5563 5562
3 712 5564 5561
3 5562 5563 2866
3 5563 2867 2866
3 5561 5564 5563
3 5564 5565 5563
3 5563 5565 2867
3 5565 1452 2867
3 712 711 5564
3 711 5566 5564
3 5564 5566 5565
3 5566 5567 5565
3 5565 5567 1452
3 5567 1450 1452
3 4523 711 710
3 4522 5568 4523
3 709 5569 4522
3 4523 5568 711
3 5568 5566 711
3 4522 5569 5568
3 5569 5570 5568
3 5568 5570 5566
3 5570 5567 5566
3 709 708 5569
3 708 5571 5569
3 5569 5571 5570
3 5571 5572 5570
3 5570 5572 5567
3 5572 1450 5567
3 5346 708 707
3 5349 5573 5346
3 706 5574 5349
3 5346 5573 708
3 5573 5571 708
3 5349 5574 5573
3 5574 5575 5573
3 5573 5575 5571
3 5575 5572 5571
3 706 705 5574
3 705 3179 5574
3 5574 3179 5575
3 3179 3181 5575
3 5575 3181 5572
3 3181 1450 5572
3 4387 5576 651
3 4390 5577 4387
3 703 5578 4390
3 4387 5577 5576
3 5577 5579 5576
3 4390 5578 5577
3 5578 5580 5577
3 5577 5580 5579
3 5580 650 5579
3 703 702 5578
3 702 5581 5578
3 5578 5581 5580
3 5581 5582 5580
3 5580 5582 650
3 5582 648 650
3 5582 2741 648
3 5581 5583 5582
3 702 5584 5581
3 5582 5583 2741
3 5583 2742 2741
3 5581 5584 5583
3 5584 5585 5583
3 5583 5585 2742
3 5585 1495 2742
3 702 701 5584
3 701 5586 5584
3 5584 5586 5585
3 5586 5587 5585
3 5585 5587 1495
3 5587 1492 1495
3 4400 701 700
3 4403 5588 4400
3 699 5589 4403
3 4400 5588 701
3 5588 5586 701
3 4403 5589 5588
3 5589 5590 5588
3 5588 5590 5586
3 5590 5587 5586
3 699 698 5589
3 698 5591 5589
3 5589 5591 5590
3 5591 5592 5590
3 5590 5592 5587
3 5592 1492 5587
3 5592 2757 1492
3 5591 5593 5592
3 698 5594 5591
3 5592 5593 2757
3 5593 2758 2757
3 5591 5594 5593
3 5594 5595 5593
3 5593 5595 2758
3 5595 1491 2758
3 698 697 5594
3 697 5596 5594
3 5594 5596 5595
3 5596 5597 5595
3 5595 5597 1491
3 5597 1489 1491
3 4407 697 696
3 4410 5598 4407
3 695 5599 4410
3 4407 5598 697
3 5598 5596 697
3 4410 5599 5598
3 5599 5600 5598
3 5598 5600 5596
3 5600 5597 5596
3 695 694 5599
3 694 5601 5599
3 5599 5601 5600
3 5601 5602 5600
3 5600 5602 5597
3 5602 1489 5597
3 5602 2764 1489
3 5601 5603 5602
3 694 5604 5601
3 5602 5603 2764
3 5603 2765 2764
3 5601 5604 5603
3 5604 5605 5603
3 5603 5605 2765
3 5605 1488 2765
3 694 693 5604
3 693 5606 5604
3 5604 5606 5605
3 5606 5607 5605
3 5605 5607 1488
3 5607 1485 1488
3 4425 693 692
3 4424 5608 4425
3 691 5609 4424
3 4425 5608 693
3 5608 5606 693
3 4424 5609 5608
3 5609 5610 5608
3 5608 5610 5606
3 5610 5607 5606
3 691 690 5609
3 690 5611 5609
3 5609 5611 5610
3 5611 5612 5610
3 5610 5612 5607
3 5612 1485 5607
3 5612 2780 1485
3 5611 5613 5612
3 690 5614 5611
3 5612 5613 2780
3 5613 2781 2780
3 5611 5614 5613
3 5614 5615 5613
3 5613 5615 2781
3 5615 1484 2781
3 690 689 5614
3 689 5616 5614
3 5614 5616 5615
3 5616 5617 5615
3 5615 5617 1484
3 5617 1482 1484
3 4426 689 688
3 4429 5618 4426
3 687 5619 4429
3 4426 5618 689
3 5618 5616 689
3 4429 5619 5618
3 5619 5620 5618
3 5618 5620 5616
3 5620 5617 5616
3 687 686 5619
3 686 5621 5619
3 5619 5621 5620
3 5621 5622 5620
3 5620 5622 5617
3 5622 1482 5617
3 5622 2787 1482
3 5621 5623 5622
3 686 5624 5621
3 5622 5623 2787
3 5623 2788 2787
3 5621 5624 5623
3 5624 5625 5623
3 5623 5625 2788
3 5625 1481 2788
3 686 685 5624
3 685 5626 5624
3 5624 5626 5625
3 5626 5627 5625
3 5625 5627 1481
3 5627 1479 1481
3 4433 685 684
3 4436 5628 4433
3 683 5629 4436
3 4433 5628 685
3 5628 5626 685
3 4436 5629 5628
3 5629 5630 5628
3 5628 5630 5626
3 5630 5627 5626
3 683 682 5629
3 682 5631 5629
3 5629 5631 5630
3 5631 5632 5630
3 5630 5632 5627
3 5632 1479 5627
3 5632 2794 1479
3 5631 5633 5632
3 682 5634 5631
3 5632 5633 2794
3 5633 2795 2794
3 5631 5634 5633
3 5634 5635 5633
3 5633 5635 2795
3 5635 1478 2795
3 682 681 5634
3 681 5636 5634
3 5634 5636 5635
3 5636 5637 5635
3 5635 5637 1478
3 5637 1475 1478
3 4451 681 680
3 4450 5638 4451
3 679 5639 4450
3 4451 5638 681
3 5638 5636 681
3 4450 5639 5638
3 5639 5640 5638
3 5638 5640 5636
3 5640 5637 5636
3 679 678 5639
3 678 5641 5639
3 5639 5641 5640
3 5641 5642 5640
3 5640 5642 5637
3 5642 1475 5637
3 5486 678 677
3 5489 5643 5486
3 676 5644 5489
3 5486 5643 678
3 5643 5641 678
3 5489 5644 5643
3 5644 5645 5643
3 5643 5645 5641
3 5645 5642 5641
3 676 675 5644
3 675 2811 5644
3 5644 2811 5645
3 2811 2810 5645
3 5645 2810 5642
3 2810 1475 5642
3 4315 5646 625
3 4318 5647 4315
3 673 5648 4318
3 4315 5647 5646
3 5647 5649 5646
3 4318 5648 5647
3 5648 5650 5647
3 5647 5650 5649
3 5650 624 5649
3 673 672 5648
3 672 5651 5648
3 5648 5651 5650
3 5651 5652 5650
3 5650 5652 624
3 5652 622 624
3 5652 2561 622
3 5651 5653 5652
3 672 5654 5651
3 5652 5653 2561
3 5653 2562 2561
3 5651 5654 5653
3 5654 5655 5653
3 5653 5655 2562
3 5655 1544 2562
3 672 671 5654
3 671 5656 5654
3 5654 5656 5655
3 5656 5657 5655
3 5655 5657 1544
3 5657 1542 1544
3 4328 671 670
3 4331 5658 4328
3 669 5659 4331
3 4328 5658 671
3 5658 5656 671
3 4331 5659 5658
3 5659 5660 5658
3 5658 5660 5656
3 5660 5657 5656
3 669 668 5659
3 668 5661 5659
3 5659 5661 5660
3 5661 5662 5660
3 5660 5662 5657
3 5662 1542 5657
3 5662 2568 1542
3 5661 5663 5662
3 668 5664 5661
3 5662 5663 2568
3 5663 2569 2568
3 5661 5664 5663
3 5664 5665 5663
3 5663 5665 2569
3 5665 1541 2569
3 668 667 5664
3 667 5666 5664
3 5664 5666 5665
3 5666 5667 5665
3 5665 5667 1541
3 5667 1510 1541
3 4341 667 666
3 4344 5668 4341
3 665 5669 4344
3 4341 5668 667
3 5668 5666 667
3 4344 5669 5668
3 5669 5670 5668
3 5668 5670 5666
3 5670 5667 5666
3 665 664 5669
3 664 5671 5669
3 5669 5671 5670
3 5671 5672 5670
3 5670 5672 5667
3 5672 1510 5667
3 5672 2688 1510
3 5671 5673 5672
3 664 5674 5671
3 5672 5673 2688
3 5673 2689 2688
3 5671 5674 5673
3 5674 5675 5673
3 5673 5675 2689
3 5675 1509 2689
3 664 663 5674
3 663 5676 5674
3 5674 5676 5675
3 5676 5677 5675
3 5675 5677 1509
3 5677 1507 1509
3 4360 663 662
3 4359 5678 4360
3 661 5679 4359
3 4360 5678 663
3 5678 5676 663
3 4359 5679 5678
3 5679 5680 5678
3 5678 5680 5676
3 5680 5677 5676
3 661 660 5679
3 660 5681 5679
3 5679 5681 5680
3 5681 5682 5680
3 5680 5682 5677
3 5682 1507 5677
3 5682 2709 1507
3 5681 5683 5682
3 660 5684 5681
3 5682 5683 2709
3 5683 2707 2709
3 5681 5684 5683
3 5684 5685 5683
3 5683 5685 2707
3 5685 2704 2707
3 660 659 5684
3 659 5686 5684
3 5684 5686 5685
3 5686 5687 5685
3 5685 5687 2704
3 5687 2703 2704
3 1083 659 658
3 4376 5688 1083
3 657 5689 4376
3 1083 5688 659
3 5688 5686 659
3 4376 5689 5688
3 5689 5690 5688
3 5688 5690 5686
3 5690 5687 5686
3 657 656 5689
3 656 5691 5689
3 5689 5691 5690
3 5691 5692 5690
3 5690 5692 5687
3 5692 2703 5687
3 5692 2700 2703
3 5691 5693 5692
3 656 5694 5691
3 5692 5693 2700
3 5693 2698 2700
3 5691 5694 5693
3 5694 5695 5693
3 5693 5695 2698
3 5695 2694 2698
3 656 655 5694
3 655 5696 5694
3 5694 5696 5695
3 5696 5697 5695
3 5695 5697 2694
3 5697 1497 2694
3 4380 655 654
3 4383 5698 4380
3 653 5699 4383
3 4380 5698 655
3 5698 5696 655
3 4383 5699 5698
3 5699 5700 5698
3 5698 5700 5696
3 5700 5697 5696
3 653 652 5699
3 652 5701 5699
3 5699 5701 5700
3 5701 5702 5700
3 5700 5702 5697
3 5702 1497 5697
3 5576 652 651
3 5579 5703 5576
3 650 5704 5579
3 5576 5703 652
3 5703 5701 652
3 5579 5704 5703
3 5704 5705 5703
3 5703 5705 5701
3 5705 5702 5701
3 650 649 5704
3 649 2735 5704
3 5704 2735 5705
3 2735 2734 5705
3 5705 2734 5702
3 2734 1497 5702
3 4195 5706 599
3 4194 5707 4195
3 647 5708 4194
3 4195 5707 5706
3 5707 5709 5706
3 4194 5708 5707
3 5708 5710 5707
3 5707 5710 5709
3 5710 598 5709
3 647 646 5708
3 646 5711 5708
3 5708 5711 5710
3 5711 5712 5710
3 5710 5712 598
3 5712 596 598
3 5712 2492 596
3 5711 5713 5712
3 646 5714 5711
3 5712 5713 2492
3 5713 2493 2492
3 5711 5714 5713
3 5714 5715 5713
3 5713 5715 2493
3 5715 1563 2493
3 646 645 5714
3 645 5716 5714
3 5714 5716 5715
3 5716 5717 5715
3 5715 5717 1563
3 5717 1561 1563
3 4196 645 644
3 4199 5718 4196
3 643 5719 4199
3 4196 5718 645
3 5718 5716 645
3 4199 5719 5718
3 5719 5720 5718
3 5718 5720 5716
3 5720 5717 5716
3 643 642 5719
3 642 5721 5719
3 5719 5721 5720
3 5721 5722 5720
3 5720 5722 5717
3 5722 1561 5717
3 5722 2499 1561
3 5721 5723 5722
3 642 5724 5721
3 5722 5723 2499
3 5723 2500 2499
3 5721 5724 5723
3 5724 5725 5723
3 5723 5725 2500
3 5725 1560 2500
3 642 641 5724
3 641 5726 5724
3 5724 5726 5725
3 5726 5727 5725
3 5725 5727 1560
3 5727 1558 1560
3 4203 641 640
3 4206 5728 4203
3 639 5729 4206
3 4203 5728 641
3 5728 5726 641
3 4206 5729 5728
3 5729 5730 5728
3 5728 5730 5726
3 5730 5727 5726
3 639 638 5729
3 638 5731 5729
3 5729 5731 5730
3 5731 5732 5730
3 5730 5732 5727
3 5732 1558 5727
3 5732 2506 1558
3 5731 5733 5732
3 638 5734 5731
3 5732 5733 2506
3 5733 2507 2506
3 5731 5734 5733
3 5734 5735 5733
3 5733 5735 2507
3 5735 1557 2507
3 638 637 5734
3 637 5736 5734
3 5734 5736 5735
3 5736 5737 5735
3 5735 5737 1557
3 5737 1554 1557
3 4216 637 636
3 4219 5738 4216
3 635 5739 4219
3 4216 5738 637
3 5738 5736 637
3 4219 5739 5738
3 5739 5740 5738
3 5738 5740 5736
3 5740 5737 5736
3 635 634 5739
3 634 5741 5739
3 5739 5741 5740
3 5741 5742 5740
3 5740 5742 5737
3 5742 1554 5737
3 5742 2522 1554
3 5741 5743 5742
3 634 5744 5741
3 5742 5743 2522
3 5743 2523 2522
3 5741 5744 5743
3 5744 5745 5743
3 5743 5745 2523
3 5745 1553 2523
3 634 633 5744
3 633 5746 5744
3 5744 5746 5745
3 5746 5747 5745
3 5745 5747 1553
3 5747 1551 1553
3 4223 633 632
3 4226 5748 4223
3 631 5749 4226
3 4223 5748 633
3 5748 5746 633
3 4226 5749 5748
3 5749 5750 5748
3 5748 5750 5746
3 5750 5747 5746
3 631 630 5749
3 630 5751 5749
3 5749 5751 5750
3 5751 5752 5750
3 5750 5752 5747
3 5752 1551 5747
3 5752 2529 1551
3 5751 5753 5752
3 630 5754 5751
3 5752 5753 2529
3 5753 2530 2529
3 5751 5754 5753
3 5754 5755 5753
3 5753 5755 2530
3 5755 1550 2530
3 630 629 5754
3 629 5756 5754
3 5754 5756 5755
3 5756 5757 5755
3 5755 5757 1550
3 5757 1547 1550
3 4236 629 628
3 4239 5758 4236
3 627 5759 4239
3 4236 5758 629
3 5758 5756 629
3 4239 5759 5758
3 5759 5760 5758
3 5758 5760 5756
3 5760 5757 5756
3 627 626 5759
3 626 5761 5759
3 5759 5761 5760
3 5761 5762 5760
3 5760 5762 5757
3 5762 1547 5757
3 5646 626 625
3 5649 5763 5646
3 624 5764 5649
3 5646 5763 626
3 5763 5761 626
3 5649 5764 5763
3 5764 5765 5763
3 5763 5765 5761
3 5765 5762 5761
3 624 623 5764
3 623 2546 5764
3 5764 2546 5765
3 2546 2545 5765
3 5765 2545 5762
3 2545 1547 5762
3 4136 5766 573
3 4135 5767 4136
3 621 5768 4135
3 4136 5767 5766
3 5767 5769 5766
3 4135 5768 5767
3 5768 5770 5767
3 5767 5770 5769
3 5770 572 5769
3 621 620 5768
3 620 5771 5768
3 5768 5771 5770
3 5771 5772 5770
3 5770 5772 572
3 5772 570 572
3 5772 2425 570
3 5771 5773 5772
3 620 5774 5771
3 5772 5773 2425
3 5773 2426 2425
3 5771 5774 5773
3 5774 5775 5773
3 5773 5775 2426
3 5775 1582 2426
3 620 619 5774
3 619 5776 5774
3 5774 5776 5775
3 5776 5777 5775
3 5775 5777 1582
3 5777 1580 1582
3 4137 619 618
3 4140 5778 4137
3 617 5779 4140
3 4137 5778 619
3 5778 5776 619
3 4140 5779 5778
3 5779 5780 5778
3 5778 5780 5776
3 5780 5777 5776
3 617 616 5779
3 616 5781 5779
3 5779 5781 5780
3 5781 5782 5780
3 5780 5782 5777
3 5782 1580 5777
3 5782 2432 1580
3 5781 5783 5782
3 616 5784 5781
3 5782 5783 2432
3 5783 2433 2432
3 5781 5784 5783
3 5784 5785 5783
3 5783 5785 2433
3 5785 1579 2433
3 616 615 5784
3 615 5786 5784
3 5784 5786 5785
3 5786 5787 5785
3 5785 5787 1579
3 5787 1577 1579
3 4144 615 614
3 4147 5788 4144
3 613 5789 4147
3 4144 5788 615
3 5788 5786 615
3 4147 5789 5788
3 5789 5790 5788
3 5788 5790 5786
3 5790 5787 5786
3 613 612 5789
3 612 5791 5789
3 5789 5791 5790
3 5791 5792 5790
3 5790 5792 5787
3 5792 1577 5787
3 5792 2439 1577
3 5791 5793 5792
3 612 5794 5791
3 5792 5793 2439
3 5793 2440 2439
3 5791 5794 5793
3 5794 5795 5793
3 5793 5795 2440
3 5795 1576 2440
3 612 611 5794
3 611 5796 5794
3 5794 5796 5795
3 5796 5797 5795
3 5795 5797 1576
3 5797 1573 1576
3 4157 611 610
3 4160 5798 4157
3 609 5799 4160
3 4157 5798 611
3 5798 5796 611
3 4160 5799 5798
3 5799 5800 5798
3 5798 5800 5796
3 5800 5797 5796
3 609 608 5799
3 608 5801 5799
3 5799 5801 5800
3 5801 5802 5800
3 5800 5802 5797
3 5802 1573 5797
3 5802 2454 1573
3 5801 5803 5802
3 608 5804 5801
3 5802 5803 2454
3 5803 2455 2454
3 5801 5804 5803
3 5804 5805 5803
3 5803 5805 2455
3 5805 1572 2455
3 608 607 5804
3 607 5806 5804
3 5804 5806 5805
3 5806 5807 5805
3 5805 5807 1572
3 5807 1570 1572
3 4164 607 606
3 4167 5808 4164
3 605 5809 4167
3 4164 5808 607
3 5808 5806 607
3 4167 5809 5808
3 5809 5810 5808
3 5808 5810 5806
3 5810 5807 5806
3 605 604 5809
3 604 5811 5809
3 5809 5811 5810
3 5811 5812 5810
3 5810 5812 5807
3 5812 1570 5807
3 5812 2461 1570
3 5811 5813 5812
3 604 5814 5811
3 5812 5813 2461
3 5813 2462 2461
3 5811 5814 5813
3 5814 5815 5813
3 5813 5815 2462
3 5815 1569 2462
3 604 603 5814
3 603 5816 5814
3 5814 5816 5815
3 5816 5817 5815
3 5815 5817 1569
3 5817 1566 1569
3 4177 603 602
3 4180 5818 4177
3 601 5819 4180
3 4177 5818 603
3 5818 5816 603
3 4180 5819 5818
3 5819 5820 5818
3 5818 5820 5816
3 5820 5817 5816
3 601 600 5819
3 600 5821 5819
3 5819 5821 5820
3 5821 5822 5820
3 5820 5822 5817
3 5822 1566 5817
3 5706 600 599
3 5709 5823 5706
3 598 5824 5709
3 5706 5823 600
3 5823 5821 600
3 5709 5824 5823
3 5824 5825 5823
3 5823 5825 5821
3 5825 5822 5821
3 598 597 5824
3 597 2477 5824
3 5824 2477 5825
3 2477 2476 5825
3 5825 2476 5822
3 2476 1566 5822
3 4065 5826 547
3 4068 5827 4065
3 595 5828 4068
3 4065 5827 5826
3 5827 5829 5826
3 4068 5828 5827
3 5828 5830 5827
3 5827 5830 5829
3 5830 546 5829
3 595 594 5828
3 594 5831 5828
3 5828 5831 5830
3 5831 5832 5830
3 5830 5832 546
3 5832 544 546
3 5832 2304 544
3 5831 5833 5832
3 594 5834 5831
3 5832 5833 2304
3 5833 2302 2304
3 5831 5834 5833
3 5834 5835 5833
3 5833 5835 2302
3 5835 2297 2302
3 594 593 5834
3 593 5836 5834
3 5834 5836 5835
3 5836 5837 5835
3 5835 5837 2297
3 5837 2298 2297
3 4078 593 592
3 4081 5838 4078
3 591 5839 4081
3 4078 5838 593
3 5838 5836 593
3 4081 5839 5838
3 5839 5840 5838
3 5838 5840 5836
3 5840 5837 5836
3 591 590 5839
3 590 5841 5839
3 5839 5841 5840
3 5841 5842 5840
3 5840 5842 5837
3 5842 2298 5837
3 5842 2336 2298
3 5841 5843 5842
3 590 5844 5841
3 5842 5843 2336
3 5843 2334 2336
3 5841 5844 5843
3 5844 5845 5843
3 5843 5845 2334
3 5845 2331 2334
3 590 589 5844
3 589 5846 5844
3 5844 5846 5845
3 5846 5847 5845
3 5845 5847 2331
3 5847 2330 2331
3 4085 589 588
3 4088 5848 4085
3 587 5849 4088
3 4085 5848 589
3 5848 5846 589
3 4088 5849 5848
3 5849 5850 5848
3 5848 5850 5846
3 5850 5847 5846
3 587 586 5849
3 586 5851 5849
3 5849 5851 5850
3 5851 5852 5850
3 5850 5852 5847
3 5852 2330 5847
3 5852 2327 2330
3 5851 5853 5852
3 586 5854 5851
3 5852 5853 2327
3 5853 2325 2327
3 5851 5854 5853
3 5854 5855 5853
3 5853 5855 2325
3 5855 2320 2325
3 586 585 5854
3 585 5856 5854
3 5854 5856 5855
3 5856 5857 5855
3 5855 5857 2320
3 5857 2321 2320
3 4098 585 584
3 4101 5858 4098
3 583 5859 4101
3 4098 5858 585
3 5858 5856 585
3 4101 5859 5858
3 5859 5860 5858
3 5858 5860 5856
3 5860 5857 5856
3 583 582 5859
3 582 5861 5859
3 5859 5861 5860
3 5861 5862 5860
3 5860 5862 5857
3 5862 2321 5857
3 5862 2359 2321
3 5861 5863 5862
3 582 5864 5861
3 5862 5863 2359
3 5863 2357 2359
3 5861 5864 5863
3 5864 5865 5863
3 5863 5865 2357
3 5865 2354 2357
3 582 581 5864
3 581 5866 5864
3 5864 5866 5865
3 5866 5867 5865
3 5865 5867 2354
3 5867 2353 2354
3 4105 581 580
3 4108 5868 4105
3 579 5869 4108
3 4105 5868 581
3 5868 5866 581
3 4108 5869 5868
3 5869 5870 5868
3 5868 5870 5866
3 5870 5867 5866
3 579 578 5869
3 578 5871 5869
3 5869 5871 5870
3 5871 5872 5870
3 5870 5872 5867
3 5872 2353 5867
3 5872 2350 2353
3 5871 5873 5872
3 578 5874 5871
3 5872 5873 2350
3 5873 2348 2350
3 5871 5874 5873
3 5874 5875 5873
3 5873 5875 2348
3 5875 2344 2348
3 578 577 5874
3 577 5876 5874
3 5874 5876 5875
3 5876 5877 5875
3 5875 5877 2344
3 5877 1584 2344
3 4124 577 576
3 4127 5878 4124
3 575 5879 4127
3 4124 5878 577
3 5878 5876 577
3 4127 5879 5878
3 5879 5880 5878
3 5878 5880 5876
3 5880 5877 5876
3 575 574 5879
3 574 5881 5879
3 5879 5881 5880
3 5881 5882 5880
3 5880 5882 5877
3 5882 1584 5877
3 5766 574 573
3 5769 5883 5766
3 572 5884 5769
3 5766 5883 574
3 5883 5881 574
3 5769 5884 5883
3 5884 5885 5883
3 5883 5885 5881
3 5885 5882 5881
3 572 571 5884
3 571 2419 5884
3 5884 2419 5885
3 2419 2418 5885
3 5885 2418 5882
3 2418 1584 5882
3 4012 5886 481
3 4015 5887 4012
3 569 5888 4015
3 4012 5887 5886
3 5887 5889 5886
3 4015 5888 5887
3 5888 5890 5887
3 5887 5890 5889
3 5890 480 5889
3 569 568 5888
3 568 5891 5888
3 5888 5891 5890
3 5891 5892 5890
3 5890 5892 480
3 5892 478 480
3 5892 2254 478
3 5891 5893 5892
3 568 5894 5891
3 5892 5893 2254
3 5893 2255 2254
3 5891 5894 5893
3 5894 5895 5893
3 5893 5895 2255
3 5895 1628 2255
3 568 567 5894
3 567 5896 5894
3 5894 5896 5895
3 5896 5897 5895
3 5895 5897 1628
3 5897 1626 1628
3 4024 567 566
3 4023 5898 4024
3 565 5899 4023
3 4024 5898 567
3 5898 5896 567
3 4023 5899 5898
3 5899 5900 5898
3 5898 5900 5896
3 5900 5897 5896
3 565 564 5899
3 564 5901 5899
3 5899 5901 5900
3 5901 5902 5900
3 5900 5902 5897
3 5902 1626 5897
3 5902 2261 1626
3 5901 5903 5902
3 564 5904 5901
3 5902 5903 2261
3 5903 2262 2261
3 5901 5904 5903
3 5904 5905 5903
3 5903 5905 2262
3 5905 1625 2262
3 564 563 5904
3 563 5906 5904
3 5904 5906 5905
3 5906 5907 5905
3 5905 5907 1625
3 5907 1623 1625
3 4025 563 562
3 4028 5908 4025
3 561 5909 4028
3 4025 5908 563
3 5908 5906 563
3 4028 5909 5908
3 5909 5910 5908
3 5908 5910 5906
3 5910 5907 5906
3 561 560 5909
3 560 5911 5909
3 5909 5911 5910
3 5911 5912 5910
3 5910 5912 5907
3 5912 1623 5907
3 5912 2268 1623
3 5911 5913 5912
3 560 5914 5911
3 5912 5913 2268
3 5913 2269 2268
3 5911 5914 5913
3 5914 5915 5913
3 5913 5915 2269
3 5915 1622 2269
3 560 559 5914
3 559 5916 5914
3 5914 5916 5915
3 5916 5917 5915
3 5915 5917 1622
3 5917 1620 1622
3 4032 559 558
3 4035 5918 4032
3 557 5919 4035
3 4032 5918 559
3 5918 5916 559
3 4035 5919 5918
3 5919 5920 5918
3 5918 5920 5916
3 5920 5917 5916
3 557 556 5919
3 556 5921 5919
3 5919 5921 5920
3 5921 5922 5920
3 5920 5922 5917
3 5922 1620 5917
3 5922 2275 1620
3 5921 5923 5922
3 556 5924 5921
3 5922 5923 2275
3 5923 2276 2275
3 5921 5924 5923
3 5924 5925 5923
3 5923 5925 2276
3 5925 1619 2276
3 556 555 5924
3 555 5926 5924
3 5924 5926 5925
3 5926 5927 5925
3 5925 5927 1619
3 5927 1616 1619
3 4045 555 554
3 4048 5928 4045
3 553 5929 4048
3 4045 5928 555
3 5928 5926 555
3 4048 5929 5928
3 5929 5930 5928
3 5928 5930 5926
3 5930 5927 5926
3 553 552 5929
3 552 5931 5929
3 5929 5931 5930
3 5931 5932 5930
3 5930 5932 5927
3 5932 1616 5927
3 5932 2290 1616
3 5931 5933 5932
3 552 5934 5931
3 5932 5933 2290
3 5933 2291 2290
3 5931 5934 5933
3 5934 5935 5933
3 5933 5935 2291
3 5935 1615 2291
3 552 551 5934
3 551 5936 5934
3 5934 5936 5935
3 5936 5937 5935
3 5935 5937 1615
3 5937 1613 1615
3 4058 551 550
3 4061 5938 4058
3 549 5939 4061
3 4058 5938 551
3 5938 5936 551
3 4061 5939 5938
3 5939 5940 5938
3 5938 5940 5936
3 5940 5937 5936
3 549 548 5939
3 548 5941 5939
3 5939 5941 5940
3 5941 5942 5940
3 5940 5942 5937
3 5942 1613 5937
3 5826 548 547
3 5829 5943 5826
3 546 5944 5829
3 5826 5943 548
3 5943 5941 548
3 5829 5944 5943
3 5944 5945 5943
3 5943 5945 5941
3 5945 5942 5941
3 546 545 5944
3 545 2309 5944
3 5944 2309 5945
3 2309 2311 5945
3 5945 2311 5942
3 2311 1613 5942
3 3900 5946 475
3 3903 5947 3900
3 543 5948 3903
3 3900 5947 5946
3 5947 5949 5946
3 3903 5948 5947
3 5948 5950 5947
3 5947 5950 5949
3 5950 474 5949
3 543 542 5948
3 542 5951 5948
3 5948 5951 5950
3 5951 5952 5950
3 5950 5952 474
3 5952 472 474
3 5952 2137 472
3 5951 5953 5952
3 542 5954 5951
3 5952 5953 2137
3 5953 2138 2137
3 5951 5954 5953
3 5954 5955 5953
3 5953 5955 2138
3 5955 1675 2138
3 542 541 5954
3 541 5956 5954
3 5954 5956 5955
3 5956 5957 5955
3 5955 5957 1675
3 5957 1673 1675
3 3912 541 540
3 3911 5958 3912
3 539 5959 3911
3 3912 5958 541
3 5958 5956 541
3 3911 5959 5958
3 5959 5960 5958
3 5958 5960 5956
3 5960 5957 5956
3 539 538 5959
3 538 5961 5959
3 5959 5961 5960
3 5961 5962 5960
3 5960 5962 5957
3 5962 1673 5957
3 5962 2144 1673
3 5961 5963 5962
3 538 5964 5961
3 5962 5963 2144
3 5963 2145 2144
3 5961 5964 5963
3 5964 5965 5963
3 5963 5965 2145
3 5965 1672 2145
3 538 537 5964
3 537 5966 5964
3 5964 5966 5965
3 5966 5967 5965
3 5965 5967 1672
3 5967 1670 1672
3 3913 537 536
3 3916 5968 3913
3 535 5969 3916
3 3913 5968 537
3 5968 5966 537
3 3916 5969 5968
3 5969 5970 5968
3 5968 5970 5966
3 5970 5967 5966
3 535 534 5969
3 534 5971 5969
3 5969 5971 5970
3 5971 5972 5970
3 5970 5972 5967
3 5972 1670 5967
3 5972 2151 1670
3 5971 5973 5972
3 534 5974 5971
3 5972 5973 2151
3 5973 2152 2151
3 5971 5974 5973
3 5974 5975 5973
3 5973 5975 2152
3 5975 1669 2152
3 534 533 5974
3 533 5976 5974
3 5974 5976 5975
3 5976 5977 5975
3 5975 5977 1669
3 5977 1667 1669
3 3920 533 532
3 3923 5978 3920
3 531 5979 3923
3 3920 5978 533
3 5978 5976 533
3 3923 5979 5978
3 5979 5980 5978
3 5978 5980 5976
3 5980 5977 5976
3 531 530 5979
3 530 5981 5979
3 5979 5981 5980
3 5981 5982 5980
3 5980 5982 5977
3 5982 1667 5977
3 5982 2158 1667
3 5981 5983 5982
3 530 5984 5981
3 5982 5983 2158
3 5983 2159 2158
3 5981 5984 5983
3 5984 5985 5983
3 5983 5985 2159
3 5985 1666 2159
3 530 529 5984
3 529 5986 5984
3 5984 5986 5985
3 5986 5987 5985
3 5985 5987 1666
3 5987 1664 1666
3 3932 529 528
3 3931 5988 3932
3 527 5989 3931
3 3932 5988 529
3 5988 5986 529
3 3931 5989 5988
3 5989 5990 5988
3 5988 5990 5986
3 5990 5987 5986
3 527 526 5989
3 526 5991 5989
3 5989 5991 5990
3 5991 5992 5990
3 5990 5992 5987
3 5992 1664 5987
3 5992 2165 1664
3 5991 5993 5992
3 526 5994 5991
3 5992 5993 2165
3 5993 2166 2165
3 5991 5994 5993
3 5994 5995 5993
3 5993 5995 2166
3 5995 1663 2166
3 526 525 5994
3 525 5996 5994
3 5994 5996 5995
3 5996 5997 5995
3 5995 5997 1663
3 5997 1661 1663
3 3933 525 524
3 3936 5998 3933
3 523 5999 3936
3 3933 5998 525
3 5998 5996 525
3 3936 5999 5998
3 5999 6000 5998
3 5998 6000 5996
3 6000 5997 5996
3 523 522 5999
3 522 6001 5999
3 5999 6001 6000
3 6001 6002 6000
3 6000 6002 5997
3 6002 1661 5997
3 6002 2172 1661
3 6001 6003 6002
3 522 6004 6001
3 6002 6003 2172
3 6003 2173 2172
3 6001 6004 6003
3 6004 6005 6003
3 6003 6005 2173
3 6005 1660 2173
3 522 521 6004
3 521 6006 6004
3 6004 6006 6005
3 6006 6007 6005
3 6005 6007 1660
3 6007 1658 1660
3 3940 521 520
3 3943 6008 3940
3 519 6009 3943
3 3940 6008 521
3 6008 6006 521
3 3943 6009 6008
3 6009 6010 6008
3 6008 6010 6006
3 6010 6007 6006
3 519 518 6009
3 518 6011 6009
3 6009 6011 6010
3 6011 6012 6010
3 6010 6012 6007
3 6012 1658 6007
3 6012 2179 1658
3 6011 6013 6012
3 518 6014 6011
3 6012 6013 2179
3 6013 2180 2179
3 6011 6014 6013
3 6014 6015 6013
3 6013 6015 2180
3 6015 1657 2180
3 518 517 6014
3 517 6016 6014
3 6014 6016 6015
3 6016 6017 6015
3 6015 6017 1657
3 6017 1655 1657
3 3952 517 516
3 3951 6018 3952
3 515 6019 3951
3 3952 6018 517
3 6018 6016 517
3 3951 6019 6018
3 6019 6020 6018
3 6018 6020 6016
3 6020 6017 6016
3 515 514 6019
3 514 6021 6019
3 6019 6021 6020
3 6021 6022 6020
3 6020 6022 6017
3 6022 1655 6017
3 6022 2186 1655
3 6021 6023 6022
3 514 6024 6021
3 6022 6023 2186
3 6023 2187 2186
3 6021 6024 6023
3 6024 6025 6023
3 6023 6025 2187
3 6025 1654 2187
3 514 513 6024
3 513 6026 6024
3 6024 6026 6025
3 6026 6027 6025
3 6025 6027 1654
3 6027 1652 1654
3 3953 513 512
3 3956 6028 3953
3 511 6029 3956
3 3953 6028 513
3 6028 6026 513
3 3956 6029 6028
3 6029 6030 6028
3 6028 6030 6026
3 6030 6027 6026
3 511 510 6029
3 510 6031 6029
3 6029 6031 6030
3 6031 6032 6030
3 6030 6032 6027
3 6032 1652 6027
3 6032 2193 1652
3 6031 6033 6032
3 510 6034 6031
3 6032 6033 2193
3 6033 2194 2193
3 6031 6034 6033
3 6034 6035 6033
3 6033 6035 2194
3 6035 1651 2194
3 510 509 6034
3 509 6036 6034
3 6034 6036 6035
3 6036 6037 6035
3 6035 6037 1651
3 6037 1649 1651
3 3960 509 508
3 3963 6038 3960
3 507 6039 3963
3 3960 6038 509
3 6038 6036 509
3 3963 6039 6038
3 6039 6040 6038
3 6038 6040 6036
3 6040 6037 6036
3 507 506 6039
3 506 6041 6039
3 6039 6041 6040
3 6041 6042 6040
3 6040 6042 6037
3 6042 1649 6037
3 6042 2200 1649
3 6041 6043 6042
3 506 6044 6041
3 6042 6043 2200
3 6043 2201 2200
3 6041 6044 6043
3 6044 6045 6043
3 6043 6045 2201
3 6045 1648 2201
3 506 505 6044
3 505 6046 6044
3 6044 6046 6045
3 6046 6047 6045
3 6045 6047 1648
3 6047 1646 1648
3 3972 505 504
3 3971 6048 3972
3 503 6049 3971
3 3972 6048 505
3 6048 6046 505
3 3971 6049 6048
3 6049 6050 6048
3 6048 6050 6046
3 6050 6047 6046
3 503 502 6049
3 502 6051 6049
3 6049 6051 6050
3 6051 6052 6050
3 6050 6052 6047
3 6052 1646 6047
3 6052 2207 1646
3 6051 6053 6052
3 502 6054 6051
3 6052 6053 2207
3 6053 2208 2207
3 6051 6054 6053
3 6054 6055 6053
3 6053 6055 2208
3 6055 1645 2208
3 502 501 6054
3 501 6056 6054
3 6054 6056 6055
3 6056 6057 6055
3 6055 6057 1645
3 6057 1643 1645
3 3973 501 500
3 3976 6058 3973
3 499 6059 3976
3 3973 6058 501
3 6058 6056 501
3 3976 6059 6058
3 6059 6060 6058
3 6058 6060 6056
3 6060 6057 6056
3 499 498 6059
3 498 6061 6059
3 6059 6061 6060
3 6061 6062 6060
3 6060 6062 6057
3 6062 1643 6057
3 6062 2214 1643
3 6061 6063 6062
3 498 6064 6061
3 6062 6063 2214
3 6063 2215 2214
3 6061 6064 6063
3 6064 6065 6063
3 6063 6065 2215
3 6065 1642 2215
3 498 497 6064
3 497 6066 6064
3 6064 6066 6065
3 6066 6067 6065
3 6065 6067 1642
3 6067 1640 1642
3 3980 497 496
3 3983 6068 3980
3 495 6069 3983
3 3980 6068 497
3 6068 6066 497
3 3983 6069 6068
3 6069 6070 6068
3 6068 6070 6066
3 6070 6067 6066
3 495 494 6069
3 494 6071 6069
3 6069 6071 6070
3 6071 6072 6070
3 6070 6072 6067
3 6072 1640 6067
3 6072 2221 1640
3 6071 6073 6072
3 494 6074 6071
3 6072 6073 2221
3 6073 2222 2221
3 6071 6074 6073
3 6074 6075 6073
3 6073 6075 2222
3 6075 1639 2222
3 494 493 6074
3 493 6076 6074
3 6074 6076 6075
3 6076 6077 6075
3 6075 6077 1639
3 6077 1637 1639
3 3992 493 492
3 3991 6078 3992
3 491 6079 3991
3 3992 6078 493
3 6078 6076 493
3 3991 6079 6078
3 6079 6080 6078
3 6078 6080 6076
3 6080 6077 6076
3 491 490 6079
3 490 6081 6079
3 6079 6081 6080
3 6081 6082 6080
3 6080 6082 6077
3 6082 1637 6077
3 6082 2228 1637
3 6081 6083 6082
3 490 6084 6081
3 6082 6083 2228
3 6083 2229 2228
3 6081 6084 6083
3 6084 6085 6083
3 6083 6085 2229
3 6085 1636 2229
3 490 489 6084
3 489 6086 6084
3 6084 6086 6085
3 6086 6087 6085
3 6085 6087 1636
3 6087 1634 1636
3 3993 489 488
3 3996 6088 3993
3 487 6089 3996
3 3993 6088 489
3 6088 6086 489
3 3996 6089 6088
3 6089 6090 6088
3 6088 6090 6086
3 6090 6087 6086
3 487 486 6089
3 486 6091 6089
3 6089 6091 6090
3 6091 6092 6090
3 6090 6092 6087
3 6092 1634 6087
3 6092 2235 1634
3 6091 6093 6092
3 486 6094 6091
3 6092 6093 2235
3 6093 2236 2235
3 6091 6094 6093
3 6094 6095 6093
3 6093 6095 2236
3 6095 1633 2236
3 486 485 6094
3 485 6096 6094
3 6094 6096 6095
3 6096 6097 6095
3 6095 6097 1633
3 6097 1631 1633
3 4000 485 484
3 4003 6098 4000
3 483 6099 4003
3 4000 6098 485
3 6098 6096 485
3 4003 6099 6098
3 6099 6100 6098
3 6098 6100 6096
3 6100 6097 6096
3 483 482 6099
3 482 6101 6099
3 6099 6101 6100
3 6101 6102 6100
3 6100 6102 6097
3 6102 1631 6097
3 5886 482 481
3 5889 6103 5886
3 480 6104 5889
3 5886 6103 482
3 6103 6101 482
3 5889 6104 6103
3 6104 6105 6103
3 6103 6105 6101
3 6105 6102 6101
3 480 479 6104
3 479 2243 6104
3 6104 2243 6105
3 2243 2242 6105
3 6105 2242 6102
3 2242 1631 6102
3 3880 6106 369
3 3884 6107 3880
3 477 6108 3884
3 3880 6107 6106
3 6107 6109 6106
3 3884 6108 6107
3 6108 6110 6107
3 6107 6110 6109
3 6110 368 6109
3 477 476 6108
3 476 6111 6108
3 6108 6111 6110
3 6111 6112 6110
3 6110 6112 368
3 6112 366 368
3 5946 476 475
3 5949 6113 5946
3 474 6114 5949
3 5946 6113 476
3 6113 6111 476
3 5949 6114 6113
3 6114 6115 6113
3 6113 6115 6111
3 6115 6112 6111
3 474 473 6114
3 473 1778 6114
3 6114 1778 6115
3 1778 1780 6115
3 6115 1780 6112
3 1780 366 6112
3 3606 6116 311
3 3609 6117 3606
3 471 6118 3609
3 3606 6117 6116
3 6117 6119 6116
3 3609 6118 6117
3 6118 6120 6117
3 6117 6120 6119
3 6120 310 6119
3 471 470 6118
3 470 6121 6118
3 6118 6121 6120
3 6121 6122 6120
3 6120 6122 310
3 6122 308 310
3 6122 1788 308
3 6121 6123 6122
3 470 6124 6121
3 6122 6123 1788
3 6123 1786 1788
3 6121 6124 6123
3 6124 6125 6123
3 6123 6125 1786
3 6125 1782 1786
3 470 469 6124
3 469 6126 6124
3 6124 6126 6125
3 6126 6127 6125
3 6125 6127 1782
3 6127 1762 1782
3 3625 469 468
3 3628 6128 3625
3 467 6129 3628
3 3625 6128 469
3 6128 6126 469
3 3628 6129 6128
3 6129 6130 6128
3 6128 6130 6126
3 6130 6127 6126
3 467 466 6129
3 466 6131 6129
3 6129 6131 6130
3 6131 6132 6130
3 6130 6132 6127
3 6132 1762 6127
3 6132 1815 1762
3 6131 6133 6132
3 466 6134 6131
3 6132 6133 1815
3 6133 1816 1815
3 6131 6134 6133
3 6134 6135 6133
3 6133 6135 1816
3 6135 1761 1816
3 466 465 6134
3 465 6136 6134
3 6134 6136 6135
3 6136 6137 6135
3 6135 6137 1761
3 6137 1757 1761
3 3644 465 464
3 3647 6138 3644
3 463 6139 3647
3 3644 6138 465
3 6138 6136 465
3 3647 6139 6138
3 6139 6140 6138
3 6138 6140 6136
3 6140 6137 6136
3 463 462 6139
3 462 6141 6139
3 6139 6141 6140
3 6141 6142 6140
3 6140 6142 6137
3 6142 1757 6137
3 6142 1840 1757
3 6141 6143 6142
3 462 6144 6141
3 6142 6143 1840
3 6143 1841 1840
3 6141 6144 6143
3 6144 6145 6143
3 6143 6145 1841
3 6145 1756 1841
3 462 461 6144
3 461 6146 6144
3 6144 6146 6145
3 6146 6147 6145
3 6145 6147 1756
3 6147 1753 1756
3 3657 461 460
3 3660 6148 3657
3 459 6149 3660
3 3657 6148 461
3 6148 6146 461
3 3660 6149 6148
3 6149 6150 6148
3 6148 6150 6146
3 6150 6147 6146
3 459 458 6149
3 458 6151 6149
3 6149 6151 6150
3 6151 6152 6150
3 6150 6152 6147
3 6152 1753 6147
3 6152 1856 1753
3 6151 6153 6152
3 458 6154 6151
3 6152 6153 1856
3 6153 1857 1856
3 6151 6154 6153
3 6154 6155 6153
3 6153 6155 1857
3 6155 1752 1857
3 458 457 6154
3 457 6156 6154
3 6154 6156 6155
3 6156 6157 6155
3 6155 6157 1752
3 6157 1750 1752
3 3664 457 456
3 3667 6158 3664
3 455 6159 3667
3 3664 6158 457
3 6158 6156 457
3 3667 6159 6158
3 6159 6160 6158
3 6158 6160 6156
3 6160 6157 6156
3 455 454 6159
3 454 6161 6159
3 6159 6161 6160
3 6161 6162 6160
3 6160 6162 6157
3 6162 1750 6157
3 6162 1863 1750
3 6161 6163 6162
3 454 6164 6161
3 6162 6163 1863
3 6163 1864 1863
3 6161 6164 6163
3 6164 6165 6163
3 6163 6165 1864
3 6165 1749 1864
3 454 453 6164
3 453 6166 6164
3 6164 6166 6165
3 6166 6167 6165
3 6165 6167 1749
3 6167 1746 1749
3 3677 453 452
3 3680 6168 3677
3 451 6169 3680
3 3677 6168 453
3 6168 6166 453
3 3680 6169 6168
3 6169 6170 6168
3 6168 6170 6166
3 6170 6167 6166
3 451 450 6169
3 450 6171 6169
3 6169 6171 6170
3 6171 6172 6170
3 6170 6172 6167
3 6172 1746 6167
3 6172 1879 1746
3 6171 6173 6172
3 450 6174 6171
3 6172 6173 1879
3 6173 1880 1879
3 6171 6174 6173
3 6174 6175 6173
3 6173 6175 1880
3 6175 1745 1880
3 450 449 6174
3 449 6176 6174
3 6174 6176 6175
3 6176 6177 6175
3 6175 6177 1745
3 6177 1742 1745
3 3690 449 448
3 3693 6178 3690
3 447 6179 3693
3 3690 6178 449
3 6178 6176 449
3 3693 6179 6178
3 6179 6180 6178
3 6178 6180 6176
3 6180 6177 6176
3 447 446 6179
3 446 6181 6179
3 6179 6181 6180
3 6181 6182 6180
3 6180 6182 6177
3 6182 1742 6177
3 6182 1895 1742
3 6181 6183 6182
3 446 6184 6181
3 6182 6183 1895
3 6183 1896 1895
3 6181 6184 6183
3 6184 6185 6183
3 6183 6185 1896
3 6185 1741 1896
3 446 445 6184
3 445 6186 6184
3 6184 6186 6185
3 6186 6187 6185
3 6185 6187 1741
3 6187 1739 1741
3 3697 445 444
3 3700 6188 3697
3 443 6189 3700
3 3697 6188 445
3 6188 6186 445
3 3700 6189 6188
3 6189 6190 6188
3 6188 6190 6186
3 6190 6187 6186
3 443 442 6189
3 442 6191 6189
3 6189 6191 6190
3 6191 6192 6190
3 6190 6192 6187
3 6192 1739 6187
3 6192 1902 1739
3 6191 6193 6192
3 442 6194 6191
3 6192 6193 1902
3 6193 1903 1902
3 6191 6194 6193
3 6194 6195 6193
3 6193 6195 1903
3 6195 1738 1903
3 442 441 6194
3 441 6196 6194
3 6194 6196 6195
3 6196 6197 6195
3 6195 6197 1738
3 6197 1735 1738
3 3710 441 440
3 3713 6198 3710
3 439 6199 3713
3 3710 6198 441
3 6198 6196 441
3 3713 6199 6198
3 6199 6200 6198
3 6198 6200 6196
3 6200 6197 6196
3 439 438 6199
3 438 6201 6199
3 6199 6201 6200
3 6201 6202 6200
3 6200 6202 6197
3 6202 1735 6197
3 6202 1918 1735
3 6201 6203 6202
3 438 6204 6201
3 6202 6203 1918
3 6203 1919 1918
3 6201 6204 6203
3 6204 6205 6203
3 6203 6205 1919
3 6205 1734 1919
3 438 437 6204
3 437 6206 6204
3 6204 6206 6205
3 6206 6207 6205
3 6205 6207 1734
3 6207 1731 1734
3 3723 437 436
3 3726 6208 3723
3 435 6209 3726
3 3723 6208 437
3 6208 6206 437
3 3726 6209 6208
3 6209 6210 6208
3 6208 6210 6206
3 6210 6207 6206
3 435 434 6209
3 434 6211 6209
3 6209 6211 6210
3 6211 6212 6210
3 6210 6212 6207
3 6212 1731 6207
3 6212 1934 1731
3 6211 6213 6212
3 434 6214 6211
3 6212 6213 1934
3 6213 1935 1934
3 6211 6214 6213
3 6214 6215 6213
3 6213 6215 1935
3 6215 1730 1935
3 434 433 6214
3 433 6216 6214
3 6214 6216 6215
3 6216 6217 6215
3 6215 6217 1730
3 6217 1728 1730
3 3730 433 432
3 3733 6218 3730
3 431 6219 3733
3 3730 6218 433
3 6218 6216 433
3 3733 6219 6218
3 6219 6220 6218
3 6218 6220 6216
3 6220 6217 6216
3 431 430 6219
3 430 6221 6219
3 6219 6221 6220
3 6221 6222 6220
3 6220 6222 6217
3 6222 1728 6217
3 6222 1941 1728
3 6221 6223 6222
3 430 6224 6221
3 6222 6223 1941
3 6223 1942 1941
3 6221 6224 6223
3 6224 6225 6223
3 6223 6225 1942
3 6225 1727 1942
3 430 429 6224
3 429 6226 6224
3 6224 6226 6225
3 6226 6227 6225
3 6225 6227 1727
3 6227 1724 1727
3 3743 429 428
3 3746 6228 3743
3 427 6229 3746
3 3743 6228 429
3 6228 6226 429
3 3746 6229 6228
3 6229 6230 6228
3 6228 6230 6226
3 6230 6227 6226
3 427 426 6229
3 426 6231 6229
3 6229 6231 6230
3 6231 6232 6230
3 6230 6232 6227
3 6232 1724 6227
3 6232 1957 1724
3 6231 6233 6232
3 426 6234 6231
3 6232 6233 1957
3 6233 1958 1957
3 6231 6234 6233
3 6234 6235 6233
3 6233 6235 1958
3 6235 1723 1958
3 426 425 6234
3 425 6236 6234
3 6234 6236 6235
3 6236 6237 6235
3 6235 6237 1723
3 6237 1720 1723
3 3756 425 424
3 3759 6238 3756
3 423 6239 3759
3 3756 6238 425
3 6238 6236 425
3 3759 6239 6238
3 6239 6240 6238
3 6238 6240 6236
3 6240 6237 6236
3 423 422 6239
3 422 6241 6239
3 6239 6241 6240
3 6241 6242 6240
3 6240 6242 6237
3 6242 1720 6237
3 6242 1973 1720
3 6241 6243 6242
3 422 6244 6241
3 6242 6243 1973
3 6243 1974 1973
3 6241 6244 6243
3 6244 6245 6243
3 6243 6245 1974
3 6245 1719 1974
3 422 421 6244
3 421 6246 6244
3 6244 6246 6245
3 6246 6247 6245
3 6245 6247 1719
3 6247 1717 1719
3 3763 421 420
3 3766 6248 3763
3 419 6249 3766
3 3763 6248 421
3 6248 6246 421
3 3766 6249 6248
3 6249 6250 6248
3 6248 6250 6246
3 6250 6247 6246
3 419 418 6249
3 418 6251 6249
3 6249 6251 6250
3 6251 6252 6250
3 6250 6252 6247
3 6252 1717 6247
3 6252 1980 1717
3 6251 6253 6252
3 418 6254 6251
3 6252 6253 1980
3 6253 1981 1980
3 6251 6254 6253
3 6254 6255 6253
3 6253 6255 1981
3 6255 1716 1981
3 418 417 6254
3 417 6256 6254
3 6254 6256 6255
3 6256 6257 6255
3 6255 6257 1716
3 6257 1713 1716
3 3776 417 416
3 3779 6258 3776
3 415 6259 3779
3 3776 6258 417
3 6258 6256 417
3 3779 6259 6258
3 6259 6260 6258
3 6258 6260 6256
3 6260 6257 6256
3 415 414 6259
3 414 6261 6259
3 6259 6261 6260
3 6261 6262 6260
3 6260 6262 6257
3 6262 1713 6257
3 6262 1995 1713
3 6261 6263 6262
3 414 6264 6261
3 6262 6263 1995
3 6263 1996 1995
3 6261 6264 6263
3 6264 6265 6263
3 6263 6265 1996
3 6265 1712 1996
3 414 413 6264
3 413 6266 6264
3 6264 6266 6265
3 6266 6267 6265
3 6265 6267 1712
3 6267 1710 1712
3 3783 413 412
3 3786 6268 3783
3 411 6269 3786
3 3783 6268 413
3 6268 6266 413
3 3786 6269 6268
3 6269 6270 6268
3 6268 6270 6266
3 6270 6267 6266
3 411 410 6269
3 410 6271 6269
3 6269 6271 6270
3 6271 6272 6270
3 6270 6272 6267
3 6272 1710 6267
3 6272 2002 1710
3 6271 6273 6272
3 410 6274 6271
3 6272 6273 2002
3 6273 2003 2002
3 6271 6274 6273
3 6274 6275 6273
3 6273 6275 2003
3 6275 1709 2003
3 410 409 6274
3 409 6276 6274
3 6274 6276 6275
3 6276 6277 6275
3 6275 6277 1709
3 6277 1706 1709
3 3796 409 408
3 3799 6278 3796
3 407 6279 3799
3 3796 6278 409
3 6278 6276 409
3 3799 6279 6278
3 6279 6280 6278
3 6278 6280 6276
3 6280 6277 6276
3 407 406 6279
3 406 6281 6279
3 6279 6281 6280
3 6281 6282 6280
3 6280 6282 6277
3 6282 1706 6277
3 6282 2017 1706
3 6281 6283 6282
3 406 6284 6281
3 6282 6283 2017
3 6283 2018 2017
3 6281 6284 6283
3 6284 6285 6283
3 6283 6285 2018
3 6285 1705 2018
3 406 405 6284
3 405 6286 6284
3 6284 6286 6285
3 6286 6287 6285
3 6285 6287 1705
3 6287 1702 1705
3 3809 405 404
3 3812 6288 3809
3 403 6289 3812
3 3809 6288 405
3 6288 6286 405
3 3812 6289 6288
3 6289 6290 6288
3 6288 6290 6286
3 6290 6287 6286
3 403 402 6289
3 402 6291 6289
3 6289 6291 6290
3 6291 6292 6290
3 6290 6292 6287
3 6292 1702 6287
3 6292 2033 1702
3 6291 6293 6292
3 402 6294 6291
3 6292 6293 2033
3 6293 2034 2033
3 6291 6294 6293
3 6294 6295 6293
3 6293 6295 2034
3 6295 1701 2034
3 402 401 6294
3 401 6296 6294
3 6294 6296 6295
3 6296 6297 6295
3 6295 6297 1701
3 6297 1698 1701
3 3822 401 400
3 3825 6298 3822
3 399 6299 3825
3 3822 6298 401
3 6298 6296 401
3 3825 6299 6298
3 6299 6300 6298
3 6298 6300 6296
3 6300 6297 6296
3 399 398 6299
3 398 6301 6299
3 6299 6301 6300
3 6301 6302 6300
3 6300 6302 6297
3 6302 1698 6297
3 6302 2049 1698
3 6301 6303 6302
3 398 6304 6301
3 6302 6303 2049
3 6303 2050 2049
3 6301 6304 6303
3 6304 6305 6303
3 6303 6305 2050
3 6305 1697 2050
3 398 397 6304
3 397 6306 6304
3 6304 6306 6305
3 6306 6307 6305
3 6305 6307 1697
3 6307 1694 1697
3 3835 397 396
3 3838 6308 3835
3 395 6309 3838
3 3835 6308 397
3 6308 6306 397
3 3838 6309 6308
3 6309 6310 6308
3 6308 6310 6306
3 6310 6307 6306
3 395 394 6309
3 394 6311 6309
3 6309 6311 6310
3 6311 6312 6310
3 6310 6312 6307
3 6312 1694 6307
3 6312 2065 1694
3 6311 6313 6312
3 394 6314 6311
3 6312 6313 2065
3 6313 2066 2065
3 6311 6314 6313
3 6314 6315 6313
3 6313 6315 2066
3 6315 1693 2066
3 394 393 6314
3 393 6316 6314
3 6314 6316 6315
3 6316 6317 6315
3 6315 6317 1693
3 6317 1690 1693
3 3848 393 392
3 3851 6318 3848
3 391 6319 3851
3 3848 6318 393
3 6318 6316 393
3 3851 6319 6318
3 6319 6320 6318
3 6318 6320 6316
3 6320 6317 6316
3 391 390 6319
3 390 6321 6319
3 6319 6321 6320
3 6321 6322 6320
3 6320 6322 6317
3 6322 1690 6317
3 6322 2081 1690
3 6321 6323 6322
3 390 6324 6321
3 6322 6323 2081
3 6323 2082 2081
3 6321 6324 6323
3 6324 6325 6323
3 6323 6325 2082
3 6325 1689 2082
3 390 389 6324
3 389 6326 6324
3 6324 6326 6325
3 6326 6327 6325
3 6325 6327 1689
3 6327 1686 1689
3 3861 389 388
3 3864 6328 3861
3 387 6329 3864
3 3861 6328 389
3 6328 6326 389
3 3864 6329 6328
3 6329 6330 6328
3 6328 6330 6326
3 6330 6327 6326
3 387 386 6329
3 386 6331 6329
3 6329 6331 6330
3 6331 6332 6330
3 6330 6332 6327
3 6332 1686 6327
3 6332 2097 1686
3 6331 6333 6332
3 386 6334 6331
3 6332 6333 2097
3 6333 2098 2097
3 6331 6334 6333
3 6334 6335 6333
3 6333 6335 2098
3 6335 1685 2098
3 386 385 6334
3 385 6336 6334
3 6334 6336 6335
3 6336 6337 6335
3 6335 6337 1685
3 6337 1682 1685
3 3879 385 384
3 3878 6338 3879
3 383 6339 3878
3 3879 6338 385
3 6338 6336 385
3 3878 6339 6338
3 6339 6340 6338
3 6338 6340 6336
3 6340 6337 6336
3 383 382 6339
3 382 6341 6339
3 6339 6341 6340
3 6341 6342 6340
3 6340 6342 6337
3 6342 1682 6337
3 6342 2113 1682
3 6341 6343 6342
3 382 6344 6341
3 6342 6343 2113
3 6343 2114 2113
3 6341 6344 6343
3 6344 6345 6343
3 6343 6345 2114
3 6345 1681 2114
3 382 381 6344
3 381 6346 6344
3 6344 6346 6345
3 6346 6347 6345
3 6345 6347 1681
3 6347 1679 1681
3 1192 381 380
3 3894 6348 1192
3 379 6349 3894
3 1192 6348 381
3 6348 6346 381
3 3894 6349 6348
3 6349 6350 6348
3 6348 6350 6346
3 6350 6347 6346
3 379 378 6349
3 378 6351 6349
3 6349 6351 6350
3 6351 6352 6350
3 6350 6352 6347
3 6352 1679 6347
3 6352 2134 1679
3 6351 6353 6352
3 378 6354 6351
3 6352 6353 2134
3 6353 2132 2134
3 6351 6354 6353
3 6354 6355 6353
3 6353 6355 2132
3 6355 2129 2132
3 378 377 6354
3 377 6356 6354
3 6354 6356 6355
3 6356 6357 6355
3 6355 6357 2129
3 6357 2128 2129
3 1194 377 376
3 3888 6358 1194
3 375 6359 3888
3 1194 6358 377
3 6358 6356 377
3 3888 6359 6358
3 6359 6360 6358
3 6358 6360 6356
3 6360 6357 6356
3 375 374 6359
3 374 6361 6359
3 6359 6361 6360
3 6361 6362 6360
3 6360 6362 6357
3 6362 2128 6357
3 6362 2125 2128
3 6361 6363 6362
3 374 6364 6361
3 6362 6363 2125
3 6363 2123 2125
3 6361 6364 6363
3 6364 6365 6363
3 6363 6365 2123
3 6365 2120 2123
3 374 373 6364
3 373 6366 6364
3 6364 6366 6365
3 6366 6367 6365
3 6365 6367 2120
3 6367 1772 2120
3 1196 373 372
3 3881 6368 1196
3 371 6369 3881
3 1196 6368 373
3 6368 6366 373
3 3881 6369 6368
3 6369 6370 6368
3 6368 6370 6366
3 6370 6367 6366
3 371 370 6369
3 370 6371 6369
3 6369 6371 6370
3 6371 6372 6370
3 6370 6372 6367
3 6372 1772 6367
3 6106 370 369
3 6109 6373 6106
3 368 6374 6109
3 6106 6373 370
3 6373 6371 370
3 6109 6374 6373
3 6374 6375 6373
3 6373 6375 6371
3 6375 6372 6371
3 368 367 6374
3 367 1781 6374
3 6374 1781 6375
3 1781 1773 6375
3 6375 1773 6372
3 1773 1772 6372
3 1221 6376 253
3 3770 6377 1221
3 365 6378 3770
3 1221 6377 6376
3 6377 6379 6376
3 3770 6378 6377
3 6378 6380 6377
3 6377 6380 6379
3 6380 252 6379
3 365 364 6378
3 364 6381 6378
3 6378 6381 6380
3 6381 6382 6380
3 6380 6382 252
3 6382 250 252
3 6382 1992 250
3 6381 6383 6382
3 364 6384 6381
3 6382 6383 1992
3 6383 1990 1992
3 6381 6384 6383
3 6384 6385 6383
3 6383 6385 1990
3 6385 1987 1990
3 364 363 6384
3 363 6386 6384
3 6384 6386 6385
3 6386 6387 6385
3 6385 6387 1987
3 6387 1972 1987
3 1225 363 362
3 3750 6388 1225
3 361 6389 3750
3 1225 6388 363
3 6388 6386 363
3 3750 6389 6388
3 6389 6390 6388
3 6388 6390 6386
3 6390 6387 6386
3 361 360 6389
3 360 6391 6389
3 6389 6391 6390
3 6391 6392 6390
3 6390 6392 6387
3 6392 1972 6387
3 6392 1969 1972
3 6391 6393 6392
3 360 6394 6391
3 6392 6393 1969
3 6393 1967 1969
3 6391 6394 6393
3 6394 6395 6393
3 6393 6395 1967
3 6395 1964 1967
3 360 359 6394
3 359 6396 6394
3 6394 6396 6395
3 6396 6397 6395
3 6395 6397 1964
3 6397 1956 1964
3 1228 359 358
3 3737 6398 1228
3 357 6399 3737
3 1228 6398 359
3 6398 6396 359
3 3737 6399 6398
3 6399 6400 6398
3 6398 6400 6396
3 6400 6397 6396
3 357 356 6399
3 356 6401 6399
3 6399 6401 6400
3 6401 6402 6400
3 6400 6402 6397
3 6402 1956 6397
3 6402 1953 1956
3 6401 6403 6402
3 356 6404 6401
3 6402 6403 1953
3 6403 1951 1953
3 6401 6404 6403
3 6404 6405 6403
3 6403 6405 1951
3 6405 1948 1951
3 356 355 6404
3 355 6406 6404
3 6404 6406 6405
3 6406 6407 6405
3 6405 6407 1948
3 6407 1933 1948
3 1232 355 354
3 3717 6408 1232
3 353 6409 3717
3 1232 6408 355
3 6408 6406 355
3 3717 6409 6408
3 6409 6410 6408
3 6408 6410 6406
3 6410 6407 6406
3 353 352 6409
3 352 6411 6409
3 6409 6411 6410
3 6411 6412 6410
3 6410 6412 6407
3 6412 1933 6407
3 6412 1930 1933
3 6411 6413 6412
3 352 6414 6411
3 6412 6413 1930
3 6413 1928 1930
3 6411 6414 6413
3 6414 6415 6413
3 6413 6415 1928
3 6415 1925 1928
3 352 351 6414
3 351 6416 6414
3 6414 6416 6415
3 6416 6417 6415
3 6415 6417 1925
3 6417 1917 1925
3 1235 351 350
3 3704 6418 1235
3 349 6419 3704
3 1235 6418 351
3 6418 6416 351
3 3704 6419 6418
3 6419 6420 6418
3 6418 6420 6416
3 6420 6417 6416
3 349 348 6419
3 348 6421 6419
3 6419 6421 6420
3 6421 6422 6420
3 6420 6422 6417
3 6422 1917 6417
3 6422 1914 1917
3 6421 6423 6422
3 348 6424 6421
3 6422 6423 1914
3 6423 1912 1914
3 6421 6424 6423
3 6424 6425 6423
3 6423 6425 1912
3 6425 1909 1912
3 348 347 6424
3 347 6426 6424
3 6424 6426 6425
3 6426 6427 6425
3 6425 6427 1909
3 6427 1894 1909
3 1239 347 346
3 3684 6428 1239
3 345 6429 3684
3 1239 6428 347
3 6428 6426 347
3 3684 6429 6428
3 6429 6430 6428
3 6428 6430 6426
3 6430 6427 6426
3 345 344 6429
3 344 6431 6429
3 6429 6431 6430
3 6431 6432 6430
3 6430 6432 6427
3 6432 1894 6427
3 6432 1891 1894
3 6431 6433 6432
3 344 6434 6431
3 6432 6433 1891
3 6433 1889 1891
3 6431 6434 6433
3 6434 6435 6433
3 6433 6435 1889
3 6435 1886 1889
3 344 343 6434
3 343 6436 6434
3 6434 6436 6435
3 6436 6437 6435
3 6435 6437 1886
3 6437 1878 1886
3 1242 343 342
3 3671 6438 1242
3 341 6439 3671
3 1242 6438 343
3 6438 6436 343
3 3671 6439 6438
3 6439 6440 6438
3 6438 6440 6436
3 6440 6437 6436
3 341 340 6439
3 340 6441 6439
3 6439 6441 6440
3 6441 6442 6440
3 6440 6442 6437
3 6442 1878 6437
3 6442 1875 1878
3 6441 6443 6442
3 340 6444 6441
3 6442 6443 1875
3 6443 1873 1875
3 6441 6444 6443
3 6444 6445 6443
3 6443 6445 1873
3 6445 1870 1873
3 340 339 6444
3 339 6446 6444
3 6444 6446 6445
3 6446 6447 6445
3 6445 6447 1870
3 6447 1855 1870
3 1246 339 338
3 3651 6448 1246
3 337 6449 3651
3 1246 6448 339
3 6448 6446 339
3 3651 6449 6448
3 6449 6450 6448
3 6448 6450 6446
3 6450 6447 6446
3 337 336 6449
3 336 6451 6449
3 6449 6451 6450
3 6451 6452 6450
3 6450 6452 6447
3 6452 1855 6447
3 6452 1852 1855
3 6451 6453 6452
3 336 6454 6451
3 6452 6453 1852
3 6453 1850 1852
3 6451 6454 6453
3 6454 6455 6453
3 6453 6455 1850
3 6455 1847 1850
3 336 335 6454
3 335 6456 6454
3 6454 6456 6455
3 6456 6457 6455
3 6455 6457 1847
3 6457 1839 1847
3 1249 335 334
3 3638 6458 1249
3 333 6459 3638
3 1249 6458 335
3 6458 6456 335
3 3638 6459 6458
3 6459 6460 6458
3 6458 6460 6456
3 6460 6457 6456
3 333 332 6459
3 332 6461 6459
3 6459 6461 6460
3 6461 6462 6460
3 6460 6462 6457
3 6462 1839 6457
3 6462 1836 1839
3 6461 6463 6462
3 332 6464 6461
3 6462 6463 1836
3 6463 1834 1836
3 6461 6464 6463
3 6464 6465 6463
3 6463 6465 1834
3 6465 1831 1834
3 332 331 6464
3 331 6466 6464
3 6464 6466 6465
3 6466 6467 6465
3 6465 6467 1831
3 6467 1830 1831
3 1251 331 330
3 3632 6468 1251
3 329 6469 3632
3 1251 6468 331
3 6468 6466 331
3 3632 6469 6468
3 6469 6470 6468
3 6468 6470 6466
3 6470 6467 6466
3 329 328 6469
3 328 6471 6469
3 6469 6471 6470
3 6471 6472 6470
3 6470 6472 6467
3 6472 1830 6467
3 6472 1827 1830
3 6471 6473 6472
3 328 6474 6471
3 6472 6473 1827
3 6473 1825 1827
3 6471 6474 6473
3 6474 6475 6473
3 6473 6475 1825
3 6475 1822 1825
3 328 327 6474
3 327 6476 6474
3 6474 6476 6475
3 6476 6477 6475
3 6475 6477 1822
3 6477 1814 1822
3 1254 327 326
3 3619 6478 1254
3 325 6479 3619
3 1254 6478 327
3 6478 6476 327
3 3619 6479 6478
3 6479 6480 6478
3 6478 6480 6476
3 6480 6477 6476
3 325 324 6479
3 324 6481 6479
3 6479 6481 6480
3 6481 6482 6480
3 6480 6482 6477
3 6482 1814 6477
3 6482 1811 1814
3 6481 6483 6482
3 324 6484 6481
3 6482 6483 1811
3 6483 1809 1811
3 6481 6484 6483
3 6484 6485 6483
3 6483 6485 1809
3 6485 1806 1809
3 324 323 6484
3 323 6486 6484
3 6484 6486 6485
3 6486 6487 6485
3 6485 6487 1806
3 6487 1805 1806
3 1256 323 322
3 3613 6488 1256
3 321 6489 3613
3 1256 6488 323
3 6488 6486 323
3 3613 6489 6488
3 6489 6490 6488
3 6488 6490 6486
3 6490 6487 6486
3 321 320 6489
3 320 6491 6489
3 6489 6491 6490
3 6491 6492 6490
3 6490 6492 6487
3 6492 1805 6487
3 6492 1802 1805
3 6491 6493 6492
3 320 6494 6491
3 6492 6493 1802
3 6493 1800 1802
3 6491 6494 6493
3 6494 6495 6493
3 6493 6495 1800
3 6495 1797 1800
3 320 319 6494
3 319 6496 6494
3 6494 6496 6495
3 6496 6497 6495
3 6495 6497 1797
3 6497 1769 1797
3 1259 319 318
3 3599 6498 1259
3 317 6499 3599
3 1259 6498 319
3 6498 6496 319
3 3599 6499 6498
3 6499 6500 6498
3 6498 6500 6496
3 6500 6497 6496
3 317 316 6499
3 316 6501 6499
3 6499 6501 6500
3 6501 6502 6500
3 6500 6502 6497
3 6502 1769 6497
3 6502 1791 1769
3 6501 6503 6502
3 316 6504 6501
3 6502 6503 1791
3 6503 1792 1791
3 6501 6504 6503
3 6504 6505 6503
3 6503 6505 1792
3 6505 1768 1792
3 316 315 6504
3 315 6506 6504
3 6504 6506 6505
3 6506 6507 6505
3 6505 6507 1768
3 6507 1766 1768
3 3598 315 314
3 3602 6508 3598
3 313 6509 3602
3 3598 6508 315
3 6508 6506 315
3 3602 6509 6508
3 6509 6510 6508
3 6508 6510 6506
3 6510 6507 6506
3 313 312 6509
3 312 6511 6509
3 6509 6511 6510
3 6511 6512 6510
3 6510 6512 6507
3 6512 1766 6507
3 6116 312 311
3 6119 6513 6116
3 310 6514 6119
3 6116 6513 312
3 6513 6511 312
3 6119 6514 6513
3 6514 6515 6513
3 6513 6515 6511
3 6515 6512 6511
3 310 309 6514
3 309 1796 6514
3 6514 1796 6515
3 1796 1767 6515
3 6515 1767 6512
3 1767 1766 6512
3 1138 6516 219
3 4151 6517 1138
3 307 6518 4151
3 1138 6517 6516
3 6517 6519 6516
3 4151 6518 6517
3 6518 6520 6517
3 6517 6520 6519
3 6520 218 6519
3 307 306 6518
3 306 6521 6518
3 6518 6521 6520
3 6521 6522 6520
3 6520 6522 218
3 6522 216 218
3 6522 2451 216
3 6521 6523 6522
3 306 6524 6521
3 6522 6523 2451
3 6523 2449 2451
3 6521 6524 6523
3 6524 6525 6523
3 6523 6525 2449
3 6525 2446 2449
3 306 305 6524
3 305 6526 6524
3 6524 6526 6525
3 6526 6527 6525
3 6525 6527 2446
3 6527 2417 2446
3 1145 305 304
3 4118 6528 1145
3 303 6529 4118
3 1145 6528 305
3 6528 6526 305
3 4118 6529 6528
3 6529 6530 6528
3 6528 6530 6526
3 6530 6527 6526
3 303 302 6529
3 302 6531 6529
3 6529 6531 6530
3 6531 6532 6530
3 6530 6532 6527
3 6532 2417 6527
3 6532 2414 2417
3 6531 6533 6532
3 302 6534 6531
3 6532 6533 2414
3 6533 2412 2414
3 6531 6534 6533
3 6534 6535 6533
3 6533 6535 2412
3 6535 2409 2412
3 302 301 6534
3 301 6536 6534
3 6534 6536 6535
3 6536 6537 6535
3 6535 6537 2409
3 6537 2408 2409
3 1147 301 300
3 4112 6538 1147
3 299 6539 4112
3 1147 6538 301
3 6538 6536 301
3 4112 6539 6538
3 6539 6540 6538
3 6538 6540 6536
3 6540 6537 6536
3 299 298 6539
3 298 6541 6539
3 6539 6541 6540
3 6541 6542 6540
3 6540 6542 6537
3 6542 2408 6537
3 6542 2405 2408
3 6541 6543 6542
3 298 6544 6541
3 6542 6543 2405
3 6543 2403 2405
3 6541 6544 6543
3 6544 6545 6543
3 6543 6545 2403
3 6545 2400 2403
3 298 297 6544
3 297 6546 6544
3 6544 6546 6545
3 6546 6547 6545
3 6545 6547 2400
3 6547 1599 2400
3 1151 297 296
3 4092 6548 1151
3 295 6549 4092
3 1151 6548 297
3 6548 6546 297
3 4092 6549 6548
3 6549 6550 6548
3 6548 6550 6546
3 6550 6547 6546
3 295 294 6549
3 294 6551 6549
3 6549 6551 6550
3 6551 6552 6550
3 6550 6552 6547
3 6552 1599 6547
3 6552 2362 1599
3 6551 6553 6552
3 294 6554 6551
3 6552 6553 2362
3 6553 2363 2362
3 6551 6554 6553
3 6554 6555 6553
3 6553 6555 2363
3 6555 1598 2363
3 294 293 6554
3 293 6556 6554
3 6554 6556 6555
3 6556 6557 6555
3 6555 6557 1598
3 6557 1596 1598
3 1155 293 292
3 4072 6558 1155
3 291 6559 4072
3 1155 6558 293
3 6558 6556 293
3 4072 6559 6558
3 6559 6560 6558
3 6558 6560 6556
3 6560 6557 6556
3 291 290 6559
3 290 6561 6559
3 6559 6561 6560
3 6561 6562 6560
3 6560 6562 6557
3 6562 1596 6557
3 6562 2339 1596
3 6561 6563 6562
3 290 6564 6561
3 6562 6563 2339
3 6563 2340 2339
3 6561 6564 6563
3 6564 6565 6563
3 6563 6565 2340
3 6565 1605 2340
3 290 289 6564
3 289 6566 6564
3 6564 6566 6565
3 6566 6567 6565
3 6565 6567 1605
3 6567 1603 1605
3 1159 289 288
3 4052 6568 1159
3 287 6569 4052
3 1159 6568 289
3 6568 6566 289
3 4052 6569 6568
3 6569 6570 6568
3 6568 6570 6566
3 6570 6567 6566
3 287 286 6569
3 286 6571 6569
3 6569 6571 6570
3 6571 6572 6570
3 6570 6572 6567
3 6572 1603 6567
3 6572 2314 1603
3 6571 6573 6572
3 286 6574 6571
3 6572 6573 2314
3 6573 2315 2314
3 6571 6574 6573
3 6574 6575 6573
3 6573 6575 2315
3 6575 1610 2315
3 286 285 6574
3 285 6576 6574
3 6574 6576 6575
3 6576 6577 6575
3 6575 6577 1610
3 6577 1608 1610
3 1162 285 284
3 4039 6578 1162
3 283 6579 4039
3 1162 6578 285
3 6578 6576 285
3 4039 6579 6578
3 6579 6580 6578
3 6578 6580 6576
3 6580 6577 6576
3 283 282 6579
3 282 6581 6579
3 6579 6581 6580
3 6581 6582 6580
3 6580 6582 6577
3 6582 1608 6577
3 6582 2287 1608
3 6581 6583 6582
3 282 6584 6581
3 6582 6583 2287
3 6583 2285 2287
3 6581 6584 6583
3 6584 6585 6583
3 6583 6585 2285
3 6585 2282 2285
3 282 281 6584
3 281 6586 6584
3 6584 6586 6585
3 6586 6587 6585
3 6585 6587 2282
3 6587 2112 2282
3 1199 281 280
3 3868 6588 1199
3 279 6589 3868
3 1199 6588 281
3 6588 6586 281
3 3868 6589 6588
3 6589 6590 6588
3 6588 6590 6586
3 6590 6587 6586
3 279 278 6589
3 278 6591 6589
3 6589 6591 6590
3 6591 6592 6590
3 6590 6592 6587
3 6592 2112 6587
3 6592 2109 2112
3 6591 6593 6592
3 278 6594 6591
3 6592 6593 2109
3 6593 2107 2109
3 6591 6594 6593
3 6594 6595 6593
3 6593 6595 2107
3 6595 2104 2107
3 278 277 6594
3 277 6596 6594
3 6594 6596 6595
3 6596 6597 6595
3 6595 6597 2104
3 6597 2096 2104
3 1202 277 276
3 3855 6598 1202
3 275 6599 3855
3 1202 6598 277
3 6598 6596 277
3 3855 6599 6598
3 6599 6600 6598
3 6598 6600 6596
3 6600 6597 6596
3 275 274 6599
3 274 6601 6599
3 6599 6601 6600
3 6601 6602 6600
3 6600 6602 6597
3 6602 2096 6597
3 6602 2093 2096
3 6601 6603 6602
3 274 6604 6601
3 6602 6603 2093
3 6603 2091 2093
3 6601 6604 6603
3 6604 6605 6603
3 6603 6605 2091
3 6605 2088 2091
3 274 273 6604
3 273 6606 6604
3 6604 6606 6605
3 6606 6607 6605
3 6605 6607 2088
3 6607 2080 2088
3 1205 273 272
3 3842 6608 1205
3 271 6609 3842
3 1205 6608 273
3 6608 6606 273
3 3842 6609 6608
3 6609 6610 6608
3 6608 6610 6606
3 6610 6607 6606
3 271 270 6609
3 270 6611 6609
3 6609 6611 6610
3 6611 6612 6610
3 6610 6612 6607
3 6612 2080 6607
3 6612 2077 2080
3 6611 6613 6612
3 270 6614 6611
3 6612 6613 2077
3 6613 2075 2077
3 6611 6614 6613
3 6614 6615 6613
3 6613 6615 2075
3 6615 2072 2075
3 270 269 6614
3 269 6616 6614
3 6614 6616 6615
3 6616 6617 6615
3 6615 6617 2072
3 6617 2064 2072
3 1208 269 268
3 3829 6618 1208
3 267 6619 3829
3 1208 6618 269
3 6618 6616 269
3 3829 6619 6618
3 6619 6620 6618
3 6618 6620 6616
3 6620 6617 6616
3 267 266 6619
3 266 6621 6619
3 6619 6621 6620
3 6621 6622 6620
3 6620 6622 6617
3 6622 2064 6617
3 6622 2061 2064
3 6621 6623 6622
3 266 6624 6621
3 6622 6623 2061
3 6623 2059 2061
3 6621 6624 6623
3 6624 6625 6623
3 6623 6625 2059
3 6625 2056 2059
3 266 265 6624
3 265 6626 6624
3 6624 6626 6625
3 6626 6627 6625
3 6625 6627 2056
3 6627 2048 2056
3 1211 265 264
3 3816 6628 1211
3 263 6629 3816
3 1211 6628 265
3 6628 6626 265
3 3816 6629 6628
3 6629 6630 6628
3 6628 6630 6626
3 6630 6627 6626
3 263 262 6629
3 262 6631 6629
3 6629 6631 6630
3 6631 6632 6630
3 6630 6632 6627
3 6632 2048 6627
3 6632 2045 2048
3 6631 6633 6632
3 262 6634 6631
3 6632 6633 2045
3 6633 2043 2045
3 6631 6634 6633
3 6634 6635 6633
3 6633 6635 2043
3 6635 2040 2043
3 262 261 6634
3 261 6636 6634
3 6634 6636 6635
3 6636 6637 6635
3 6635 6637 2040
3 6637 2032 2040
3 1214 261 260
3 3803 6638 1214
3 259 6639 3803
3 1214 6638 261
3 6638 6636 261
3 3803 6639 6638
3 6639 6640 6638
3 6638 6640 6636
3 6640 6637 6636
3 259 258 6639
3 258 6641 6639
3 6639 6641 6640
3 6641 6642 6640
3 6640 6642 6637
3 6642 2032 6637
3 6642 2029 2032
3 6641 6643 6642
3 258 6644 6641
3 6642 6643 2029
3 6643 2027 2029
3 6641 6644 6643
3 6644 6645 6643
3 6643 6645 2027
3 6645 2024 2027
3 258 257 6644
3 257 6646 6644
3 6644 6646 6645
3 6646 6647 6645
3 6645 6647 2024
3 6647 2016 2024
3 1217 257 256
3 3790 6648 1217
3 255 6649 3790
3 1217 6648 257
3 6648 6646 257
3 3790 6649 6648
3 6649 6650 6648
3 6648 6650 6646
3 6650 6647 6646
3 255 254 6649
3 254 6651 6649
3 6649 6651 6650
3 6651 6652 6650
3 6650 6652 6647
3 6652 2016 6647
3 6376 254 253
3 6379 6653 6376
3 252 6654 6379
3 6376 6653 254
3 6653 6651 254
3 6379 6654 6653
3 6654 6655 6653
3 6653 6655 6651
3 6655 6652 6651
3 252 251 6654
3 251 2011 6654
3 6654 2011 6655
3 2011 2013 6655
3 6655 2013 6652
3 2013 2016 6652
3 3573 6656 193
3 3572 6657 3573
3 249 6658 3572
3 3573 6657 6656
3 6657 6659 6656
3 3572 6658 6657
3 6658 6660 6657
3 6657 6660 6659
3 6660 192 6659
3 249 248 6658
3 248 6661 6658
3 6658 6661 6660
3 6661 6662 6660
3 6660 6662 192
3 6662 190 192
3 6662 2367 190
3 6661 6663 6662
3 248 6664 6661
3 6662 6663 2367
3 6663 2368 2367
3 6661 6664 6663
3 6664 6665 6663
3 6663 6665 2368
3 6665 1595 2368
3 248 247 6664
3 247 6666 6664
3 6664 6666 6665
3 6666 6667 6665
3 6665 6667 1595
3 6667 1593 1595
3 3597 247 246
3 3596 6668 3597
3 245 6669 3596
3 3597 6668 247
3 6668 6666 247
3 3596 6669 6668
3 6669 6670 6668
3 6668 6670 6666
3 6670 6667 6666
3 245 244 6669
3 244 6671 6669
3 6669 6671 6670
3 6671 6672 6670
3 6670 6672 6667
3 6672 1593 6667
3 6672 2595 1593
3 6671 6673 6672
3 244 6674 6671
3 6672 6673 2595
3 6673 2593 2595
3 6671 6674 6673
3 6674 6675 6673
3 6673 6675 2593
3 6675 2590 2593
3 244 243 6674
3 243 6676 6674
3 6674 6676 6675
3 6676 6677 6675
3 6675 6677 2590
3 6677 2583 2590
3 4249 243 242
3 4252 6678 4249
3 241 6679 4252
3 4249 6678 243
3 6678 6676 243
3 4252 6679 6678
3 6679 6680 6678
3 6678 6680 6676
3 6680 6677 6676
3 241 240 6679
3 240 6681 6679
3 6679 6681 6680
3 6681 6682 6680
3 6680 6682 6677
3 6682 2583 6677
3 6682 2580 2583
3 6681 6683 6682
3 240 6684 6681
3 6682 6683 2580
3 6683 2578 2580
3 6681 6684 6683
3 6684 6685 6683
3 6683 6685 2578
3 6685 2575 2578
3 240 239 6684
3 239 6686 6684
3 6684 6686 6685
3 6686 6687 6685
3 6685 6687 2575
3 6687 2560 2575
3 1118 239 238
3 4243 6688 1118
3 237 6689 4243
3 1118 6688 239
3 6688 6686 239
3 4243 6689 6688
3 6689 6690 6688
3 6688 6690 6686
3 6690 6687 6686
3 237 236 6689
3 236 6691 6689
3 6689 6691 6690
3 6691 6692 6690
3 6690 6692 6687
3 6692 2560 6687
3 6692 2557 2560
3 6691 6693 6692
3 236 6694 6691
3 6692 6693 2557
3 6693 2555 2557
3 6691 6694 6693
3 6694 6695 6693
3 6693 6695 2555
3 6695 2552 2555
3 236 235 6694
3 235 6696 6694
3 6694 6696 6695
3 6696 6697 6695
3 6695 6697 2552
3 6697 2544 2552
3 1121 235 234
3 4230 6698 1121
3 233 6699 4230
3 1121 6698 235
3 6698 6696 235
3 4230 6699 6698
3 6699 6700 6698
3 6698 6700 6696
3 6700 6697 6696
3 233 232 6699
3 232 6701 6699
3 6699 6701 6700
3 6701 6702 6700
3 6700 6702 6697
3 6702 2544 6697
3 6702 2541 2544
3 6701 6703 6702
3 232 6704 6701
3 6702 6703 2541
3 6703 2539 2541
3 6701 6704 6703
3 6704 6705 6703
3 6703 6705 2539
3 6705 2536 2539
3 232 231 6704
3 231 6706 6704
3 6704 6706 6705
3 6706 6707 6705
3 6705 6707 2536
3 6707 2521 2536
3 1125 231 230
3 4210 6708 1125
3 229 6709 4210
3 1125 6708 231
3 6708 6706 231
3 4210 6709 6708
3 6709 6710 6708
3 6708 6710 6706
3 6710 6707 6706
3 229 228 6709
3 228 6711 6709
3 6709 6711 6710
3 6711 6712 6710
3 6710 6712 6707
3 6712 2521 6707
3 6712 2518 2521
3 6711 6713 6712
3 228 6714 6711
3 6712 6713 2518
3 6713 2516 2518
3 6711 6714 6713
3 6714 6715 6713
3 6713 6715 2516
3 6715 2513 2516
3 228 227 6714
3 227 6716 6714
3 6714 6716 6715
3 6716 6717 6715
3 6715 6717 2513
3 6717 2491 2513
3 1131 227 226
3 4184 6718 1131
3 225 6719 4184
3 1131 6718 227
3 6718 6716 227
3 4184 6719 6718
3 6719 6720 6718
3 6718 6720 6716
3 6720 6717 6716
3 225 224 6719
3 224 6721 6719
3 6719 6721 6720
3 6721 6722 6720
3 6720 6722 6717
3 6722 2491 6717
3 6722 2488 2491
3 6721 6723 6722
3 224 6724 6721
3 6722 6723 2488
3 6723 2486 2488
3 6721 6724 6723
3 6724 6725 6723
3 6723 6725 2486
3 6725 2483 2486
3 224 223 6724
3 223 6726 6724
3 6724 6726 6725
3 6726 6727 6725
3 6725 6727 2483
3 6727 2475 2483
3 1134 223 222
3 4171 6728 1134
3 221 6729 4171
3 1134 6728 223
3 6728 6726 223
3 4171 6729 6728
3 6729 6730 6728
3 6728 6730 6726
3 6730 6727 6726
3 221 220 6729
3 220 6731 6729
3 6729 6731 6730
3 6731 6732 6730
3 6730 6732 6727
3 6732 2475 6727
3 6516 220 219
3 6519 6733 6516
3 218 6734 6519
3 6516 6733 220
3 6733 6731 220
3 6519 6734 6733
3 6734 6735 6733
3 6733 6735 6731
3 6735 6732 6731
3 218 217 6734
3 217 2470 6734
3 6734 2470 6735
3 2470 2472 6735
3 6735 2472 6732
3 2472 2475 6732
3 1113 6736 167
3 4261 6737 1113
3 215 6738 4261
3 1113 6737 6736
3 6737 6739 6736
3 4261 6738 6737
3 6738 6740 6737
3 6737 6740 6739
3 6740 166 6739
3 215 214 6738
3 214 6741 6738
3 6738 6741 6740
3 6741 6742 6740
3 6740 6742 166
3 6742 164 166
3 6742 2608 164
3 6741 6743 6742
3 214 6744 6741
3 6742 6743 2608
3 6743 2606 2608
3 6741 6744 6743
3 6744 6745 6743
3 6743 6745 2606
3 6745 2603 2606
3 214 213 6744
3 213 6746 6744
3 6744 6746 6745
3 6746 6747 6745
3 6745 6747 2603
3 6747 1535 2603
3 1262 213 212
3 3586 6748 1262
3 211 6749 3586
3 1262 6748 213
3 6748 6746 213
3 3586 6749 6748
3 6749 6750 6748
3 6748 6750 6746
3 6750 6747 6746
3 211 210 6749
3 210 6751 6749
3 6749 6751 6750
3 6751 6752 6750
3 6750 6752 6747
3 6752 1535 6747
3 6752 2598 1535
3 6751 6753 6752
3 210 6754 6751
3 6752 6753 2598
3 6753 2599 2598
3 6751 6754 6753
3 6754 6755 6753
3 6753 6755 2599
3 6755 1534 2599
3 210 209 6754
3 209 6756 6754
3 6754 6756 6755
3 6756 6757 6755
3 6755 6757 1534
3 6757 1532 1534
3 3557 209 208
3 3561 6758 3557
3 207 6759 3561
3 3557 6758 209
3 6758 6756 209
3 3561 6759 6758
3 6759 6760 6758
3 6758 6760 6756
3 6760 6757 6756
3 207 206 6759
3 206 6761 6759
3 6759 6761 6760
3 6761 6762 6760
3 6760 6762 6757
3 6762 1532 6757
3 6762 2393 1532
3 6761 6763 6762
3 206 6764 6761
3 6762 6763 2393
3 6763 2394 2393
3 6761 6764 6763
3 6764 6765 6763
3 6763 6765 2394
3 6765 1590 2394
3 206 205 6764
3 205 6766 6764
3 6764 6766 6765
3 6766 6767 6765
3 6765 6767 1590
3 6767 1588 1590
3 3564 205 204
3 3563 6768 3564
3 203 6769 3563
3 3564 6768 205
3 6768 6766 205
3 3563 6769 6768
3 6769 6770 6768
3 6768 6770 6766
3 6770 6767 6766
3 203 202 6769
3 202 6771 6769
3 6769 6771 6770
3 6771 6772 6770
3 6770 6772 6767
3 6772 1588 6767
3 6772 1589 1588
3 6771 6773 6772
3 202 6774 6771
3 6772 6773 1589
3 6773 2398 1589
3 6771 6774 6773
3 6774 6775 6773
3 6773 6775 2398
3 6775 2399 2398
3 202 201 6774
3 201 6776 6774
3 6774 6776 6775
3 6776 6777 6775
3 6775 6777 2399
3 6777 2392 2399
3 3574 201 200
3 3577 6778 3574
3 199 6779 3577
3 3574 6778 201
3 6778 6776 201
3 3577 6779 6778
3 6779 6780 6778
3 6778 6780 6776
3 6780 6777 6776
3 199 198 6779
3 198 6781 6779
3 6779 6781 6780
3 6781 6782 6780
3 6780 6782 6777
3 6782 2392 6777
3 6782 2389 2392
3 6781 6783 6782
3 198 6784 6781
3 6782 6783 2389
3 6783 2387 2389
3 6781 6784 6783
3 6784 6785 6783
3 6783 6785 2387
3 6785 2384 2387
3 198 197 6784
3 197 6786 6784
3 6784 6786 6785
3 6786 6787 6785
3 6785 6787 2384
3 6787 2376 2384
3 3566 197 196
3 3570 6788 3566
3 195 6789 3570
3 3566 6788 197
3 6788 6786 197
3 3570 6789 6788
3 6789 6790 6788
3 6788 6790 6786
3 6790 6787 6786
3 195 194 6789
3 194 6791 6789
3 6789 6791 6790
3 6791 6792 6790
3 6790 6792 6787
3 6792 2376 6787
3 6656 194 193
3 6659 6793 6656
3 192 6794 6659
3 6656 6793 194
3 6793 6791 194
3 6659 6794 6793
3 6794 6795 6793
3 6793 6795 6791
3 6795 6792 6791
3 192 191 6794
3 191 2371 6794
3 6794 2371 6795
3 2371 2373 6795
3 6795 2373 6792
3 2373 2376 6792
3 1101 6796 145
3 4297 6797 1101
3 189 6798 4297
3 1101 6797 6796
3 6797 6799 6796
3 4297 6798 6797
3 6798 6800 6797
3 6797 6800 6799
3 6800 144 6799
3 189 188 6798
3 188 6801 6798
3 6798 6801 6800
3 6801 6802 6800
3 6800 6802 144
3 6802 142 144
3 6802 2654 142
3 6801 6803 6802
3 188 6804 6801
3 6802 6803 2654
3 6803 2652 2654
3 6801 6804 6803
3 6804 6805 6803
3 6803 6805 2652
3 6805 2649 2652
3 188 187 6804
3 187 6806 6804
3 6804 6806 6805
3 6806 6807 6805
3 6805 6807 2649
3 6807 1520 2649
3 1103 187 186
3 4291 6808 1103
3 185 6809 4291
3 1103 6808 187
3 6808 6806 187
3 4291 6809 6808
3 6809 6810 6808
3 6808 6810 6806
3 6810 6807 6806
3 185 184 6809
3 184 6811 6809
3 6809 6811 6810
3 6811 6812 6810
3 6810 6812 6807
3 6812 1520 6807
3 6812 1521 1520
3 6811 6813 6812
3 184 6814 6811
3 6812 6813 1521
3 6813 2647 1521
3 6811 6814 6813
3 6814 6815 6813
3 6813 6815 2647
3 6815 2648 2647
3 184 183 6814
3 183 6816 6814
3 6814 6816 6815
3 6816 6817 6815
3 6815 6817 2648
3 6817 2642 2648
3 1105 183 182
3 4285 6818 1105
3 181 6819 4285
3 1105 6818 183
3 6818 6816 183
3 4285 6819 6818
3 6819 6820 6818
3 6818 6820 6816
3 6820 6817 6816
3 181 180 6819
3 180 6821 6819
3 6819 6821 6820
3 6821 6822 6820
3 6820 6822 6817
3 6822 2642 6817
3 6822 2639 2642
3 6821 6823 6822
3 180 6824 6821
3 6822 6823 2639
3 6823 2637 2639
3 6821 6824 6823
3 6824 6825 6823
3 6823 6825 2637
3 6825 2634 2637
3 180 179 6824
3 179 6826 6824
3 6824 6826 6825
3 6826 6827 6825
3 6825 6827 2634
3 6827 2633 2634
3 1107 179 178
3 4279 6828 1107
3 177 6829 4279
3 1107 6828 179
3 6828 6826 179
3 4279 6829 6828
3 6829 6830 6828
3 6828 6830 6826
3 6830 6827 6826
3 177 176 6829
3 176 6831 6829
3 6829 6831 6830
3 6831 6832 6830
3 6830 6832 6827
3 6832 2633 6827
3 6832 2630 2633
3 6831 6833 6832
3 176 6834 6831
3 6832 6833 2630
3 6833 2628 2630
3 6831 6834 6833
3 6834 6835 6833
3 6833 6835 2628
3 6835 2625 2628
3 176 175 6834
3 175 6836 6834
3 6834 6836 6835
3 6836 6837 6835
3 6835 6837 2625
3 6837 1526 2625
3 1109 175 174
3 4273 6838 1109
3 173 6839 4273
3 1109 6838 175
3 6838 6836 175
3 4273 6839 6838
3 6839 6840 6838
3 6838 6840 6836
3 6840 6837 6836
3 173 172 6839
3 172 6841 6839
3 6839 6841 6840
3 6841 6842 6840
3 6840 6842 6837
3 6842 1526 6837
3 6842 1527 1526
3 6841 6843 6842
3 172 6844 6841
3 6842 6843 1527
3 6843 2623 1527
3 6841 6844 6843
3 6844 6845 6843
3 6843 6845 2623
3 6845 2624 2623
3 172 171 6844
3 171 6846 6844
3 6844 6846 6845
3 6846 6847 6845
3 6845 6847 2624
3 6847 2618 2624
3 1111 171 170
3 4267 6848 1111
3 169 6849 4267
3 1111 6848 171
3 6848 6846 171
3 4267 6849 6848
3 6849 6850 6848
3 6848 6850 6846
3 6850 6847 6846
3 169 168 6849
3 168 6851 6849
3 6849 6851 6850
3 6851 6852 6850
3 6850 6852 6847
3 6852 2618 6847
3 6736 168 167
3 6739 6853 6736
3 166 6854 6739
3 6736 6853 168
3 6853 6851 168
3 6739 6854 6853
3 6854 6855 6853
3 6853 6855 6851
3 6855 6852 6851
3 166 165 6854
3 165 2613 6854
3 6854 2613 6855
3 2613 2615 6855
3 6855 2615 6852
3 2615 2618 6852
3 1088 6856 119
3 4348 6857 1088
3 163 6858 4348
3 1088 6857 6856
3 6857 6859 6856
3 4348 6858 6857
3 6858 6860 6857
3 6857 6860 6859
3 6860 118 6859
3 163 162 6858
3 162 6861 6858
3 6858 6861 6860
3 6861 6862 6860
3 6860 6862 118
3 6862 116 118
3 6862 2712 116
3 6861 6863 6862
3 162 6864 6861
3 6862 6863 2712
3 6863 2713 2712
3 6861 6864 6863
3 6864 6865 6863
3 6863 6865 2713
3 6865 1503 2713
3 162 161 6864
3 161 6866 6864
3 6864 6866 6865
3 6866 6867 6865
3 6865 6867 1503
3 6867 1501 1503
3 1091 161 160
3 4335 6868 1091
3 159 6869 4335
3 1091 6868 161
3 6868 6866 161
3 4335 6869 6868
3 6869 6870 6868
3 6868 6870 6866
3 6870 6867 6866
3 159 158 6869
3 158 6871 6869
3 6869 6871 6870
3 6871 6872 6870
3 6870 6872 6867
3 6872 1501 6867
3 6872 2685 1501
3 6871 6873 6872
3 158 6874 6871
3 6872 6873 2685
3 6873 2683 2685
3 6871 6874 6873
3 6874 6875 6873
3 6873 6875 2683
3 6875 2680 2683
3 158 157 6874
3 157 6876 6874
3 6874 6876 6875
3 6876 6877 6875
3 6875 6877 2680
3 6877 2679 2680
3 1094 157 156
3 4322 6878 1094
3 155 6879 4322
3 1094 6878 157
3 6878 6876 157
3 4322 6879 6878
3 6879 6880 6878
3 6878 6880 6876
3 6880 6877 6876
3 155 154 6879
3 154 6881 6879
3 6879 6881 6880
3 6881 6882 6880
3 6880 6882 6877
3 6882 2679 6877
3 6882 2676 2679
3 6881 6883 6882
3 154 6884 6881
3 6882 6883 2676
3 6883 2674 2676
3 6881 6884 6883
3 6884 6885 6883
3 6883 6885 2674
3 6885 2671 2674
3 154 153 6884
3 153 6886 6884
3 6884 6886 6885
3 6886 6887 6885
3 6885 6887 2671
3 6887 1514 2671
3 1097 153 152
3 4309 6888 1097
3 151 6889 4309
3 1097 6888 153
3 6888 6886 153
3 4309 6889 6888
3 6889 6890 6888
3 6888 6890 6886
3 6890 6887 6886
3 151 150 6889
3 150 6891 6889
3 6889 6891 6890
3 6891 6892 6890
3 6890 6892 6887
3 6892 1514 6887
3 6892 1515 1514
3 6891 6893 6892
3 150 6894 6891
3 6892 6893 1515
3 6893 2669 1515
3 6891 6894 6893
3 6894 6895 6893
3 6893 6895 2669
3 6895 2670 2669
3 150 149 6894
3 149 6896 6894
3 6894 6896 6895
3 6896 6897 6895
3 6895 6897 2670
3 6897 2664 2670
3 1099 149 148
3 4303 6898 1099
3 147 6899 4303
3 1099 6898 149
3 6898 6896 149
3 4303 6899 6898
3 6899 6900 6898
3 6898 6900 6896
3 6900 6897 6896
3 147 146 6899
3 146 6901 6899
3 6899 6901 6900
3 6901 6902 6900
3 6900 6902 6897
3 6902 2664 6897
3 6796 146 145
3 6799 6903 6796
3 144 6904 6799
3 6796 6903 146
3 6903 6901 146
3 6799 6904 6903
3 6904 6905 6903
3 6903 6905 6901
3 6905 6902 6901
3 144 143 6904
3 143 2659 6904
3 6904 2659 6905
3 2659 2661 6905
3 6905 2661 6902
3 2661 2664 6902
3 1054 6906 93
3 4506 6907 1054
3 141 6908 4506
3 1054 6907 6906
3 6907 6909 6906
3 4506 6908 6907
3 6908 6910 6907
3 6907 6910 6909
3 6910 92 6909
3 141 140 6908
3 140 6911 6908
3 6908 6911 6910
3 6911 6912 6910
3 6910 6912 92
3 6912 90 92
3 6912 1448 90
3 6911 6913 6912
3 140 6914 6911
3 6912 6913 1448
3 6913 2878 1448
3 6911 6914 6913
3 6914 6915 6913
3 6913 6915 2878
3 6915 2879 2878
3 140 139 6914
3 139 6916 6914
3 6914 6916 6915
3 6916 6917 6915
3 6915 6917 2879
3 6917 2809 2879
3 1068 139 138
3 4440 6918 1068
3 137 6919 4440
3 1068 6918 139
3 6918 6916 139
3 4440 6919 6918
3 6919 6920 6918
3 6918 6920 6916
3 6920 6917 6916
3 137 136 6919
3 136 6921 6919
3 6919 6921 6920
3 6921 6922 6920
3 6920 6922 6917
3 6922 2809 6917
3 6922 2806 2809
3 6921 6923 6922
3 136 6924 6921
3 6922 6923 2806
3 6923 2804 2806
3 6921 6924 6923
3 6924 6925 6923
3 6923 6925 2804
3 6925 2801 2804
3 136 135 6924
3 135 6926 6924
3 6924 6926 6925
3 6926 6927 6925
3 6925 6927 2801
3 6927 2779 2801
3 1074 135 134
3 4414 6928 1074
3 133 6929 4414
3 1074 6928 135
3 6928 6926 135
3 4414 6929 6928
3 6929 6930 6928
3 6928 6930 6926
3 6930 6927 6926
3 133 132 6929
3 132 6931 6929
3 6929 6931 6930
3 6931 6932 6930
3 6930 6932 6927
3 6932 2779 6927
3 6932 2776 2779
3 6931 6933 6932
3 132 6934 6931
3 6932 6933 2776
3 6933 2774 2776
3 6931 6934 6933
3 6934 6935 6933
3 6933 6935 2774
3 6935 2771 2774
3 132 131 6934
3 131 6936 6934
3 6934 6936 6935
3 6936 6937 6935
3 6935 6937 2771
3 6937 2756 2771
3 1078 131 130
3 4394 6938 1078
3 129 6939 4394
3 1078 6938 131
3 6938 6936 131
3 4394 6939 6938
3 6939 6940 6938
3 6938 6940 6936
3 6940 6937 6936
3 129 128 6939
3 128 6941 6939
3 6939 6941 6940
3 6941 6942 6940
3 6940 6942 6937
3 6942 2756 6937
3 6942 2753 2756
3 6941 6943 6942
3 128 6944 6941
3 6942 6943 2753
3 6943 2751 2753
3 6941 6944 6943
3 6944 6945 6943
3 6943 6945 2751
3 6945 2748 2751
3 128 127 6944
3 127 6946 6944
3 6944 6946 6945
3 6946 6947 6945
3 6945 6947 2748
3 6947 2733 2748
3 4361 127 126
3 4365 6948 4361
3 125 6949 4365
3 4361 6948 127
3 6948 6946 127
3 4365 6949 6948
3 6949 6950 6948
3 6948 6950 6946
3 6950 6947 6946
3 125 124 6949
3 124 6951 6949
3 6949 6951 6950
3 6951 6952 6950
3 6950 6952 6947
3 6952 2733 6947
3 6952 2730 2733
3 6951 6953 6952
3 124 6954 6951
3 6952 6953 2730
3 6953 2728 2730
3 6951 6954 6953
3 6954 6955 6953
3 6953 6955 2728
3 6955 2725 2728
3 124 123 6954
3 123 6956 6954
3 6954 6956 6955
3 6956 6957 6955
3 6955 6957 2725
3 6957 2724 2725
3 4369 123 122
3 4372 6958 4369
3 121 6959 4372
3 4369 6958 123
3 6958 6956 123
3 4372 6959 6958
3 6959 6960 6958
3 6958 6960 6956
3 6960 6957 6956
3 121 120 6959
3 120 6961 6959
3 6959 6961 6960
3 6961 6962 6960
3 6960 6962 6957
3 6962 2724 6957
3 6856 120 119
3 6859 6963 6856
3 118 6964 6859
3 6856 6963 120
3 6963 6961 120
3 6859 6964 6963
3 6964 6965 6963
3 6963 6965 6961
3 6965 6962 6961
3 118 117 6964
3 117 2719 6964
3 6964 2719 6965
3 2719 2721 6965
3 6965 2721 6962
3 2721 2724 6962
3 1016 6966 67
3 4684 6967 1016
3 115 6968 4684
3 1016 6967 6966
3 6967 6969 6966
3 4684 6968 6967
3 6968 6970 6967
3 6967 6970 6969
3 6970 66 6969
3 115 114 6968
3 114 6971 6968
3 6968 6971 6970
3 6971 6972 6970
3 6970 6972 66
3 6972 64 66
3 6972 3371 64
3 6971 6973 6972
3 114 6974 6971
3 6972 6973 3371
3 6973 3369 3371
3 6971 6974 6973
3 6974 6975 6973
3 6973 6975 3369
3 6975 3366 3369
3 114 113 6974
3 113 6976 6974
3 6974 6976 6975
3 6976 6977 6975
3 6975 6977 3366
3 6977 3351 3366
3 1020 113 112
3 4664 6978 1020
3 111 6979 4664
3 1020 6978 113
3 6978 6976 113
3 4664 6979 6978
3 6979 6980 6978
3 6978 6980 6976
3 6980 6977 6976
3 111 110 6979
3 110 6981 6979
3 6979 6981 6980
3 6981 6982 6980
3 6980 6982 6977
3 6982 3351 6977
3 6982 3348 3351
3 6981 6983 6982
3 110 6984 6981
3 6982 6983 3348
3 6983 3346 3348
3 6981 6984 6983
3 6984 6985 6983
3 6983 6985 3346
3 6985 3343 3346
3 110 109 6984
3 109 6986 6984
3 6984 6986 6985
3 6986 6987 6985
3 6985 6987 3343
3 6987 3335 3343
3 1023 109 108
3 4651 6988 1023
3 107 6989 4651
3 1023 6988 109
3 6988 6986 109
3 4651 6989 6988
3 6989 6990 6988
3 6988 6990 6986
3 6990 6987 6986
3 107 106 6989
3 106 6991 6989
3 6989 6991 6990
3 6991 6992 6990
3 6990 6992 6987
3 6992 3335 6987
3 6992 3332 3335
3 6991 6993 6992
3 106 6994 6991
3 6992 6993 3332
3 6993 3330 3332
3 6991 6994 6993
3 6994 6995 6993
3 6993 6995 3330
3 6995 3327 3330
3 106 105 6994
3 105 6996 6994
3 6994 6996 6995
3 6996 6997 6995
3 6995 6997 3327
3 6997 3312 3327
3 1027 105 104
3 4631 6998 1027
3 103 6999 4631
3 1027 6998 105
3 6998 6996 105
3 4631 6999 6998
3 6999 7000 6998
3 6998 7000 6996
3 7000 6997 6996
3 103 102 6999
3 102 7001 6999
3 6999 7001 7000
3 7001 7002 7000
3 7000 7002 6997
3 7002 3312 6997
3 7002 3309 3312
3 7001 7003 7002
3 102 7004 7001
3 7002 7003 3309
3 7003 3307 3309
3 7001 7004 7003
3 7004 7005 7003
3 7003 7005 3307
3 7005 3304 3307
3 102 101 7004
3 101 7006 7004
3 7004 7006 7005
3 7006 7007 7005
3 7005 7007 3304
3 7007 3289 3304
3 1031 101 100
3 4611 7008 1031
3 99 7009 4611
3 1031 7008 101
3 7008 7006 101
3 4611 7009 7008
3 7009 7010 7008
3 7008 7010 7006
3 7010 7007 7006
3 99 98 7009
3 98 7011 7009
3 7009 7011 7010
3 7011 7012 7010
3 7010 7012 7007
3 7012 3289 7007
3 7012 3286 3289
3 7011 7013 7012
3 98 7014 7011
3 7012 7013 3286
3 7013 3284 3286
3 7011 7014 7013
3 7014 7015 7013
3 7013 7015 3284
3 7015 3281 3284
3 98 97 7014
3 97 7016 7014
3 7014 7016 7015
3 7016 7017 7015
3 7015 7017 3281
3 7017 3273 3281
3 1034 97 96
3 4598 7018 1034
3 95 7019 4598
3 1034 7018 97
3 7018 7016 97
3 4598 7019 7018
3 7019 7020 7018
3 7018 7020 7016
3 7020 7017 7016
3 95 94 7019
3 94 7021 7019
3 7019 7021 7020
3 7021 7022 7020
3 7020 7022 7017
3 7022 3273 7017
3 6906 94 93
3 6909 7023 6906
3 92 7024 6909
3 6906 7023 94
3 7023 7021 94
3 6909 7024 7023
3 7024 7025 7023
3 7023 7025 7021
3 7025 7022 7021
3 92 91 7024
3 91 3268 7024
3 7024 3268 7025
3 3268 3270 7025
3 7025 3270 7022
3 3270 3273 7022
3 995 7026 9
3 4775 7027 995
3 89 7028 4775
3 995 7027 7026
3 7027 7029 7026
3 4775 7028 7027
3 7028 7030 7027
3 7027 7030 7029
3 7030 8 7029
3 89 88 7028
3 88 7031 7028
3 7028 7031 7030
3 7031 7032 7030
3 7030 7032 8
3 7032 6 8
3 7032 3479 6
3 7031 7033 7032
3 88 7034 7031
3 7032 7033 3479
3 7033 3477 3479
3 7031 7034 7033
3 7034 7035 7033
3 7033 7035 3477
3 7035 3474 3477
3 88 87 7034
3 87 7036 7034
3 7034 7036 7035
3 7036 7037 7035
3 7035 7037 3474
3 7037 3466 3474
3 998 87 86
3 4762 7038 998
3 85 7039 4762
3 998 7038 87
3 7038 7036 87
3 4762 7039 7038
3 7039 7040 7038
3 7038 7040 7036
3 7040 7037 7036
3 85 84 7039
3 84 7041 7039
3 7039 7041 7040
3 7041 7042 7040
3 7040 7042 7037
3 7042 3466 7037
3 7042 3463 3466
3 7041 7043 7042
3 84 7044 7041
3 7042 7043 3463
3 7043 3461 3463
3 7041 7044 7043
3 7044 7045 7043
3 7043 7045 3461
3 7045 3458 3461
3 84 83 7044
3 83 7046 7044
3 7044 7046 7045
3 7046 7047 7045
3 7045 7047 3458
3 7047 3450 3458
3 1001 83 82
3 4749 7048 1001
3 81 7049 4749
3 1001 7048 83
3 7048 7046 83
3 4749 7049 7048
3 7049 7050 7048
3 7048 7050 7046
3 7050 7047 7046
3 81 80 7049
3 80 7051 7049
3 7049 7051 7050
3 7051 7052 7050
3 7050 7052 7047
3 7052 3450 7047
3 7052 3447 3450
3 7051 7053 7052
3 80 7054 7051
3 7052 7053 3447
3 7053 3445 3447
3 7051 7054 7053
3 7054 7055 7053
3 7053 7055 3445
3 7055 3442 3445
3 80 79 7054
3 79 7056 7054
3 7054 7056 7055
3 7056 7057 7055
3 7055 7057 3442
3 7057 3434 3442
3 1004 79 78
3 4736 7058 1004
3 77 7059 4736
3 1004 7058 79
3 7058 7056 79
3 4736 7059 7058
3 7059 7060 7058
3 7058 7060 7056
3 7060 7057 7056
3 77 76 7059
3 76 7061 7059
3 7059 7061 7060
3 7061 7062 7060
3 7060 7062 7057
3 7062 3434 7057
3 7062 3431 3434
3 7061 7063 7062
3 76 7064 7061
3 7062 7063 3431
3 7063 3429 3431
3 7061 7064 7063
3 7064 7065 7063
3 7063 7065 3429
3 7065 3426 3429
3 76 75 7064
3 75 7066 7064
3 7064 7066 7065
3 7066 7067 7065
3 7065 7067 3426
3 7067 3418 3426
3 1007 75 74
3 4723 7068 1007
3 73 7069 4723
3 1007 7068 75
3 7068 7066 75
3 4723 7069 7068
3 7069 7070 7068
3 7068 7070 7066
3 7070 7067 7066
3 73 72 7069
3 72 7071 7069
3 7069 7071 7070
3 7071 7072 7070
3 7070 7072 7067
3 7072 3418 7067
3 7072 3415 3418
3 7071 7073 7072
3 72 7074 7071
3 7072 7073 3415
3 7073 3413 3415
3 7071 7074 7073
3 7074 7075 7073
3 7073 7075 3413
3 7075 3410 3413
3 72 71 7074
3 71 7076 7074
3 7074 7076 7075
3 7076 7077 7075
3 7075 7077 3410
3 7077 3402 3410
3 1010 71 70
3 4710 7078 1010
3 69 7079 4710
3 1010 7078 71
3 7078 7076 71
3 4710 7079 7078
3 7079 7080 7078
3 7078 7080 7076
3 7080 7077 7076
3 69 68 7079
3 68 7081 7079
3 7079 7081 7080
3 7081 7082 7080
3 7080 7082 7077
3 7082 3402 7077
3 6966 68 67
3 6969 7083 6966
3 66 7084 6969
3 6966 7083 68
3 7083 7081 68
3 6969 7084 7083
3 7084 7085 7083
3 7083 7085 7081
3 7085 7082 7081
3 66 65 7084
3 65 3397 7084
3 7084 3397 7085
3 3397 3399 7085
3 7085 3399 7082
3 3399 3402 7082
3 3494 7086 3
3 3493 7087 3494
3 63 7088 3493
3 3494 7087 7086
3 7087 7089 7086
3 3493 7088 7087
3 7088 7090 7087
3 7087 7090 7089
3 7090 2 7089
3 63 62 7088
3 62 7091 7088
3 7088 7091 7090
3 7091 7092 7090
3 7090 7092 2
3 7092 0 2
3 7092 2998 0
3 7091 7093 7092
3 62 7094 7091
3 7092 7093 2998
3 7093 2996 2998
3 7091 7094 7093
3 7094 7095 7093
3 7093 7095 2996
3 7095 2993 2996
3 62 61 7094
3 61 7096 7094
3 7094 7096 7095
3 7096 7097 7095
3 7095 7097 2993
3 7097 2992 2993
3 3495 61 60
3 3498 7098 3495
3 59 7099 3498
3 3495 7098 61
3 7098 7096 61
3 3498 7099 7098
3 7099 7100 7098
3 7098 7100 7096
3 7100 7097 7096
3 59 58 7099
3 58 7101 7099
3 7099 7101 7100
3 7101 7102 7100
3 7100 7102 7097
3 7102 2992 7097
3 7102 2989 2992
3 7101 7103 7102
3 58 7104 7101
3 7102 7103 2989
3 7103 2987 2989
3 7101 7104 7103
3 7104 7105 7103
3 7103 7105 2987
3 7105 2984 2987
3 58 57 7104
3 57 7106 7104
3 7104 7106 7105
3 7106 7107 7105
3 7105 7107 2984
3 7107 1424 2984
3 3502 57 56
3 3505 7108 3502
3 55 7109 3505
3 3502 7108 57
3 7108 7106 57
3 3505 7109 7108
3 7109 7110 7108
3 7108 7110 7106
3 7110 7107 7106
3 55 54 7109
3 54 7111 7109
3 7109 7111 7110
3 7111 7112 7110
3 7110 7112 7107
3 7112 1424 7107
3 7112 1425 1424
3 7111 7113 7112
3 54 7114 7111
3 7112 7113 1425
3 7113 2974 1425
3 7111 7114 7113
3 7114 7115 7113
3 7113 7115 2974
3 7115 2975 2974
3 54 53 7114
3 53 7116 7114
3 7114 7116 7115
3 7116 7117 7115
3 7115 7117 2975
3 7117 2969 2975
3 3514 53 52
3 3513 7118 3514
3 51 7119 3513
3 3514 7118 53
3 7118 7116 53
3 3513 7119 7118
3 7119 7120 7118
3 7118 7120 7116
3 7120 7117 7116
3 51 50 7119
3 50 7121 7119
3 7119 7121 7120
3 7121 7122 7120
3 7120 7122 7117
3 7122 2969 7117
3 7122 2966 2969
3 7121 7123 7122
3 50 7124 7121
3 7122 7123 2966
3 7123 2964 2966
3 7121 7124 7123
3 7124 7125 7123
3 7123 7125 2964
3 7125 2961 2964
3 50 49 7124
3 49 7126 7124
3 7124 7126 7125
3 7126 7127 7125
3 7125 7127 2961
3 7127 2960 2961
3 3515 49 48
3 3518 7128 3515
3 47 7129 3518
3 3515 7128 49
3 7128 7126 49
3 3518 7129 7128
3 7129 7130 7128
3 7128 7130 7126
3 7130 7127 7126
3 47 46 7129
3 46 7131 7129
3 7129 7131 7130
3 7131 7132 7130
3 7130 7132 7127
3 7132 2960 7127
3 7132 2957 2960
3 7131 7133 7132
3 46 7134 7131
3 7132 7133 2957
3 7133 2955 2957
3 7131 7134 7133
3 7134 7135 7133
3 7133 7135 2955
3 7135 2952 2955
3 46 45 7134
3 45 7136 7134
3 7134 7136 7135
3 7136 7137 7135
3 7135 7137 2952
3 7137 1430 2952
3 3522 45 44
3 3525 7138 3522
3 43 7139 3525
3 3522 7138 45
3 7138 7136 45
3 3525 7139 7138
3 7139 7140 7138
3 7138 7140 7136
3 7140 7137 7136
3 43 42 7139
3 42 7141 7139
3 7139 7141 7140
3 7141 7142 7140
3 7140 7142 7137
3 7142 1430 7137
3 7142 1431 1430
3 7141 7143 7142
3 42 7144 7141
3 7142 7143 1431
3 7143 2950 1431
3 7141 7144 7143
3 7144 7145 7143
3 7143 7145 2950
3 7145 2951 2950
3 42 41 7144
3 41 7146 7144
3 7144 7146 7145
3 7146 7147 7145
3 7145 7147 2951
3 7147 2945 2951
3 3534 41 40
3 3533 7148 3534
3 39 7149 3533
3 3534 7148 41
3 7148 7146 41
3 3533 7149 7148
3 7149 7150 7148
3 7148 7150 7146
3 7150 7147 7146
3 39 38 7149
3 38 7151 7149
3 7149 7151 7150
3 7151 7152 7150
3 7150 7152 7147
3 7152 2945 7147
3 7152 2942 2945
3 7151 7153 7152
3 38 7154 7151
3 7152 7153 2942
3 7153 2940 2942
3 7151 7154 7153
3 7154 7155 7153
3 7153 7155 2940
3 7155 2937 2940
3 38 37 7154
3 37 7156 7154
3 7154 7156 7155
3 7156 7157 7155
3 7155 7157 2937
3 7157 2936 2937
3 4946 37 36
3 4949 7158 4946
3 35 7159 4949
3 4946 7158 37
3 7158 7156 37
3 4949 7159 7158
3 7159 7160 7158
3 7158 7160 7156
3 7160 7157 7156
3 35 34 7159
3 34 7161 7159
3 7159 7161 7160
3 7161 7162 7160
3 7160 7162 7157
3 7162 2936 7157
3 7162 2933 2936
3 7161 7163 7162
3 34 7164 7161
3 7162 7163 2933
3 7163 2931 2933
3 7161 7164 7163
3 7164 7165 7163
3 7163 7165 2931
3 7165 2928 2931
3 34 33 7164
3 33 7166 7164
3 7164 7166 7165
3 7166 7167 7165
3 7165 7167 2928
3 7167 1436 2928
3 4953 33 32
3 4956 7168 4953
3 31 7169 4956
3 4953 7168 33
3 7168 7166 33
3 4956 7169 7168
3 7169 7170 7168
3 7168 7170 7166
3 7170 7167 7166
3 31 30 7169
3 30 7171 7169
3 7169 7171 7170
3 7171 7172 7170
3 7170 7172 7167
3 7172 1436 7167
3 7172 1437 1436
3 7171 7173 7172
3 30 7174 7171
3 7172 7173 1437
3 7173 2926 1437
3 7171 7174 7173
3 7174 7175 7173
3 7173 7175 2926
3 7175 2927 2926
3 30 29 7174
3 29 7176 7174
3 7174 7176 7175
3 7176 7177 7175
3 7175 7177 2927
3 7177 2921 2927
3 3536 29 28
3 3540 7178 3536
3 27 7179 3540
3 3536 7178 29
3 7178 7176 29
3 3540 7179 7178
3 7179 7180 7178
3 7178 7180 7176
3 7180 7177 7176
3 27 26 7179
3 26 7181 7179
3 7179 7181 7180
3 7181 7182 7180
3 7180 7182 7177
3 7182 2921 7177
3 7182 2918 2921
3 7181 7183 7182
3 26 7184 7181
3 7182 7183 2918
3 7183 2916 2918
3 7181 7184 7183
3 7184 7185 7183
3 7183 7185 2916
3 7185 2913 2916
3 26 25 7184
3 25 7186 7184
3 7184 7186 7185
3 7186 7187 7185
3 7185 7187 2913
3 7187 2912 2913
3 3544 25 24
3 3547 7188 3544
3 23 7189 3547
3 3544 7188 25
3 7188 7186 25
3 3547 7189 7188
3 7189 7190 7188
3 7188 7190 7186
3 7190 7187 7186
3 23 22 7189
3 22 7191 7189
3 7189 7191 7190
3 7191 7192 7190
3 7190 7192 7187
3 7192 2912 7187
3 7192 2909 2912
3 7191 7193 7192
3 22 7194 7191
3 7192 7193 2909
3 7193 2907 2909
3 7191 7194 7193
3 7194 7195 7193
3 7193 7195 2907
3 7195 2904 2907
3 22 21 7194
3 21 7196 7194
3 7194 7196 7195
3 7196 7197 7195
3 7195 7197 2904
3 7197 1442 2904
3 3556 21 20
3 3555 7198 3556
3 19 7199 3555
3 3556 7198 21
3 7198 7196 21
3 3555 7199 7198
3 7199 7200 7198
3 7198 7200 7196
3 7200 7197 7196
3 19 18 7199
3 18 7201 7199
3 7199 7201 7200
3 7201 7202 7200
3 7200 7202 7197
3 7202 1442 7197
3 7202 1443 1442
3 7201 7203 7202
3 18 7204 7201
3 7202 7203 1443
3 7203 2902 1443
3 7201 7204 7203
3 7204 7205 7203
3 7203 7205 2902
3 7205 2903 2902
3 18 17 7204
3 17 7206 7204
3 7204 7206 7205
3 7206 7207 7205
3 7205 7207 2903
3 7207 2897 2903
3 4928 17 16
3 4931 7208 4928
3 15 7209 4931
3 4928 7208 17
3 7208 7206 17
3 4931 7209 7208
3 7209 7210 7208
3 7208 7210 7206
3 7210 7207 7206
3 15 14 7209
3 14 7211 7209
3 7209 7211 7210
3 7211 7212 7210
3 7210 7212 7207
3 7212 2897 7207
3 7212 2894 2897
3 7211 7213 7212
3 14 7214 7211
3 7212 7213 2894
3 7213 2892 2894
3 7211 7214 7213
3 7214 7215 7213
3 7213 7215 2892
3 7215 2889 2892
3 14 13 7214
3 13 7216 7214
3 7214 7216 7215
3 7216 7217 7215
3 7215 7217 2889
3 7217 2888 2889
3 4935 13 12
3 4938 7218 4935
3 11 7219 4938
3 4935 7218 13
3 7218 7216 13
3 4938 7219 7218
3 7219 7220 7218
3 7218 7220 7216
3 7220 7217 7216
3 11 10 7219
3 10 7221 7219
3 7219 7221 7220
3 7221 7222 7220
3 7220 7222 7217
3 7222 2888 7217
3 7026 10 9
3 7029 7223 7026
3 8 7224 7029
3 7026 7223 10
3 7223 7221 10
3 7029 7224 7223
3 7224 7225 7223
3 7223 7225 7221
3 7225 7222 7221
3 8 7 7224
3 7 2883 7224
3 7224 2883 7225
3 2883 2885 7225
3 7225 2885 7222
3 2885 2888 7222
3 3487 5201 861
3 3491 7226 3487
3 5 7227 3491
3 3487 7226 5201
3 7226 5202 5201
3 3491 7227 7226
3 7227 7228 7226
3 7226 7228 5202
3 7228 860 5202
3 5 4 7227
3 4 7229 7227
3 7227 7229 7228
3 7229 7230 7228
3 7228 7230 860
3 7230 858 860
3 7086 4 3
3 7089 7231 7086
3 2 7232 7089
3 7086 7231 4
3 7231 7229 4
3 7089 7232 7231
3 7232 7233 7231
3 7231 7233 7229
3 7233 7230 7229
3 2 1 7232
3 1 2980 7232
3 7232 2980 7233
3 2980 2982 7233
3 7233 2982 7230
3 2982 858 7230
