ply
format ascii 1.0
comment Created by Blender 3.3.1 - www.blender.org
element vertex 2720
property float x
property float y
property float z
property float nx
property float ny
property float nz
property uchar red
property uchar green
property uchar blue
property uchar alpha
element face 5440
property list uchar uint vertex_indices
end_header
-22.641510 14.080078 -37.500000 0.301511 0.301511 -0.904534 30 42 86 255
-22.641510 26.234863 -37.500000 0.707107 0.000000 -0.707107 30 42 86 255
-22.641510 14.080078 -18.750000 0.707107 0.707107 0.000000 30 42 86 255
-22.641510 14.080078 37.500000 0.301511 0.301511 0.904534 30 42 86 255
-22.641510 26.234863 18.750000 1.000000 0.000000 0.000000 30 42 86 255
-22.641510 26.234863 37.500000 0.707107 0.000000 0.707107 30 42 86 255
-6.841858 14.080078 -37.500000 -0.067747 0.679954 -0.730118 30 42 86 255
-10.791771 14.080078 -37.500000 0.000000 0.707107 -0.707107 30 42 86 255
-6.841858 14.080078 -18.750000 -0.099143 0.995073 0.000000 30 42 86 255
-6.841858 14.080078 37.500000 -0.067747 0.679955 0.730118 30 42 86 255
-10.791771 14.080078 18.750000 0.000000 1.000000 0.000000 30 42 86 255
-10.791771 14.080078 37.500000 0.000000 0.707104 0.707109 30 42 86 255
15.384613 39.171875 -37.500000 -0.688513 0.022183 -0.724885 30 42 86 255
15.242104 37.874512 -37.500000 -0.702879 0.077208 -0.707107 30 42 86 255
15.384613 39.171875 -18.750000 -0.999481 0.032202 0.000000 30 42 86 255
15.384613 39.171875 37.500000 -0.688513 0.022183 0.724885 30 42 86 255
15.242104 37.874512 18.750000 -0.994021 0.109189 0.000000 30 42 86 255
15.242104 37.874512 37.500000 -0.702879 0.077208 0.707107 30 42 86 255
14.814575 33.982422 37.500000 -0.697193 0.089574 0.711265 30 42 86 255
14.814575 33.982422 18.750000 -0.991847 0.127431 0.000000 30 42 86 255
14.722000 33.353516 18.750000 -0.989339 0.145631 0.000000 30 42 86 255
14.722000 33.353516 37.500000 -0.699568 0.102977 0.707107 30 42 86 255
14.444275 31.466797 37.500000 -0.691725 0.118366 0.712394 30 42 86 255
14.444275 31.466797 18.750000 -0.985673 0.168665 0.000000 30 42 86 255
14.326073 30.861328 18.750000 -0.981472 0.191607 0.000000 30 42 86 255
14.326073 30.861328 37.500000 -0.694005 0.135487 0.707107 30 42 86 255
13.971466 29.044922 37.500000 -0.681588 0.156906 0.714716 30 42 86 255
13.971466 29.044922 18.750000 -0.974511 0.224339 0.000000 30 42 86 255
13.819138 28.471680 18.750000 -0.966460 0.256819 0.000000 30 42 86 255
13.819138 28.471680 37.500000 -0.683390 0.181598 0.707107 30 42 86 255
13.362152 26.751953 37.500000 -0.664523 0.209123 0.717409 30 42 86 255
13.362152 26.751953 18.750000 -0.953882 0.300183 0.000000 30 42 86 255
13.167137 26.217773 18.750000 -0.939359 0.342935 0.000000 30 42 86 255
13.167137 26.217773 37.500000 -0.664227 0.242492 0.707107 30 42 86 255
12.582092 24.615234 37.500000 -0.635771 0.276144 0.720791 30 42 86 255
12.582092 24.615234 18.750000 -0.917217 0.398388 0.000000 30 42 86 255
12.335869 24.129883 18.750000 -0.891804 0.452421 0.000000 30 42 86 255
12.335869 24.129883 37.500000 -0.630601 0.319910 0.707107 30 42 86 255
11.597198 22.673828 37.500000 -0.601881 0.346887 0.719312 30 42 86 255
11.597198 22.673828 18.750000 -0.866404 0.499343 0.000000 30 42 86 255
11.452209 22.450684 18.750000 -0.838538 0.544843 0.000000 30 42 86 255
11.452209 22.450684 37.500000 -0.592936 0.385262 0.707107 30 42 86 255
11.017242 21.781250 37.500000 -0.568450 0.404105 0.716634 30 42 86 255
11.017242 21.781250 18.750000 -0.815040 0.579404 0.000000 30 42 86 255
10.856255 21.573730 18.750000 -0.790120 0.612953 0.000000 30 42 86 255
10.856255 21.573730 37.500000 -0.558699 0.433423 0.707107 30 42 86 255
10.373291 20.951172 37.500000 -0.531666 0.450792 0.717021 30 42 86 255
10.373291 20.951172 18.750000 -0.762734 0.646712 0.000000 30 42 86 255
10.195236 20.758789 18.750000 -0.733908 0.679249 0.000000 30 42 86 255
10.195236 20.758789 37.500000 -0.518952 0.480302 0.707106 30 42 86 255
9.661072 20.181641 37.500000 -0.488920 0.496026 0.717576 30 42 86 255
9.661072 20.181641 18.750000 -0.701987 0.712189 0.000000 30 42 86 255
9.465561 20.005859 18.750000 -0.668590 0.743632 0.000000 30 42 86 255
9.465561 20.005859 37.500000 -0.472764 0.525827 0.707107 30 42 86 255
8.879028 19.478516 37.500000 -0.430414 0.542688 0.721272 30 42 86 255
8.879028 19.478516 18.750000 -0.621400 0.783494 0.000000 30 42 86 255
8.439819 19.172363 18.750000 -0.571839 0.820366 0.000000 30 42 86 255
8.439819 19.172363 37.500000 -0.404351 0.580086 0.707107 30 42 86 255
7.122192 18.253906 37.500000 -0.356020 0.592479 0.722647 30 42 86 255
7.122192 18.253906 18.750000 -0.515062 0.857153 0.000000 30 42 86 255
6.626541 18.000000 18.750000 -0.455927 0.890017 0.000000 30 42 86 255
6.626541 18.000000 37.500000 -0.322389 0.629337 0.707107 30 42 86 255
5.139587 17.238281 37.500000 -0.284497 0.634192 0.718931 30 42 86 255
5.139587 17.238281 18.750000 -0.409301 0.912399 0.000000 30 42 86 255
4.596939 17.027832 18.750000 -0.361579 0.932341 0.000000 30 42 86 255
4.596939 17.027832 37.500000 -0.255675 0.659265 0.707107 30 42 86 255
2.968994 16.396484 37.500000 -0.227659 0.660221 0.715737 30 42 86 255
2.968994 16.396484 18.750000 -0.325986 0.945375 0.000000 30 42 86 255
2.388733 16.220703 18.750000 -0.289924 0.957050 0.000000 30 42 86 255
2.388733 16.220703 37.500000 -0.205007 0.676737 0.707107 30 42 86 255
0.647949 15.693359 37.500000 -0.184988 0.676060 0.713247 30 42 86 255
0.647949 15.693359 18.750000 -0.263925 0.964543 0.000000 30 42 86 255
0.039467 15.544434 18.750000 -0.237733 0.971331 0.000000 30 42 86 255
0.039467 15.544434 37.500000 -0.168103 0.686835 0.707106 30 42 86 255
-1.785980 15.097656 37.500000 -0.152816 0.685559 0.711797 30 42 86 255
-1.785980 15.097656 18.750000 -0.217568 0.976045 0.000000 30 42 86 255
-3.049950 14.843262 18.750000 -0.197310 0.980341 0.000000 30 42 86 255
-3.049950 14.843262 37.500000 -0.139519 0.693205 0.707107 30 42 86 255
12.126953 53.439453 -37.500000 -0.600113 -0.331245 -0.728108 30 42 86 255
12.500198 52.588867 -37.500000 -0.647510 -0.284133 -0.707106 30 42 86 255
12.126953 53.439453 -18.750000 -0.875486 -0.483243 0.000000 30 42 86 255
12.126953 53.439453 37.500000 -0.600113 -0.331245 0.728108 30 42 86 255
12.500198 52.588867 18.750000 -0.915716 -0.401825 0.000000 30 42 86 255
12.500198 52.588867 37.500000 -0.647510 -0.284133 0.707106 30 42 86 255
13.619934 50.037109 37.500000 -0.649543 -0.258881 0.714895 30 42 86 255
13.619934 50.037109 18.750000 -0.928938 -0.370236 0.000000 30 42 86 255
13.775589 49.604004 18.750000 -0.941069 -0.338213 0.000000 30 42 86 255
13.775589 49.604004 37.500000 -0.665437 -0.239153 0.707106 30 42 86 255
14.242554 48.304688 37.500000 -0.665639 -0.208574 0.716534 30 42 86 255
14.242554 48.304688 18.750000 -0.954251 -0.299008 0.000000 30 42 86 255
14.361191 47.862793 18.750000 -0.965799 -0.259292 0.000000 30 42 86 255
14.361191 47.862793 37.500000 -0.682923 -0.183347 0.707107 30 42 86 255
14.717102 46.537109 37.500000 -0.680262 -0.149801 0.717498 30 42 86 255
14.717102 46.537109 18.750000 -0.976601 -0.215057 0.000000 30 42 86 255
14.795197 46.085449 18.750000 -0.985379 -0.170377 0.000000 30 42 86 255
14.795197 46.085449 37.500000 -0.696768 -0.120475 0.707107 30 42 86 255
15.029480 44.730469 37.500000 -0.692615 -0.095114 0.715008 30 42 86 255
15.029480 44.730469 18.750000 -0.990702 -0.136050 0.000000 30 42 86 255
15.076385 44.270996 18.750000 -0.994830 -0.101558 0.000000 30 42 86 255
15.076385 44.270996 37.500000 -0.703451 -0.071812 0.707107 30 42 86 255
15.217102 42.892578 37.500000 -0.698722 -0.051352 0.713548 30 42 86 255
15.217102 42.892578 18.750000 -0.997310 -0.073296 0.000000 30 42 86 255
15.258980 41.962402 18.750000 -0.998988 -0.044976 0.000000 30 42 86 255
15.258980 41.962402 37.500000 -0.706391 -0.031803 0.707107 30 42 86 255
4.580902 60.781250 -37.500000 -0.275661 -0.614744 -0.738986 30 42 86 255
5.150734 60.425781 -37.500000 -0.374254 -0.599945 -0.707107 30 42 86 255
4.580902 60.781250 -18.750000 -0.409162 -0.912462 0.000000 30 42 86 255
4.580902 60.781250 37.500000 -0.275661 -0.614744 0.738986 30 42 86 255
5.150734 60.425781 18.750000 -0.529275 -0.848450 0.000000 30 42 86 255
5.150734 60.425781 37.500000 -0.374254 -0.599945 0.707107 30 42 86 255
6.860229 59.359375 37.500000 -0.391859 -0.578046 0.715757 30 42 86 255
6.860229 59.359375 18.750000 -0.561123 -0.827733 0.000000 30 42 86 255
7.127342 59.163086 18.750000 -0.592161 -0.805820 0.000000 30 42 86 255
7.127342 59.163086 37.500000 -0.418721 -0.569800 0.707107 30 42 86 255
7.928680 58.574219 37.500000 -0.438283 -0.540856 0.717902 30 42 86 255
7.928680 58.574219 18.750000 -0.629587 -0.776930 0.000000 30 42 86 255
8.174500 58.354980 18.750000 -0.665605 -0.746304 0.000000 30 42 86 255
8.174500 58.354980 37.500000 -0.470654 -0.527717 0.707107 30 42 86 255
8.911957 57.697266 37.500000 -0.488793 -0.494245 0.718890 30 42 86 255
8.911957 57.697266 18.750000 -0.703175 -0.711017 0.000000 30 42 86 255
9.134163 57.453613 18.750000 -0.738877 -0.673841 0.000000 30 42 86 255
9.134163 57.453613 37.500000 -0.522465 -0.476478 0.707107 30 42 86 255
9.800781 56.722656 37.500000 -0.534046 -0.449235 0.716228 30 42 86 255
9.800781 56.722656 18.750000 -0.765256 -0.643726 0.000000 30 42 86 255
10.004753 56.459473 18.750000 -0.790408 -0.612580 0.000000 30 42 86 255
10.004753 56.459473 37.500000 -0.558903 -0.433160 0.707107 30 42 86 255
10.616669 55.669922 37.500000 -0.566540 -0.410701 0.714393 30 42 86 255
10.616669 55.669922 18.750000 -0.809638 -0.586930 0.000000 30 42 86 255
10.994240 55.112305 18.750000 -0.828036 -0.560676 0.000000 30 42 86 255
10.994240 55.112305 37.500000 -0.585510 -0.396457 0.707107 30 42 86 255
-8.556335 62.699219 -37.500000 -0.005955 -0.705171 -0.709013 30 42 86 255
-7.718063 62.685059 -37.500000 -0.011943 -0.707006 -0.707107 30 42 86 255
-8.556335 62.699219 -18.750000 -0.008445 -0.999964 0.000000 30 42 86 255
-8.556335 62.699219 37.500000 -0.005955 -0.705171 0.709012 30 42 86 255
-7.718063 62.685059 18.750000 -0.016890 -0.999857 0.000000 30 42 86 255
-7.718063 62.685059 37.500000 -0.011943 -0.707006 0.707107 30 42 86 255
-5.203247 62.642578 37.500000 -0.033441 -0.699217 0.714127 30 42 86 255
-5.203247 62.642578 18.750000 -0.047771 -0.998858 0.000000 30 42 86 255
-4.373459 62.577148 18.750000 -0.078607 -0.996906 0.000000 30 42 86 255
-4.373459 62.577148 37.500000 -0.055584 -0.704919 0.707107 30 42 86 255
-1.884094 62.380859 37.500000 -0.085690 -0.691494 0.717282 30 42 86 255
-1.884094 62.380859 18.750000 -0.122979 -0.992409 0.000000 30 42 86 255
-1.475006 62.311523 18.750000 -0.167106 -0.985939 0.000000 30 42 86 255
-1.475006 62.311523 37.500000 -0.118162 -0.697164 0.707107 30 42 86 255
-0.247742 62.103516 37.500000 -0.138664 -0.685988 0.714278 30 42 86 255
-0.247742 62.103516 18.750000 -0.198130 -0.980176 0.000000 30 42 86 255
0.157074 62.008301 18.750000 -0.228958 -0.973436 0.000000 30 42 86 255
0.157074 62.008301 37.500000 -0.161897 -0.688323 0.707107 30 42 86 255
1.371521 61.722656 37.500000 -0.178943 -0.677661 0.713270 30 42 86 255
1.371521 61.722656 18.750000 -0.255308 -0.966860 0.000000 30 42 86 255
2.173866 61.487305 18.750000 -0.281470 -0.959570 0.000000 30 42 86 255
2.173866 61.487305 37.500000 -0.199030 -0.678519 0.707107 30 42 86 255
-22.641510 62.699219 -37.500000 0.301511 -0.301511 -0.904534 30 42 86 255
-19.120216 62.699219 -37.500000 0.000000 -0.707107 -0.707107 30 42 86 255
-22.641510 62.699219 -18.750000 0.707107 -0.707107 0.000000 30 42 86 255
-22.641510 62.699219 37.500000 0.301511 -0.301511 0.904534 30 42 86 255
-19.120216 62.699219 18.750000 0.000000 -1.000000 0.000000 30 42 86 255
-19.120216 62.699219 37.500000 0.000000 -0.707107 0.707107 30 42 86 255
-7.272766 100.000000 -37.500000 0.002952 0.708036 -0.706170 30 42 86 255
-23.270248 100.000000 -37.500000 0.000000 0.707107 -0.707107 30 42 86 255
-7.272766 100.000000 -18.750000 0.004169 0.999991 0.000000 30 42 86 255
-7.272766 100.000000 37.500000 0.002952 0.708036 0.706170 30 42 86 255
-23.270248 100.000000 18.750000 0.000000 1.000000 0.000000 30 42 86 255
-23.270248 100.000000 37.500000 0.000000 0.707107 0.707107 30 42 86 255
20.733154 98.273438 -37.500000 0.139478 0.709704 -0.690555 30 42 86 255
18.989555 98.481445 -37.500000 0.083762 0.702128 -0.707107 30 42 86 255
20.733154 98.273438 -18.750000 0.192841 0.981230 0.000000 30 42 86 255
20.733154 98.273438 37.500000 0.139478 0.709703 0.690556 30 42 86 255
18.989555 98.481445 18.750000 0.118458 0.992959 0.000000 30 42 86 255
18.989555 98.481445 37.500000 0.083762 0.702128 0.707107 30 42 86 255
13.758759 99.105469 37.500000 0.076390 0.705412 0.704669 30 42 86 255
13.758759 99.105469 18.750000 0.107661 0.994188 0.000000 30 42 86 255
12.885658 99.190430 18.750000 0.096852 0.995299 0.000000 30 42 86 255
12.885658 99.190430 37.500000 0.068485 0.703782 0.707107 30 42 86 255
10.266357 99.445312 37.500000 0.059497 0.707536 0.704168 30 42 86 255
10.266357 99.445312 18.750000 0.083795 0.996483 0.000000 30 42 86 255
9.391739 99.507324 18.750000 0.070724 0.997496 0.000000 30 42 86 255
9.391739 99.507324 37.500000 0.050009 0.705336 0.707107 30 42 86 255
6.767883 99.693359 37.500000 0.037715 0.710050 0.703141 30 42 86 255
6.767883 99.693359 18.750000 0.053041 0.998592 0.000000 30 42 86 255
5.014359 99.755371 18.750000 0.035342 0.999375 0.000000 30 42 86 255
5.014359 99.755371 37.500000 0.024991 0.706665 0.707107 30 42 86 255
-0.246216 99.941406 37.500000 0.015511 0.709951 0.704080 30 42 86 255
-0.246216 99.941406 18.750000 0.021842 0.999761 0.000000 30 42 86 255
-2.002853 99.956055 18.750000 0.008339 0.999965 0.000000 30 42 86 255
-2.002853 99.956055 37.500000 0.005896 0.707082 0.707107 30 42 86 255
41.005981 88.916016 -37.500000 0.438815 0.572144 -0.692887 30 42 86 255
39.830612 89.702637 -37.500000 0.393284 0.587646 -0.707107 30 42 86 255
41.005981 88.916016 -18.750000 0.608581 0.793492 0.000000 30 42 86 255
41.005981 88.916016 37.500000 0.438815 0.572144 0.692888 30 42 86 255
39.830612 89.702637 18.750000 0.556188 0.831056 0.000000 30 42 86 255
39.830612 89.702637 37.500000 0.393284 0.587646 0.707107 30 42 86 255
36.304504 92.062500 37.500000 0.381362 0.602059 0.701489 30 42 86 255
36.304504 92.062500 18.750000 0.535110 0.844782 0.000000 30 42 86 255
35.701828 92.423340 18.750000 0.513694 0.857974 0.000000 30 42 86 255
35.701828 92.423340 37.500000 0.363236 0.606679 0.707107 30 42 86 255
33.893799 93.505859 37.500000 0.347476 0.623740 0.700148 30 42 86 255
33.893799 93.505859 18.750000 0.486664 0.873590 0.000000 30 42 86 255
33.273132 93.826660 18.750000 0.459159 0.888354 0.000000 30 42 86 255
33.273132 93.826660 37.500000 0.324675 0.628161 0.707107 30 42 86 255
31.411133 94.789062 37.500000 0.303049 0.648564 0.698231 30 42 86 255
31.411133 94.789062 18.750000 0.423328 0.905977 0.000000 30 42 86 255
30.767426 95.059082 18.750000 0.386821 0.922155 0.000000 30 42 86 255
30.767426 95.059082 37.500000 0.273524 0.652062 0.707107 30 42 86 255
28.836304 95.869141 37.500000 0.253172 0.668516 0.699278 30 42 86 255
28.836304 95.869141 18.750000 0.354161 0.935185 0.000000 30 42 86 255
28.172318 96.094238 18.750000 0.321062 0.947058 0.000000 30 42 86 255
28.172318 96.094238 37.500000 0.227025 0.669671 0.707107 30 42 86 255
26.180359 96.769531 37.500000 0.209556 0.681990 0.700696 30 42 86 255
26.180359 96.769531 18.750000 0.293718 0.955892 0.000000 30 42 86 255
24.818558 97.145508 18.750000 0.266131 0.963937 0.000000 30 42 86 255
24.818558 97.145508 37.500000 0.188183 0.681606 0.707107 30 42 86 255
57.065247 68.154297 -37.500000 0.662241 0.288079 -0.691698 30 42 86 255
56.294418 69.633789 -37.500000 0.627098 0.326723 -0.707107 30 42 86 255
57.065247 68.154297 -18.750000 0.916995 0.398899 0.000000 30 42 86 255
57.065247 68.154297 37.500000 0.662242 0.288079 0.691698 30 42 86 255
56.294418 69.633789 18.750000 0.886850 0.462057 0.000000 30 42 86 255
56.294418 69.633789 37.500000 0.627098 0.326723 0.707107 30 42 86 255
53.981934 74.072266 37.500000 0.622882 0.348239 0.700534 30 42 86 255
53.981934 74.072266 18.750000 0.872849 0.487990 0.000000 30 42 86 255
53.557663 74.781250 18.750000 0.858090 0.513499 0.000000 30 42 86 255
53.557663 74.781250 37.500000 0.606762 0.363098 0.707107 30 42 86 255
52.284851 76.908203 37.500000 0.600012 0.388788 0.699164 30 42 86 255
52.284851 76.908203 18.750000 0.839223 0.543788 0.000000 30 42 86 255
51.813950 77.581055 18.750000 0.819286 0.573385 0.000000 30 42 86 255
51.813950 77.581055 37.500000 0.579323 0.405444 0.707107 30 42 86 255
50.401245 79.599609 37.500000 0.568265 0.437196 0.697090 30 42 86 255
50.401245 79.599609 18.750000 0.792578 0.609771 0.000000 30 42 86 255
49.871780 80.227051 18.750000 0.764255 0.644914 0.000000 30 42 86 255
49.871780 80.227051 37.500000 0.540410 0.456023 0.707107 30 42 86 255
48.283386 82.109375 37.500000 0.528805 0.481983 0.698611 30 42 86 255
48.283386 82.109375 18.750000 0.739069 0.673630 0.000000 30 42 86 255
47.704453 82.697754 18.750000 0.712805 0.701362 0.000000 30 42 86 255
47.704453 82.697754 37.500000 0.504029 0.495938 0.707107 30 42 86 255
45.967651 84.462891 37.500000 0.495447 0.512144 0.701599 30 42 86 255
45.967651 84.462891 18.750000 0.695293 0.718726 0.000000 30 42 86 255
45.355682 85.026367 18.750000 0.677359 0.735652 0.000000 30 42 86 255
45.355682 85.026367 37.500000 0.478965 0.520185 0.707107 30 42 86 255
43.519775 86.716797 37.500000 0.474212 0.528342 0.704257 30 42 86 255
43.519775 86.716797 18.750000 0.667956 0.744201 0.000000 30 42 86 255
42.891327 87.266602 18.750000 0.658445 0.752629 0.000000 30 42 86 255
42.891327 87.266602 37.500000 0.465591 0.532189 0.707107 30 42 86 255
62.844666 39.027344 -37.500000 0.721206 -0.008494 -0.692668 30 42 86 255
62.743927 40.900879 -37.500000 0.706087 0.037966 -0.707107 30 42 86 255
62.844666 39.027344 -18.750000 0.999931 -0.011777 0.000000 30 42 86 255
62.844666 39.027344 37.500000 0.721206 -0.008494 0.692668 30 42 86 255
62.743927 40.900879 18.750000 0.998558 0.053692 0.000000 30 42 86 255
62.743927 40.900879 37.500000 0.706087 0.037966 0.707107 30 42 86 255
62.441711 46.521484 37.500000 0.710216 0.055038 0.701829 30 42 86 255
62.441711 46.521484 18.750000 0.997011 0.077263 0.000000 30 42 86 255
62.347824 47.448242 18.750000 0.994908 0.100791 0.000000 30 42 86 255
62.347824 47.448242 37.500000 0.703506 0.071270 0.707107 30 42 86 255
62.066162 50.228516 37.500000 0.707436 0.092091 0.700752 30 42 86 255
62.066162 50.228516 18.750000 0.991633 0.129087 0.000000 30 42 86 255
61.920044 51.145996 18.750000 0.987554 0.157278 0.000000 30 42 86 255
61.920044 51.145996 37.500000 0.698306 0.111212 0.707107 30 42 86 255
61.481689 53.898438 37.500000 0.701626 0.137809 0.699092 30 42 86 255
61.481689 53.898438 18.750000 0.981252 0.192731 0.000000 30 42 86 255
61.270111 54.802246 18.750000 0.973677 0.227934 0.000000 30 42 86 255
61.270111 54.802246 37.500000 0.688493 0.161174 0.707107 30 42 86 255
60.635376 57.513672 37.500000 0.689758 0.183593 0.700377 30 42 86 255
60.635376 57.513672 18.750000 0.966354 0.257214 0.000000 30 42 86 255
60.368561 58.406738 18.750000 0.958152 0.286260 0.000000 30 42 86 255
60.368561 58.406738 37.500000 0.677516 0.202417 0.707107 30 42 86 255
59.568115 61.085938 37.500000 0.677511 0.221006 0.701524 30 42 86 255
59.568115 61.085938 18.750000 0.950697 0.310120 0.000000 30 42 86 255
58.942398 62.853027 18.750000 0.942649 0.333787 0.000000 30 42 86 255
58.942398 62.853027 37.500000 0.666553 0.236023 0.707107 30 42 86 255
35.518005 -13.523438 -37.500000 0.475662 -0.124396 -0.870788 30 42 86 255
37.099136 -12.277832 -37.500000 0.437580 -0.555449 -0.707107 30 42 86 255
35.518005 -13.523438 -18.750000 0.967463 -0.253012 0.000000 30 42 86 255
35.518005 -13.523438 37.500000 0.475662 -0.124396 0.870788 30 42 86 255
37.099136 -12.277832 18.750000 0.618831 -0.785524 0.000000 30 42 86 255
37.099136 -12.277832 37.500000 0.437580 -0.555449 0.707107 30 42 86 255
41.842529 -8.541016 37.500000 0.448752 -0.551106 0.703494 30 42 86 255
41.842529 -8.541016 18.750000 0.631422 -0.775440 0.000000 30 42 86 255
42.602692 -7.901367 18.750000 0.643848 -0.765153 0.000000 30 42 86 255
42.602692 -7.901367 37.500000 0.455269 -0.541045 0.707107 30 42 86 255
44.883179 -5.982422 37.500000 0.468685 -0.535284 0.702713 30 42 86 255
44.883179 -5.982422 18.750000 0.658752 -0.752360 0.000000 30 42 86 255
45.606842 -5.323242 18.750000 0.673402 -0.739277 0.000000 30 42 86 255
45.606842 -5.323242 37.500000 0.476167 -0.522748 0.707107 30 42 86 255
47.777832 -3.345703 37.500000 0.494481 -0.513891 0.701003 30 42 86 255
47.777832 -3.345703 18.750000 0.693368 -0.720584 0.000000 30 42 86 255
48.452835 -2.659668 18.750000 0.712815 -0.701352 0.000000 30 42 86 255
48.452835 -2.659668 37.500000 0.504036 -0.495931 0.707107 30 42 86 255
50.477844 -0.601562 37.500000 0.526928 -0.483100 0.699258 30 42 86 255
50.477844 -0.601562 18.750000 0.737096 -0.675788 0.000000 30 42 86 255
51.092026 0.117676 18.750000 0.760461 -0.649383 0.000000 30 42 86 255
51.092026 0.117676 37.500000 0.537727 -0.459183 0.707107 30 42 86 255
52.934570 2.275391 37.500000 0.557448 -0.446297 0.700051 30 42 86 255
52.934570 2.275391 18.750000 0.780638 -0.624984 0.000000 30 42 86 255
53.215057 2.649414 18.750000 0.800031 -0.599958 0.000000 30 42 86 255
53.215057 2.649414 37.500000 0.565707 -0.424234 0.707107 30 42 86 255
54.056519 3.771484 37.500000 0.580036 -0.413643 0.701753 30 42 86 255
54.056519 3.771484 18.750000 0.814177 -0.580617 0.000000 30 42 86 255
54.317230 4.156250 18.750000 0.827855 -0.560943 0.000000 30 42 86 255
54.317230 4.156250 37.500000 0.585382 -0.396646 0.707107 30 42 86 255
55.099365 5.310547 37.500000 0.600411 -0.384342 0.701276 30 42 86 255
55.099365 5.310547 18.750000 0.842221 -0.539132 0.000000 30 42 86 255
55.338806 5.707031 18.750000 0.856013 -0.516955 0.000000 30 42 86 255
55.338806 5.707031 37.500000 0.605292 -0.365542 0.707107 30 42 86 255
56.057129 6.896484 37.500000 0.620237 -0.351922 0.701040 30 42 86 255
56.057129 6.896484 18.750000 0.869749 -0.493495 0.000000 30 42 86 255
56.274292 7.304688 18.750000 0.882842 -0.469670 0.000000 30 42 86 255
56.274292 7.304688 37.500000 0.624263 -0.332106 0.707107 30 42 86 255
56.925781 8.529297 37.500000 0.638199 -0.317956 0.701146 30 42 86 255
56.925781 8.529297 18.750000 0.895068 -0.445930 0.000000 30 42 86 255
57.121628 8.950195 18.750000 0.906655 -0.421872 0.000000 30 42 86 255
57.121628 8.950195 37.500000 0.641102 -0.298309 0.707107 30 42 86 255
57.709167 10.212891 37.500000 0.652928 -0.284996 0.701757 30 42 86 255
57.709167 10.212891 18.750000 0.916497 -0.400041 0.000000 30 42 86 255
57.884995 10.643555 18.750000 0.925813 -0.377981 0.000000 30 42 86 255
57.884995 10.643555 37.500000 0.654649 -0.267273 0.707106 30 42 86 255
58.412476 11.935547 37.500000 0.670026 -0.247931 0.699711 30 42 86 255
58.412476 11.935547 18.750000 0.937852 -0.347035 0.000000 30 42 86 255
58.709457 12.828125 18.750000 0.948857 -0.315707 0.000000 30 42 86 255
58.709457 12.828125 37.500000 0.670943 -0.223239 0.707107 30 42 86 255
59.600403 15.505859 37.500000 0.686715 -0.200298 0.698787 30 42 86 255
59.600403 15.505859 18.750000 0.959997 -0.280009 0.000000 30 42 86 255
59.833374 16.432129 18.750000 0.969796 -0.243919 0.000000 30 42 86 255
59.833374 16.432129 37.500000 0.685749 -0.172477 0.707107 30 42 86 255
60.532288 19.210938 37.500000 0.697192 -0.153064 0.700354 30 42 86 255
60.532288 19.210938 18.750000 0.976738 -0.214437 0.000000 30 42 86 255
60.711929 20.166504 18.750000 0.982784 -0.184759 0.000000 30 42 86 255
60.711929 20.166504 37.500000 0.694933 -0.130644 0.707107 30 42 86 255
61.250854 23.033203 37.500000 0.702940 -0.115150 0.701866 30 42 86 255
61.250854 23.033203 18.750000 0.986847 -0.161658 0.000000 30 42 86 255
61.387802 24.012695 18.750000 0.990367 -0.138468 0.000000 30 42 86 255
61.387802 24.012695 37.500000 0.700295 -0.097912 0.707107 30 42 86 255
61.798645 26.951172 37.500000 0.705623 -0.086439 0.703296 30 42 86 255
61.798645 26.951172 18.750000 0.992580 -0.121592 0.000000 30 42 86 255
61.903595 27.948242 18.750000 0.994506 -0.104680 0.000000 30 42 86 255
61.903595 27.948242 37.500000 0.703222 -0.074020 0.707107 30 42 86 255
62.218445 30.939453 37.500000 0.707243 -0.064589 0.704014 30 42 86 255
62.218445 30.939453 18.750000 0.995856 -0.090947 0.000000 30 42 86 255
62.375000 32.961426 18.750000 0.997016 -0.077196 0.000000 30 42 86 255
62.375000 32.961426 37.500000 0.704997 -0.054586 0.707107 30 42 86 255
71.262695 -100.000000 -37.500000 0.688981 -0.460732 -0.559491 30 42 86 255
62.326523 -78.380859 -37.500000 0.653482 0.270114 -0.707107 30 42 86 255
71.262695 -100.000000 -18.750000 0.831264 -0.555878 0.000000 30 42 86 255
71.262695 -100.000000 37.500000 0.688981 -0.460732 0.559491 30 42 86 255
62.326523 -78.380859 18.750000 0.924163 0.381999 0.000000 30 42 86 255
62.326523 -78.380859 37.500000 0.653482 0.270114 0.707107 30 42 86 255
19.493835 -100.000000 -37.500000 -0.467755 -0.652231 -0.596490 30 42 86 255
32.436050 -100.000000 -37.500000 0.000000 -0.707107 -0.707107 30 42 86 255
19.493835 -100.000000 -18.750000 -0.582784 -0.812627 0.000000 30 42 86 255
19.493835 -100.000000 37.500000 -0.467755 -0.652231 0.596490 30 42 86 255
32.436050 -100.000000 18.750000 0.000000 -1.000000 0.000000 30 42 86 255
32.436050 -100.000000 37.500000 0.000000 -0.707107 0.707107 30 42 86 255
-6.503998 -23.222656 -37.500000 -0.293177 -0.408802 -0.864250 30 42 86 255
-0.004539 -42.416992 -37.500000 -0.669752 -0.226787 -0.707107 30 42 86 255
-6.503998 -23.222656 -18.750000 -0.582784 -0.812627 0.000000 30 42 86 255
-6.503998 -23.222656 37.500000 -0.293177 -0.408802 0.864250 30 42 86 255
-0.004539 -42.416992 18.750000 -0.947172 -0.320725 0.000000 30 42 86 255
-0.004539 -42.416992 37.500000 -0.669752 -0.226787 0.707107 30 42 86 255
-22.641510 -23.222656 -37.500000 0.301511 -0.301511 -0.904534 30 42 86 255
-18.607132 -23.222656 -37.500000 0.000000 -0.707107 -0.707107 30 42 86 255
-22.641510 -23.222656 -18.750000 0.707107 -0.707107 0.000000 30 42 86 255
-22.641510 -23.222656 37.500000 0.301511 -0.301511 0.904534 30 42 86 255
-18.607132 -23.222656 18.750000 0.000000 -1.000000 0.000000 30 42 86 255
-18.607132 -23.222656 37.500000 0.000000 -0.707107 0.707107 30 42 86 255
-22.641510 -100.000000 -37.500000 0.577350 -0.577350 -0.577350 30 42 86 255
-22.641510 -80.805664 -37.500000 0.707107 0.000000 -0.707107 30 42 86 255
-22.641510 -100.000000 -18.750000 0.707107 -0.707107 0.000000 30 42 86 255
-22.641510 -100.000000 37.500000 0.577350 -0.577350 0.577350 30 42 86 255
-22.641510 -80.805664 18.750000 1.000000 0.000000 0.000000 30 42 86 255
-22.641510 -80.805664 37.500000 0.707107 0.000000 0.707107 30 42 86 255
-71.262695 -100.000000 -37.500000 -0.577350 -0.577350 -0.577350 30 42 86 255
-59.107399 -100.000000 -37.500000 0.000000 -0.707107 -0.707107 30 42 86 255
-71.262695 -100.000000 -18.750000 -0.707107 -0.707107 0.000000 30 42 86 255
-71.262695 -100.000000 37.500000 -0.577350 -0.577350 0.577350 30 42 86 255
-59.107399 -100.000000 18.750000 0.000000 -1.000000 0.000000 30 42 86 255
-59.107399 -100.000000 37.500000 0.000000 -0.707107 0.707107 30 42 86 255
-71.262695 100.000000 -37.500000 -0.577350 0.577350 -0.577350 30 42 86 255
-71.262695 50.000000 -37.500000 -0.707107 0.000000 -0.707107 30 42 86 255
-71.262695 100.000000 -18.750000 -0.707107 0.707107 0.000000 30 42 86 255
-71.262695 100.000000 37.500000 -0.577350 0.577350 0.577350 30 42 86 255
-71.262695 50.000000 18.750000 -1.000000 0.000000 0.000000 30 42 86 255
-71.262695 50.000000 37.500000 -0.707107 0.000000 0.707107 30 42 86 255
-59.107399 -71.479980 37.500000 0.000000 0.000000 1.000000 30 42 86 255
-71.262695 -50.000000 37.500000 -0.707107 0.000000 0.707107 30 42 86 255
-59.107399 78.520020 37.500000 0.000000 0.000000 1.000000 30 42 86 255
-59.107399 90.674805 37.500000 0.000000 0.000000 1.000000 30 42 86 255
-55.265213 100.000000 37.500000 0.000000 0.707107 0.707107 30 42 86 255
-11.114952 90.674805 37.500000 0.000000 0.000000 1.000000 30 42 86 255
-7.593658 90.674805 37.500000 0.000000 0.000000 1.000000 30 42 86 255
-6.755386 90.660645 37.500000 0.000000 0.000000 1.000000 30 42 86 255
-34.796806 -100.000000 37.500000 0.000000 -0.707107 0.707107 30 42 86 255
-59.107399 -80.805664 37.500000 0.000000 0.000000 1.000000 30 42 86 255
-22.641510 -13.896973 37.500000 0.000000 0.000000 1.000000 30 42 86 255
-18.607132 4.754395 37.500000 0.000000 0.000000 1.000000 30 42 86 255
-8.101631 7.179199 37.500000 0.000000 0.000000 1.000000 30 42 86 255
-6.520500 8.424805 37.500000 0.000000 0.000000 1.000000 30 42 86 255
4.001503 -20.797852 37.500000 0.000000 0.000000 1.000000 30 42 86 255
31.511963 -35.142578 37.500000 0.000000 0.000000 1.000000 30 42 86 255
44.454178 -35.142578 37.500000 0.653482 0.270114 0.707107 30 42 86 255
25.721519 -2.885742 37.500000 0.000000 0.000000 1.000000 30 42 86 255
-5.760338 9.064453 37.500000 0.000000 0.000000 1.000000 30 42 86 255
-2.378014 13.543945 37.500000 0.000000 0.000000 1.000000 30 42 86 255
-18.691597 14.080078 37.500000 0.000000 0.707104 0.707109 30 42 86 255
9.471725 13.543945 37.500000 0.000000 0.000000 1.000000 30 42 86 255
-5.577888 14.334473 37.500000 -0.139519 0.693205 0.707107 30 42 86 255
13.263634 14.307129 37.500000 0.000000 0.000000 1.000000 30 42 86 255
-1.177498 15.246582 37.500000 -0.168103 0.686835 0.707106 30 42 86 255
15.089081 14.753906 37.500000 0.000000 0.000000 1.000000 30 42 86 255
1.228210 15.869141 37.500000 -0.205007 0.676737 0.707107 30 42 86 255
16.829865 15.281250 37.500000 0.000000 0.000000 1.000000 30 42 86 255
3.511642 16.606934 37.500000 -0.255675 0.659265 0.707107 30 42 86 255
18.457809 15.912598 37.500000 0.000000 0.000000 1.000000 30 42 86 255
5.635239 17.492188 37.500000 -0.322389 0.629337 0.707107 30 42 86 255
19.944763 16.674316 37.500000 0.000000 0.000000 1.000000 30 42 86 255
7.561401 18.560059 37.500000 -0.404351 0.580086 0.707107 30 42 86 255
21.262390 17.592773 37.500000 0.000000 0.000000 1.000000 30 42 86 255
9.074539 19.654297 37.500000 -0.472764 0.525827 0.707107 30 42 86 255
21.848923 18.120117 37.500000 0.000000 0.000000 1.000000 30 42 86 255
9.839127 20.374023 37.500000 -0.518952 0.480302 0.707106 30 42 86 255
22.383087 18.697266 37.500000 0.000000 0.000000 1.000000 30 42 86 255
10.534279 21.158691 37.500000 -0.558699 0.433423 0.707107 30 42 86 255
22.866051 19.319824 37.500000 0.000000 0.000000 1.000000 30 42 86 255
11.162231 22.004395 37.500000 -0.592936 0.385262 0.707107 30 42 86 255
23.301018 19.989258 37.500000 0.000000 0.000000 1.000000 30 42 86 255
11.843422 23.159180 37.500000 -0.630601 0.319910 0.707107 30 42 86 255
24.039688 21.445312 37.500000 0.000000 0.000000 1.000000 30 42 86 255
12.777107 25.149414 37.500000 -0.664227 0.242492 0.707107 30 42 86 255
24.624733 23.047852 37.500000 0.000000 0.000000 1.000000 30 42 86 255
13.514481 27.325195 37.500000 -0.683390 0.181598 0.707107 30 42 86 255
25.081718 24.767578 37.500000 0.000000 0.000000 1.000000 30 42 86 255
14.089668 29.650391 37.500000 -0.694005 0.135487 0.707107 30 42 86 255
25.436325 26.583984 37.500000 0.000000 0.000000 1.000000 30 42 86 255
14.536850 32.095703 37.500000 -0.699568 0.102977 0.707107 30 42 86 255
25.714050 28.470703 37.500000 0.000000 0.000000 1.000000 30 42 86 255
26.011032 29.363281 37.500000 0.000000 0.000000 1.000000 30 42 86 255
26.244003 30.289551 37.500000 0.000000 0.000000 1.000000 30 42 86 255
48.265503 -1.502930 37.500000 0.000000 0.000000 1.000000 30 42 86 255
55.753815 8.115234 37.500000 0.000000 0.000000 1.000000 30 42 86 255
56.428818 8.801270 37.500000 0.000000 0.000000 1.000000 30 42 86 255
57.042999 9.520508 37.500000 0.000000 0.000000 1.000000 30 42 86 255
54.304047 4.690430 37.500000 0.000000 0.000000 1.000000 30 42 86 255
57.323486 9.894531 37.500000 0.000000 0.000000 1.000000 30 42 86 255
58.236649 11.504883 37.500000 0.654649 -0.267273 0.707106 30 42 86 255
56.796005 8.602539 37.500000 0.000000 0.000000 1.000000 30 42 86 255
57.056717 8.987305 37.500000 0.000000 0.000000 1.000000 30 42 86 255
57.513321 9.791992 37.500000 0.641102 -0.298309 0.707107 30 42 86 255
56.469177 7.724609 37.500000 0.000000 0.000000 1.000000 30 42 86 255
56.708618 8.121094 37.500000 0.624263 -0.332106 0.707107 30 42 86 255
49.102859 22.903809 37.500000 0.000000 0.000000 1.000000 30 42 86 255
26.423645 31.245117 37.500000 0.000000 0.000000 1.000000 30 42 86 255
26.560593 32.224609 37.500000 0.000000 0.000000 1.000000 30 42 86 255
14.957085 35.279785 37.500000 -0.702879 0.077208 0.707107 30 42 86 255
26.988121 36.116699 37.500000 0.000000 0.000000 1.000000 30 42 86 255
27.093071 37.113770 37.500000 0.000000 0.000000 1.000000 30 42 86 255
27.249626 39.135742 37.500000 0.000000 0.000000 1.000000 30 42 86 255
50.979652 39.063477 37.500000 0.000000 0.000000 1.000000 30 42 86 255
27.148888 41.009277 37.500000 0.000000 0.000000 1.000000 30 42 86 255
15.342735 40.102051 37.500000 -0.706391 -0.031803 0.707107 30 42 86 255
27.023254 43.799805 37.500000 0.000000 0.000000 1.000000 30 42 86 255
26.929367 44.726562 37.500000 0.000000 0.000000 1.000000 30 42 86 255
26.783249 45.644043 37.500000 0.000000 0.000000 1.000000 30 42 86 255
49.915543 51.146973 37.500000 0.000000 0.000000 1.000000 30 42 86 255
26.571671 46.547852 37.500000 0.000000 0.000000 1.000000 30 42 86 255
26.304855 47.440918 37.500000 0.000000 0.000000 1.000000 30 42 86 255
15.170197 43.352051 37.500000 -0.703451 -0.071812 0.707107 30 42 86 255
26.164139 48.819336 37.500000 0.000000 0.000000 1.000000 30 42 86 255
25.538422 50.586426 37.500000 0.000000 0.000000 1.000000 30 42 86 255
24.767593 52.065918 37.500000 0.000000 0.000000 1.000000 30 42 86 255
14.951385 45.182129 37.500000 -0.696768 -0.120475 0.707107 30 42 86 255
24.533310 53.420898 37.500000 0.000000 0.000000 1.000000 30 42 86 255
24.109039 54.129883 37.500000 0.000000 0.000000 1.000000 30 42 86 255
23.638138 54.802734 37.500000 0.000000 0.000000 1.000000 30 42 86 255
41.480209 71.333984 37.500000 0.000000 0.000000 1.000000 30 42 86 255
23.108673 55.430176 37.500000 0.000000 0.000000 1.000000 30 42 86 255
14.598465 46.979004 37.500000 -0.682923 -0.183347 0.707107 30 42 86 255
22.752762 56.755859 37.500000 0.000000 0.000000 1.000000 30 42 86 255
22.173828 57.344238 37.500000 0.000000 0.000000 1.000000 30 42 86 255
21.561859 57.907715 37.500000 0.000000 0.000000 1.000000 30 42 86 255
32.469543 81.526855 37.500000 0.000000 0.000000 1.000000 30 42 86 255
41.634430 88.366211 37.500000 0.465591 0.532189 0.707107 30 42 86 255
34.354889 79.877441 37.500000 0.000000 0.000000 1.000000 30 42 86 255
34.622002 79.681152 37.500000 0.000000 0.000000 1.000000 30 42 86 255
34.867821 79.461914 37.500000 0.000000 0.000000 1.000000 30 42 86 255
14.221298 67.535156 37.500000 0.000000 0.000000 1.000000 30 42 86 255
13.618622 67.895996 37.500000 0.000000 0.000000 1.000000 30 42 86 255
12.997955 68.216797 37.500000 0.000000 0.000000 1.000000 30 42 86 255
25.273407 85.931641 37.500000 0.000000 0.000000 1.000000 30 42 86 255
12.354248 68.486816 37.500000 0.000000 0.000000 1.000000 30 42 86 255
11.690262 68.711914 37.500000 0.000000 0.000000 1.000000 30 42 86 255
10.328461 69.087891 37.500000 0.000000 0.000000 1.000000 30 42 86 255
17.264923 88.544922 37.500000 0.000000 0.000000 1.000000 30 42 86 255
8.584862 69.295898 37.500000 0.000000 0.000000 1.000000 30 42 86 255
6.290398 59.714844 37.500000 -0.374254 -0.599945 0.707107 30 42 86 255
6.875366 70.362305 37.500000 0.000000 0.000000 1.000000 30 42 86 255
6.002266 70.447266 37.500000 0.000000 0.000000 1.000000 30 42 86 255
5.127647 70.509277 37.500000 0.000000 0.000000 1.000000 30 42 86 255
3.778557 61.016602 37.500000 -0.199030 -0.678519 0.707107 30 42 86 255
2.720612 71.215332 37.500000 0.000000 0.000000 1.000000 30 42 86 255
0.967087 71.277344 37.500000 0.000000 0.000000 1.000000 30 42 86 255
0.966705 61.817871 37.500000 -0.161897 -0.688323 0.707107 30 42 86 255
-0.247360 71.562988 37.500000 0.000000 0.000000 1.000000 30 42 86 255
-0.656830 62.172852 37.500000 -0.118162 -0.697164 0.707107 30 42 86 255
-1.474625 71.770996 37.500000 0.000000 0.000000 1.000000 30 42 86 255
-2.713882 62.446289 37.500000 -0.055584 -0.704919 0.707107 30 42 86 255
-3.963989 71.967285 37.500000 0.000000 0.000000 1.000000 30 42 86 255
-5.720627 71.981934 37.500000 0.000000 0.000000 1.000000 30 42 86 255
17.563911 64.952148 37.500000 0.000000 0.000000 1.000000 30 42 86 255
35.090027 79.218262 37.500000 0.000000 0.000000 1.000000 30 42 86 255
35.293999 78.955078 37.500000 0.000000 0.000000 1.000000 30 42 86 255
35.671570 78.397461 37.500000 0.000000 0.000000 1.000000 30 42 86 255
19.975159 61.758789 37.500000 0.000000 0.000000 1.000000 30 42 86 255
36.044815 77.546875 37.500000 0.000000 0.000000 1.000000 30 42 86 255
36.200470 77.113770 37.500000 0.000000 0.000000 1.000000 30 42 86 255
-59.107399 78.520020 -37.500000 0.000000 0.000000 -1.000000 30 42 86 255
-59.107399 -71.479980 -37.500000 0.000000 0.000000 -1.000000 30 42 86 255
-59.107399 -80.805664 -37.500000 0.000000 0.000000 -1.000000 30 42 86 255
-34.796806 35.560059 -37.500000 0.000000 0.000000 -1.000000 30 42 86 255
-34.796806 72.024414 -37.500000 0.000000 0.000000 -1.000000 30 42 86 255
-18.799324 72.024414 -37.500000 0.000000 0.000000 -1.000000 30 42 86 255
-8.235443 72.024414 -37.500000 0.000000 0.000000 -1.000000 30 42 86 255
-5.203247 62.642578 -37.500000 -0.033441 -0.699217 -0.714127 30 42 86 255
-5.720627 71.981934 -37.500000 0.000000 0.000000 -1.000000 30 42 86 255
-3.963989 71.967285 -37.500000 0.000000 0.000000 -1.000000 30 42 86 255
-4.373459 62.577148 -37.500000 -0.055584 -0.704919 -0.707107 30 42 86 255
-1.884094 62.380859 -37.500000 -0.085690 -0.691494 -0.717282 30 42 86 255
-1.474625 71.770996 -37.500000 0.000000 0.000000 -1.000000 30 42 86 255
-1.475006 62.311523 -37.500000 -0.118162 -0.697164 -0.707107 30 42 86 255
-0.247742 62.103516 -37.500000 -0.138664 -0.685988 -0.714278 30 42 86 255
-0.247360 71.562988 -37.500000 0.000000 0.000000 -1.000000 30 42 86 255
0.157074 62.008301 -37.500000 -0.161897 -0.688323 -0.707107 30 42 86 255
1.371521 61.722656 -37.500000 -0.178943 -0.677662 -0.713270 30 42 86 255
0.967087 71.277344 -37.500000 0.000000 0.000000 -1.000000 30 42 86 255
2.720612 71.215332 -37.500000 0.000000 0.000000 -1.000000 30 42 86 255
2.173866 61.487305 -37.500000 -0.199030 -0.678518 -0.707107 30 42 86 255
5.127647 70.509277 -37.500000 0.000000 0.000000 -1.000000 30 42 86 255
6.002266 70.447266 -37.500000 0.000000 0.000000 -1.000000 30 42 86 255
6.875366 70.362305 -37.500000 0.000000 0.000000 -1.000000 30 42 86 255
17.532036 88.348633 -37.500000 0.000000 0.000000 -1.000000 30 42 86 255
13.758759 99.105469 -37.500000 0.076390 0.705412 -0.704670 30 42 86 255
12.301239 88.972656 -37.500000 0.000000 0.000000 -1.000000 30 42 86 255
12.034126 89.168945 -37.500000 0.000000 0.000000 -1.000000 30 42 86 255
11.464294 89.524414 -37.500000 0.000000 0.000000 -1.000000 30 42 86 255
26.180359 96.769531 -37.500000 0.209556 0.681990 -0.700696 30 42 86 255
22.085464 86.757812 -37.500000 0.000000 0.000000 -1.000000 30 42 86 255
24.818558 97.145508 -37.500000 0.188183 0.681606 -0.707107 30 42 86 255
18.000061 87.885742 -37.500000 0.000000 0.000000 -1.000000 30 42 86 255
17.777855 88.129395 -37.500000 0.000000 0.000000 -1.000000 30 42 86 255
9.800781 56.722656 -37.500000 -0.534046 -0.449235 -0.716228 30 42 86 255
13.895676 66.734375 -37.500000 0.000000 0.000000 -1.000000 30 42 86 255
10.004753 56.459473 -37.500000 -0.558903 -0.433160 -0.707107 30 42 86 255
10.616669 55.669922 -37.500000 -0.566540 -0.410701 -0.714393 30 42 86 255
14.507591 65.944824 -37.500000 0.000000 0.000000 -1.000000 30 42 86 255
15.171577 65.719727 -37.500000 0.000000 0.000000 -1.000000 30 42 86 255
10.994240 55.112305 -37.500000 -0.585510 -0.396458 -0.707107 30 42 86 255
16.304291 64.046875 -37.500000 0.000000 0.000000 -1.000000 30 42 86 255
16.947998 63.776855 -37.500000 0.000000 0.000000 -1.000000 30 42 86 255
17.568665 63.456055 -37.500000 0.000000 0.000000 -1.000000 30 42 86 255
33.893799 93.505859 -37.500000 0.347476 0.623740 -0.700148 30 42 86 255
34.496475 93.145020 -37.500000 0.363236 0.606679 -0.707107 30 42 86 255
28.452087 83.489258 -37.500000 0.000000 0.000000 -1.000000 30 42 86 255
18.171341 63.095215 -37.500000 0.000000 0.000000 -1.000000 30 42 86 255
13.619934 50.037109 -37.500000 -0.649543 -0.258881 -0.714895 30 42 86 255
19.291077 60.543457 -37.500000 0.000000 0.000000 -1.000000 30 42 86 255
20.466446 59.756836 -37.500000 0.000000 0.000000 -1.000000 30 42 86 255
21.094894 59.207031 -37.500000 0.000000 0.000000 -1.000000 30 42 86 255
13.775589 49.604004 -37.500000 -0.665437 -0.239153 -0.707106 30 42 86 255
14.242554 48.304688 -37.500000 -0.665640 -0.208574 -0.716534 30 42 86 255
21.561859 57.907715 -37.500000 0.000000 0.000000 -1.000000 30 42 86 255
22.173828 57.344238 -37.500000 0.000000 0.000000 -1.000000 30 42 86 255
22.752762 56.755859 -37.500000 0.000000 0.000000 -1.000000 30 42 86 255
14.361191 47.862793 -37.500000 -0.682923 -0.183347 -0.707107 30 42 86 255
14.717102 46.537109 -37.500000 -0.680262 -0.149800 -0.717498 30 42 86 255
23.108673 55.430176 -37.500000 0.000000 0.000000 -1.000000 30 42 86 255
23.638138 54.802734 -37.500000 0.000000 0.000000 -1.000000 30 42 86 255
24.109039 54.129883 -37.500000 0.000000 0.000000 -1.000000 30 42 86 255
52.284851 76.908203 -37.500000 0.600012 0.388788 -0.699163 30 42 86 255
52.709122 76.199219 -37.500000 0.606762 0.363098 -0.707107 30 42 86 255
42.892914 69.315430 -37.500000 0.000000 0.000000 -1.000000 30 42 86 255
24.533310 53.420898 -37.500000 0.000000 0.000000 -1.000000 30 42 86 255
14.795197 46.085449 -37.500000 -0.696768 -0.120475 -0.707107 30 42 86 255
15.029480 44.730469 -37.500000 -0.692615 -0.095114 -0.715009 30 42 86 255
24.767593 52.065918 -37.500000 0.000000 0.000000 -1.000000 30 42 86 255
25.538422 50.586426 -37.500000 0.000000 0.000000 -1.000000 30 42 86 255
26.164139 48.819336 -37.500000 0.000000 0.000000 -1.000000 30 42 86 255
15.076385 44.270996 -37.500000 -0.703451 -0.071812 -0.707107 30 42 86 255
15.217102 42.892578 -37.500000 -0.698722 -0.051352 -0.713548 30 42 86 255
26.304855 47.440918 -37.500000 0.000000 0.000000 -1.000000 30 42 86 255
26.571671 46.547852 -37.500000 0.000000 0.000000 -1.000000 30 42 86 255
26.783249 45.644043 -37.500000 0.000000 0.000000 -1.000000 30 42 86 255
61.481689 53.898438 -37.500000 0.701626 0.137809 -0.699092 30 42 86 255
61.627808 52.980957 -37.500000 0.698306 0.111212 -0.707107 30 42 86 255
49.915543 51.146973 -37.500000 0.000000 0.000000 -1.000000 30 42 86 255
26.929367 44.726562 -37.500000 0.000000 0.000000 -1.000000 30 42 86 255
27.023254 43.799805 -37.500000 0.000000 0.000000 -1.000000 30 42 86 255
15.258980 41.962402 -37.500000 -0.706391 -0.031803 -0.707107 30 42 86 255
27.148888 41.009277 -37.500000 0.000000 0.000000 -1.000000 30 42 86 255
27.249626 39.135742 -37.500000 0.000000 0.000000 -1.000000 30 42 86 255
27.093071 37.113770 -37.500000 0.000000 0.000000 -1.000000 30 42 86 255
62.218445 30.939453 -37.500000 0.707243 -0.064589 -0.704014 30 42 86 255
62.113495 29.942383 -37.500000 0.703222 -0.074020 -0.707107 30 42 86 255
50.509987 32.997559 -37.500000 0.000000 0.000000 -1.000000 30 42 86 255
26.988121 36.116699 -37.500000 0.000000 0.000000 -1.000000 30 42 86 255
14.814575 33.982422 -37.500000 -0.697193 0.089574 -0.711266 30 42 86 255
26.560593 32.224609 -37.500000 0.000000 0.000000 -1.000000 30 42 86 255
26.423645 31.245117 -37.500000 0.000000 0.000000 -1.000000 30 42 86 255
26.244003 30.289551 -37.500000 0.000000 0.000000 -1.000000 30 42 86 255
60.532288 19.210938 -37.500000 0.697192 -0.153064 -0.700354 30 42 86 255
60.299316 18.284668 -37.500000 0.685749 -0.172477 -0.707107 30 42 86 255
49.102859 22.903809 -37.500000 0.000000 0.000000 -1.000000 30 42 86 255
26.011032 29.363281 -37.500000 0.000000 0.000000 -1.000000 30 42 86 255
25.714050 28.470703 -37.500000 0.000000 0.000000 -1.000000 30 42 86 255
14.722000 33.353516 -37.500000 -0.699568 0.102977 -0.707107 30 42 86 255
14.444275 31.466797 -37.500000 -0.691726 0.118366 -0.712394 30 42 86 255
25.436325 26.583984 -37.500000 0.000000 0.000000 -1.000000 30 42 86 255
14.326073 30.861328 -37.500000 -0.694005 0.135487 -0.707107 30 42 86 255
13.971466 29.044922 -37.500000 -0.681588 0.156906 -0.714716 30 42 86 255
25.081718 24.767578 -37.500000 0.000000 0.000000 -1.000000 30 42 86 255
13.819138 28.471680 -37.500000 -0.683390 0.181598 -0.707107 30 42 86 255
13.362152 26.751953 -37.500000 -0.664523 0.209123 -0.717410 30 42 86 255
24.624733 23.047852 -37.500000 0.000000 0.000000 -1.000000 30 42 86 255
13.167137 26.217773 -37.500000 -0.664227 0.242492 -0.707107 30 42 86 255
12.582092 24.615234 -37.500000 -0.635772 0.276144 -0.720790 30 42 86 255
24.039688 21.445312 -37.500000 0.000000 0.000000 -1.000000 30 42 86 255
12.335869 24.129883 -37.500000 -0.630601 0.319910 -0.707107 30 42 86 255
11.597198 22.673828 -37.500000 -0.601881 0.346887 -0.719312 30 42 86 255
23.301018 19.989258 -37.500000 0.000000 0.000000 -1.000000 30 42 86 255
11.452209 22.450684 -37.500000 -0.592936 0.385262 -0.707107 30 42 86 255
11.017242 21.781250 -37.500000 -0.568450 0.404105 -0.716634 30 42 86 255
22.866051 19.319824 -37.500000 0.000000 0.000000 -1.000000 30 42 86 255
10.856255 21.573730 -37.500000 -0.558699 0.433423 -0.707107 30 42 86 255
10.373291 20.951172 -37.500000 -0.531665 0.450792 -0.717021 30 42 86 255
22.383087 18.697266 -37.500000 0.000000 0.000000 -1.000000 30 42 86 255
10.195236 20.758789 -37.500000 -0.518952 0.480302 -0.707106 30 42 86 255
9.661072 20.181641 -37.500000 -0.488921 0.496027 -0.717575 30 42 86 255
21.848923 18.120117 -37.500000 0.000000 0.000000 -1.000000 30 42 86 255
9.465561 20.005859 -37.500000 -0.472764 0.525827 -0.707107 30 42 86 255
8.879028 19.478516 -37.500000 -0.430414 0.542688 -0.721272 30 42 86 255
21.262390 17.592773 -37.500000 0.000000 0.000000 -1.000000 30 42 86 255
8.439819 19.172363 -37.500000 -0.404351 0.580086 -0.707107 30 42 86 255
7.122192 18.253906 -37.500000 -0.356019 0.592479 -0.722647 30 42 86 255
19.944763 16.674316 -37.500000 0.000000 0.000000 -1.000000 30 42 86 255
6.626541 18.000000 -37.500000 -0.322389 0.629337 -0.707107 30 42 86 255
5.139587 17.238281 -37.500000 -0.284497 0.634191 -0.718931 30 42 86 255
18.457809 15.912598 -37.500000 0.000000 0.000000 -1.000000 30 42 86 255
4.596939 17.027832 -37.500000 -0.255675 0.659265 -0.707107 30 42 86 255
2.968994 16.396484 -37.500000 -0.227659 0.660221 -0.715737 30 42 86 255
16.829865 15.281250 -37.500000 0.000000 0.000000 -1.000000 30 42 86 255
2.388733 16.220703 -37.500000 -0.205007 0.676737 -0.707107 30 42 86 255
0.647949 15.693359 -37.500000 -0.184988 0.676060 -0.713247 30 42 86 255
15.089081 14.753906 -37.500000 0.000000 0.000000 -1.000000 30 42 86 255
0.039467 15.544434 -37.500000 -0.168103 0.686835 -0.707106 30 42 86 255
-1.785980 15.097656 -37.500000 -0.152816 0.685559 -0.711797 30 42 86 255
13.263634 14.307129 -37.500000 0.000000 0.000000 -1.000000 30 42 86 255
-3.049950 14.843262 -37.500000 -0.139519 0.693205 -0.707107 30 42 86 255
9.471725 13.543945 -37.500000 0.000000 0.000000 -1.000000 30 42 86 255
6.813065 9.723633 -37.500000 0.000000 0.000000 -1.000000 30 42 86 255
6.089401 9.064453 -37.500000 0.000000 0.000000 -1.000000 30 42 86 255
57.709167 10.212891 -37.500000 0.652928 -0.284996 -0.701757 30 42 86 255
56.796005 8.602539 -37.500000 0.000000 0.000000 -1.000000 30 42 86 255
57.884995 10.643555 -37.500000 0.654649 -0.267273 -0.707106 30 42 86 255
58.412476 11.935547 -37.500000 0.670028 -0.247932 -0.699708 30 42 86 255
57.323486 9.894531 -37.500000 0.000000 0.000000 -1.000000 30 42 86 255
57.042999 9.520508 -37.500000 0.000000 0.000000 -1.000000 30 42 86 255
56.428818 8.801270 -37.500000 0.000000 0.000000 -1.000000 30 42 86 255
54.056519 3.771484 -37.500000 0.580036 -0.413643 -0.701753 30 42 86 255
54.969681 5.381836 -37.500000 0.000000 0.000000 -1.000000 30 42 86 255
54.317230 4.156250 -37.500000 0.585382 -0.396646 -0.707107 30 42 86 255
55.099365 5.310547 -37.500000 0.600410 -0.384342 -0.701277 30 42 86 255
55.751816 6.536133 -37.500000 0.000000 0.000000 -1.000000 30 42 86 255
55.555969 6.115234 -37.500000 0.000000 0.000000 -1.000000 30 42 86 255
55.338806 5.707031 -37.500000 0.605292 -0.365542 -0.707107 30 42 86 255
50.477844 -0.601562 -37.500000 0.526928 -0.483100 -0.699257 30 42 86 255
49.802841 -1.287598 -37.500000 0.504036 -0.495931 -0.707107 30 42 86 255
52.461502 2.532715 -37.500000 0.000000 0.000000 -1.000000 30 42 86 255
44.883179 -5.982422 -37.500000 0.468685 -0.535285 -0.702713 30 42 86 255
44.123016 -6.622070 -37.500000 0.455269 -0.541045 -0.707107 30 42 86 255
31.951920 -0.966797 -37.500000 0.000000 0.000000 -1.000000 30 42 86 255
5.329239 8.424805 -37.500000 0.000000 0.000000 -1.000000 30 42 86 255
3.748108 7.179199 -37.500000 0.000000 0.000000 -1.000000 30 42 86 255
-6.757393 4.754395 -37.500000 0.000000 0.000000 -1.000000 30 42 86 255
4.001503 -20.797852 -37.500000 0.000000 0.000000 -1.000000 30 42 86 255
23.499878 -78.380859 -37.500000 0.000000 0.000000 -1.000000 30 42 86 255
-10.538376 -23.222656 -37.500000 0.000000 -0.707107 -0.707107 30 42 86 255
-6.588463 -13.896973 -37.500000 0.000000 0.000000 -1.000000 30 42 86 255
-10.791771 4.754395 -37.500000 0.000000 0.000000 -1.000000 30 42 86 255
-18.691597 14.080078 -37.500000 0.000000 0.707107 -0.707107 30 42 86 255
-22.641510 4.754395 -37.500000 0.000000 0.000000 -1.000000 30 42 86 255
-14.741684 14.080078 -37.500000 0.000000 0.707107 -0.707107 30 42 86 255
-18.691597 4.754395 -37.500000 0.000000 0.000000 -1.000000 30 42 86 255
-14.741684 4.754395 -37.500000 0.000000 0.000000 -1.000000 30 42 86 255
-22.641510 -4.571289 -37.500000 0.000000 0.000000 -1.000000 30 42 86 255
-18.691597 -4.571289 -37.500000 0.000000 0.000000 -1.000000 30 42 86 255
-22.641510 -13.896973 -37.500000 0.000000 0.000000 -1.000000 30 42 86 255
-14.741684 -4.571289 -37.500000 0.000000 0.000000 -1.000000 30 42 86 255
-18.691597 -13.896973 -37.500000 0.000000 0.000000 -1.000000 30 42 86 255
-6.672928 -4.571289 -37.500000 0.000000 0.000000 -1.000000 30 42 86 255
-10.707306 -4.571289 -37.500000 0.000000 0.000000 -1.000000 30 42 86 255
-10.622841 -13.896973 -37.500000 0.000000 0.000000 -1.000000 30 42 86 255
-14.657219 -13.896973 -37.500000 0.000000 0.000000 -1.000000 30 42 86 255
-14.572754 -23.222656 -37.500000 0.000000 -0.707107 -0.707107 30 42 86 255
58.320480 -100.000000 -37.500000 0.000000 -0.707107 -0.707107 30 42 86 255
45.378265 -100.000000 -37.500000 0.000000 -0.707107 -0.707107 30 42 86 255
49.384308 -78.380859 -37.500000 0.000000 0.000000 -1.000000 30 42 86 255
36.442093 -78.380859 -37.500000 0.000000 0.000000 -1.000000 30 42 86 255
53.390350 -56.761719 -37.500000 0.653482 0.270114 -0.707107 30 42 86 255
40.448135 -56.761719 -37.500000 0.000000 0.000000 -1.000000 30 42 86 255
44.454178 -35.142578 -37.500000 0.653482 0.270114 -0.707107 30 42 86 255
27.505920 -56.761719 -37.500000 0.000000 0.000000 -1.000000 30 42 86 255
31.511963 -35.142578 -37.500000 0.000000 0.000000 -1.000000 30 42 86 255
12.994377 -80.805664 -37.500000 -0.669752 -0.226787 -0.707107 30 42 86 255
6.494919 -61.611328 -37.500000 -0.669752 -0.226787 -0.707107 30 42 86 255
17.000420 -59.186523 -37.500000 0.000000 0.000000 -1.000000 30 42 86 255
10.500961 -39.992188 -37.500000 0.000000 0.000000 -1.000000 30 42 86 255
21.006462 -37.567383 -37.500000 0.000000 0.000000 -1.000000 30 42 86 255
14.507004 -18.373047 -37.500000 0.000000 0.000000 -1.000000 30 42 86 255
25.012505 -15.948242 -37.500000 0.000000 0.000000 -1.000000 30 42 86 255
3.917038 -11.472168 -37.500000 0.000000 0.000000 -1.000000 30 42 86 255
3.832573 -2.146484 -37.500000 0.000000 0.000000 -1.000000 30 42 86 255
14.422539 -9.047363 -37.500000 0.000000 0.000000 -1.000000 30 42 86 255
14.338074 0.278320 -37.500000 0.000000 0.000000 -1.000000 30 42 86 255
24.928040 -6.622559 -37.500000 0.000000 0.000000 -1.000000 30 42 86 255
26.509171 -5.376953 -37.500000 0.000000 0.000000 -1.000000 30 42 86 255
15.919205 1.523926 -37.500000 0.000000 0.000000 -1.000000 30 42 86 255
38.680267 -11.032227 -37.500000 0.437580 -0.555449 -0.707107 30 42 86 255
28.090302 -4.131348 -37.500000 0.000000 0.000000 -1.000000 30 42 86 255
40.261398 -9.786621 -37.500000 0.437580 -0.555449 -0.707107 30 42 86 255
17.500336 2.769531 -37.500000 0.000000 0.000000 -1.000000 30 42 86 255
29.671432 -2.885742 -37.500000 0.000000 0.000000 -1.000000 30 42 86 255
41.842529 -8.541016 -37.500000 0.448752 -0.551106 -0.703494 30 42 86 255
19.020660 4.048828 -37.500000 0.000000 0.000000 -1.000000 30 42 86 255
18.260498 3.409180 -37.500000 0.000000 0.000000 -1.000000 30 42 86 255
31.191757 -1.606445 -37.500000 0.000000 0.000000 -1.000000 30 42 86 255
30.431595 -2.246094 -37.500000 0.000000 0.000000 -1.000000 30 42 86 255
43.362854 -7.261719 -37.500000 0.455269 -0.541045 -0.707107 30 42 86 255
42.602692 -7.901367 -37.500000 0.455269 -0.541045 -0.707107 30 42 86 255
55.753815 8.115234 -37.500000 0.000000 0.000000 -1.000000 30 42 86 255
54.445160 5.666992 -37.500000 0.000000 0.000000 -1.000000 30 42 86 255
53.770157 4.980957 -37.500000 0.000000 0.000000 -1.000000 30 42 86 255
51.786499 1.846680 -37.500000 0.000000 0.000000 -1.000000 30 42 86 255
53.095154 4.294922 -37.500000 0.000000 0.000000 -1.000000 30 42 86 255
51.111496 1.160645 -37.500000 0.000000 0.000000 -1.000000 30 42 86 255
50.436493 0.474609 -37.500000 0.000000 0.000000 -1.000000 30 42 86 255
49.127838 -1.973633 -37.500000 0.504036 -0.495931 -0.707107 30 42 86 255
48.452835 -2.659668 -37.500000 0.504036 -0.495931 -0.707107 30 42 86 255
47.777832 -3.345703 -37.500000 0.494481 -0.513891 -0.701003 30 42 86 255
55.817688 6.500000 -37.500000 0.605292 -0.365542 -0.707107 30 42 86 255
56.274292 7.304688 -37.500000 0.624263 -0.332107 -0.707107 30 42 86 255
56.057129 6.896484 -37.500000 0.620238 -0.351922 -0.701039 30 42 86 255
55.578247 6.103516 -37.500000 0.605292 -0.365542 -0.707107 30 42 86 255
56.034851 6.908203 -37.500000 0.000000 0.000000 -1.000000 30 42 86 255
55.795410 6.511719 -37.500000 0.000000 0.000000 -1.000000 30 42 86 255
56.491455 7.712891 -37.500000 0.624263 -0.332107 -0.707107 30 42 86 255
56.252014 7.316406 -37.500000 0.000000 0.000000 -1.000000 30 42 86 255
56.708618 8.121094 -37.500000 0.624263 -0.332107 -0.707107 30 42 86 255
56.012573 6.919922 -37.500000 0.000000 0.000000 -1.000000 30 42 86 255
56.469177 7.724609 -37.500000 0.000000 0.000000 -1.000000 30 42 86 255
56.925781 8.529297 -37.500000 0.638199 -0.317956 -0.701147 30 42 86 255
57.121628 8.950195 -37.500000 0.641102 -0.298309 -0.707107 30 42 86 255
56.665024 8.145508 -37.500000 0.000000 0.000000 -1.000000 30 42 86 255
56.208420 7.340820 -37.500000 0.000000 0.000000 -1.000000 30 42 86 255
57.317474 9.371094 -37.500000 0.641102 -0.298309 -0.707107 30 42 86 255
56.860870 8.566406 -37.500000 0.000000 0.000000 -1.000000 30 42 86 255
57.513321 9.791992 -37.500000 0.641102 -0.298309 -0.707107 30 42 86 255
56.404266 7.761719 -37.500000 0.000000 0.000000 -1.000000 30 42 86 255
57.056717 8.987305 -37.500000 0.000000 0.000000 -1.000000 30 42 86 255
54.838654 4.925781 -37.500000 0.585382 -0.396646 -0.707107 30 42 86 255
54.577942 4.541016 -37.500000 0.585382 -0.396646 -0.707107 30 42 86 255
55.491104 6.151367 -37.500000 0.000000 0.000000 -1.000000 30 42 86 255
55.230392 5.766602 -37.500000 0.000000 0.000000 -1.000000 30 42 86 255
56.143555 7.376953 -37.500000 0.000000 0.000000 -1.000000 30 42 86 255
55.882843 6.992188 -37.500000 0.000000 0.000000 -1.000000 30 42 86 255
51.092026 0.117676 -37.500000 0.537727 -0.459183 -0.707107 30 42 86 255
53.075684 3.251953 -37.500000 0.000000 0.000000 -1.000000 30 42 86 255
55.059341 6.386230 -37.500000 0.000000 0.000000 -1.000000 30 42 86 255
51.706207 0.836914 -37.500000 0.537727 -0.459183 -0.707107 30 42 86 255
53.689865 3.971191 -37.500000 0.000000 0.000000 -1.000000 30 42 86 255
52.320389 1.556152 -37.500000 0.537727 -0.459183 -0.707107 30 42 86 255
55.673523 7.105469 -37.500000 0.000000 0.000000 -1.000000 30 42 86 255
54.304047 4.690430 -37.500000 0.000000 0.000000 -1.000000 30 42 86 255
52.934570 2.275391 -37.500000 0.557448 -0.446297 -0.700050 30 42 86 255
53.215057 2.649414 -37.500000 0.565707 -0.424234 -0.707107 30 42 86 255
54.584534 5.064453 -37.500000 0.000000 0.000000 -1.000000 30 42 86 255
55.954010 7.479492 -37.500000 0.000000 0.000000 -1.000000 30 42 86 255
53.495544 3.023438 -37.500000 0.565707 -0.424234 -0.707107 30 42 86 255
54.865021 5.438477 -37.500000 0.000000 0.000000 -1.000000 30 42 86 255
53.776031 3.397461 -37.500000 0.565707 -0.424234 -0.707107 30 42 86 255
56.234497 7.853516 -37.500000 0.000000 0.000000 -1.000000 30 42 86 255
55.145508 5.812500 -37.500000 0.000000 0.000000 -1.000000 30 42 86 255
58.236649 11.504883 -37.500000 0.654649 -0.267273 -0.707106 30 42 86 255
58.060822 11.074219 -37.500000 0.654649 -0.267273 -0.707106 30 42 86 255
57.147659 9.463867 -37.500000 0.000000 0.000000 -1.000000 30 42 86 255
56.971832 9.033203 -37.500000 0.000000 0.000000 -1.000000 30 42 86 255
56.058670 7.422852 -37.500000 0.000000 0.000000 -1.000000 30 42 86 255
45.606842 -5.323242 -37.500000 0.476167 -0.522748 -0.707107 30 42 86 255
32.675583 -0.307617 -37.500000 0.000000 0.000000 -1.000000 30 42 86 255
19.744324 4.708008 -37.500000 0.000000 0.000000 -1.000000 30 42 86 255
46.330505 -4.664062 -37.500000 0.476167 -0.522748 -0.707107 30 42 86 255
33.399246 0.351562 -37.500000 0.000000 0.000000 -1.000000 30 42 86 255
47.054169 -4.004883 -37.500000 0.476167 -0.522748 -0.707107 30 42 86 255
20.467987 5.367188 -37.500000 0.000000 0.000000 -1.000000 30 42 86 255
34.122910 1.010742 -37.500000 0.000000 0.000000 -1.000000 30 42 86 255
36.781570 4.831055 -37.500000 0.000000 0.000000 -1.000000 30 42 86 255
23.126648 9.187500 -37.500000 0.000000 0.000000 -1.000000 30 42 86 255
39.440231 8.651367 -37.500000 0.000000 0.000000 -1.000000 30 42 86 255
25.785309 13.007812 -37.500000 0.000000 0.000000 -1.000000 30 42 86 255
42.098892 12.471680 -37.500000 0.000000 0.000000 -1.000000 30 42 86 255
-5.577888 14.334473 -37.500000 -0.139519 0.693205 -0.707107 30 42 86 255
-4.313919 14.588867 -37.500000 -0.139519 0.693205 -0.707107 30 42 86 255
10.735695 13.798340 -37.500000 0.000000 0.000000 -1.000000 30 42 86 255
11.999664 14.052734 -37.500000 0.000000 0.000000 -1.000000 30 42 86 255
27.049278 13.262207 -37.500000 0.000000 0.000000 -1.000000 30 42 86 255
28.313248 13.516602 -37.500000 0.000000 0.000000 -1.000000 30 42 86 255
43.362862 12.726074 -37.500000 0.000000 0.000000 -1.000000 30 42 86 255
-1.177498 15.246582 -37.500000 -0.168103 0.686835 -0.707106 30 42 86 255
-0.569016 15.395508 -37.500000 -0.168103 0.686835 -0.707106 30 42 86 255
13.872116 14.456055 -37.500000 0.000000 0.000000 -1.000000 30 42 86 255
14.480598 14.604980 -37.500000 0.000000 0.000000 -1.000000 30 42 86 255
28.921730 13.665527 -37.500000 0.000000 0.000000 -1.000000 30 42 86 255
29.530212 13.814453 -37.500000 0.000000 0.000000 -1.000000 30 42 86 255
43.971344 12.875000 -37.500000 0.000000 0.000000 -1.000000 30 42 86 255
1.228210 15.869141 -37.500000 -0.205007 0.676737 -0.707107 30 42 86 255
1.808472 16.044922 -37.500000 -0.205007 0.676737 -0.707107 30 42 86 255
15.669342 14.929688 -37.500000 0.000000 0.000000 -1.000000 30 42 86 255
16.249603 15.105469 -37.500000 0.000000 0.000000 -1.000000 30 42 86 255
30.110474 13.990234 -37.500000 0.000000 0.000000 -1.000000 30 42 86 255
30.690735 14.166016 -37.500000 0.000000 0.000000 -1.000000 30 42 86 255
44.551605 13.050781 -37.500000 0.000000 0.000000 -1.000000 30 42 86 255
3.511642 16.606934 -37.500000 -0.255675 0.659265 -0.707107 30 42 86 255
4.054291 16.817383 -37.500000 -0.255675 0.659265 -0.707107 30 42 86 255
17.372513 15.491699 -37.500000 0.000000 0.000000 -1.000000 30 42 86 255
17.915161 15.702148 -37.500000 0.000000 0.000000 -1.000000 30 42 86 255
31.233383 14.376465 -37.500000 0.000000 0.000000 -1.000000 30 42 86 255
31.776031 14.586914 -37.500000 0.000000 0.000000 -1.000000 30 42 86 255
45.094254 13.261230 -37.500000 0.000000 0.000000 -1.000000 30 42 86 255
5.635239 17.492188 -37.500000 -0.322389 0.629337 -0.707107 30 42 86 255
6.130890 17.746094 -37.500000 -0.322389 0.629337 -0.707107 30 42 86 255
18.953461 16.166504 -37.500000 0.000000 0.000000 -1.000000 30 42 86 255
19.449112 16.420410 -37.500000 0.000000 0.000000 -1.000000 30 42 86 255
32.271683 14.840820 -37.500000 0.000000 0.000000 -1.000000 30 42 86 255
32.767334 15.094727 -37.500000 0.000000 0.000000 -1.000000 30 42 86 255
45.589905 13.515137 -37.500000 0.000000 0.000000 -1.000000 30 42 86 255
7.561401 18.560059 -37.500000 -0.404351 0.580086 -0.707107 30 42 86 255
8.000610 18.866211 -37.500000 -0.404351 0.580086 -0.707107 30 42 86 255
20.383972 16.980469 -37.500000 0.000000 0.000000 -1.000000 30 42 86 255
20.823181 17.286621 -37.500000 0.000000 0.000000 -1.000000 30 42 86 255
33.206543 15.400879 -37.500000 0.000000 0.000000 -1.000000 30 42 86 255
33.645752 15.707031 -37.500000 0.000000 0.000000 -1.000000 30 42 86 255
46.029114 13.821289 -37.500000 0.000000 0.000000 -1.000000 30 42 86 255
9.074539 19.654297 -37.500000 -0.472764 0.525827 -0.707107 30 42 86 255
9.270050 19.830078 -37.500000 -0.472764 0.525827 -0.707107 30 42 86 255
21.457901 17.768555 -37.500000 0.000000 0.000000 -1.000000 30 42 86 255
21.653412 17.944336 -37.500000 0.000000 0.000000 -1.000000 30 42 86 255
33.841263 15.882812 -37.500000 0.000000 0.000000 -1.000000 30 42 86 255
34.036774 16.058594 -37.500000 0.000000 0.000000 -1.000000 30 42 86 255
46.224625 13.997070 -37.500000 0.000000 0.000000 -1.000000 30 42 86 255
9.839127 20.374023 -37.500000 -0.518952 0.480302 -0.707106 30 42 86 255
10.017181 20.566406 -37.500000 -0.518952 0.480302 -0.707106 30 42 86 255
22.026978 18.312500 -37.500000 0.000000 0.000000 -1.000000 30 42 86 255
22.205032 18.504883 -37.500000 0.000000 0.000000 -1.000000 30 42 86 255
34.214828 16.250977 -37.500000 0.000000 0.000000 -1.000000 30 42 86 255
34.392883 16.443359 -37.500000 0.000000 0.000000 -1.000000 30 42 86 255
46.402679 14.189453 -37.500000 0.000000 0.000000 -1.000000 30 42 86 255
10.534279 21.158691 -37.500000 -0.558699 0.433423 -0.707107 30 42 86 255
10.695267 21.366211 -37.500000 -0.558699 0.433423 -0.707107 30 42 86 255
22.544075 18.904785 -37.500000 0.000000 0.000000 -1.000000 30 42 86 255
22.705063 19.112305 -37.500000 0.000000 0.000000 -1.000000 30 42 86 255
34.553871 16.650879 -37.500000 0.000000 0.000000 -1.000000 30 42 86 255
34.714859 16.858398 -37.500000 0.000000 0.000000 -1.000000 30 42 86 255
46.563667 14.396973 -37.500000 0.000000 0.000000 -1.000000 30 42 86 255
11.162231 22.004395 -37.500000 -0.592936 0.385262 -0.707107 30 42 86 255
11.307220 22.227539 -37.500000 -0.592936 0.385262 -0.707107 30 42 86 255
23.011040 19.542969 -37.500000 0.000000 0.000000 -1.000000 30 42 86 255
23.156029 19.766113 -37.500000 0.000000 0.000000 -1.000000 30 42 86 255
34.859848 17.081543 -37.500000 0.000000 0.000000 -1.000000 30 42 86 255
35.004837 17.304688 -37.500000 0.000000 0.000000 -1.000000 30 42 86 255
46.708656 14.620117 -37.500000 0.000000 0.000000 -1.000000 30 42 86 255
11.843422 23.159180 -37.500000 -0.630601 0.319910 -0.707107 30 42 86 255
12.089645 23.644531 -37.500000 -0.630601 0.319910 -0.707107 30 42 86 255
23.547241 20.474609 -37.500000 0.000000 0.000000 -1.000000 30 42 86 255
23.793465 20.959961 -37.500000 0.000000 0.000000 -1.000000 30 42 86 255
35.251060 17.790039 -37.500000 0.000000 0.000000 -1.000000 30 42 86 255
35.497284 18.275391 -37.500000 0.000000 0.000000 -1.000000 30 42 86 255
46.954880 15.105469 -37.500000 0.000000 0.000000 -1.000000 30 42 86 255
12.777107 25.149414 -37.500000 -0.664227 0.242492 -0.707107 30 42 86 255
12.972122 25.683594 -37.500000 -0.664227 0.242492 -0.707107 30 42 86 255
24.234703 21.979492 -37.500000 0.000000 0.000000 -1.000000 30 42 86 255
24.429718 22.513672 -37.500000 0.000000 0.000000 -1.000000 30 42 86 255
35.692299 18.809570 -37.500000 0.000000 0.000000 -1.000000 30 42 86 255
35.887314 19.343750 -37.500000 0.000000 0.000000 -1.000000 30 42 86 255
47.149895 15.639648 -37.500000 0.000000 0.000000 -1.000000 30 42 86 255
13.514481 27.325195 -37.500000 -0.683390 0.181598 -0.707107 30 42 86 255
13.666809 27.898438 -37.500000 -0.683390 0.181598 -0.707107 30 42 86 255
24.777061 23.621094 -37.500000 0.000000 0.000000 -1.000000 30 42 86 255
24.929390 24.194336 -37.500000 0.000000 0.000000 -1.000000 30 42 86 255
36.039642 19.916992 -37.500000 0.000000 0.000000 -1.000000 30 42 86 255
36.191971 20.490234 -37.500000 0.000000 0.000000 -1.000000 30 42 86 255
47.302223 16.212891 -37.500000 0.000000 0.000000 -1.000000 30 42 86 255
14.089668 29.650391 -37.500000 -0.694005 0.135487 -0.707107 30 42 86 255
14.207870 30.255859 -37.500000 -0.694005 0.135487 -0.707107 30 42 86 255
25.199921 25.373047 -37.500000 0.000000 0.000000 -1.000000 30 42 86 255
25.318123 25.978516 -37.500000 0.000000 0.000000 -1.000000 30 42 86 255
36.310173 21.095703 -37.500000 0.000000 0.000000 -1.000000 30 42 86 255
36.428375 21.701172 -37.500000 0.000000 0.000000 -1.000000 30 42 86 255
47.420425 16.818359 -37.500000 0.000000 0.000000 -1.000000 30 42 86 255
14.536850 32.095703 -37.500000 -0.699568 0.102977 -0.707107 30 42 86 255
14.629425 32.724609 -37.500000 -0.699568 0.102977 -0.707107 30 42 86 255
25.528900 27.212891 -37.500000 0.000000 0.000000 -1.000000 30 42 86 255
25.621475 27.841797 -37.500000 0.000000 0.000000 -1.000000 30 42 86 255
36.520950 22.330078 -37.500000 0.000000 0.000000 -1.000000 30 42 86 255
36.613525 22.958984 -37.500000 0.000000 0.000000 -1.000000 30 42 86 255
47.513000 17.447266 -37.500000 0.000000 0.000000 -1.000000 30 42 86 255
58.709457 12.828125 -37.500000 0.670943 -0.223239 -0.707107 30 42 86 255
47.809982 18.339844 -37.500000 0.000000 0.000000 -1.000000 30 42 86 255
36.910507 23.851562 -37.500000 0.000000 0.000000 -1.000000 30 42 86 255
59.006439 13.720703 -37.500000 0.670943 -0.223239 -0.707107 30 42 86 255
48.106964 19.232422 -37.500000 0.000000 0.000000 -1.000000 30 42 86 255
59.303421 14.613281 -37.500000 0.670943 -0.223239 -0.707107 30 42 86 255
37.207489 24.744141 -37.500000 0.000000 0.000000 -1.000000 30 42 86 255
48.403946 20.125000 -37.500000 0.000000 0.000000 -1.000000 30 42 86 255
59.600403 15.505859 -37.500000 0.686715 -0.200299 -0.698787 30 42 86 255
37.673431 26.596680 -37.500000 0.000000 0.000000 -1.000000 30 42 86 255
37.440460 25.670410 -37.500000 0.000000 0.000000 -1.000000 30 42 86 255
48.869888 21.977539 -37.500000 0.000000 0.000000 -1.000000 30 42 86 255
48.636917 21.051270 -37.500000 0.000000 0.000000 -1.000000 30 42 86 255
60.066345 17.358398 -37.500000 0.685749 -0.172477 -0.707107 30 42 86 255
59.833374 16.432129 -37.500000 0.685749 -0.172477 -0.707107 30 42 86 255
60.711929 20.166504 -37.500000 0.694933 -0.130644 -0.707107 30 42 86 255
49.282501 23.859375 -37.500000 0.000000 0.000000 -1.000000 30 42 86 255
37.853073 27.552246 -37.500000 0.000000 0.000000 -1.000000 30 42 86 255
60.891571 21.122070 -37.500000 0.694933 -0.130644 -0.707107 30 42 86 255
49.462143 24.814941 -37.500000 0.000000 0.000000 -1.000000 30 42 86 255
61.071213 22.077637 -37.500000 0.694933 -0.130644 -0.707107 30 42 86 255
38.032715 28.507812 -37.500000 0.000000 0.000000 -1.000000 30 42 86 255
49.641785 25.770508 -37.500000 0.000000 0.000000 -1.000000 30 42 86 255
61.250854 23.033203 -37.500000 0.702940 -0.115150 -0.701866 30 42 86 255
61.387802 24.012695 -37.500000 0.700295 -0.097912 -0.707107 30 42 86 255
49.778732 26.750000 -37.500000 0.000000 0.000000 -1.000000 30 42 86 255
38.169662 29.487305 -37.500000 0.000000 0.000000 -1.000000 30 42 86 255
61.524750 24.992188 -37.500000 0.700295 -0.097912 -0.707107 30 42 86 255
49.915680 27.729492 -37.500000 0.000000 0.000000 -1.000000 30 42 86 255
61.661697 25.971680 -37.500000 0.700295 -0.097912 -0.707107 30 42 86 255
38.306610 30.466797 -37.500000 0.000000 0.000000 -1.000000 30 42 86 255
50.052628 28.708984 -37.500000 0.000000 0.000000 -1.000000 30 42 86 255
61.798645 26.951172 -37.500000 0.705623 -0.086439 -0.703296 30 42 86 255
14.957085 35.279785 -37.500000 -0.702879 0.077208 -0.707107 30 42 86 255
15.099594 36.577148 -37.500000 -0.702879 0.077208 -0.707107 30 42 86 255
26.703102 33.521973 -37.500000 0.000000 0.000000 -1.000000 30 42 86 255
26.845612 34.819336 -37.500000 0.000000 0.000000 -1.000000 30 42 86 255
38.449120 31.764160 -37.500000 0.000000 0.000000 -1.000000 30 42 86 255
38.591629 33.061523 -37.500000 0.000000 0.000000 -1.000000 30 42 86 255
50.195137 30.006348 -37.500000 0.000000 0.000000 -1.000000 30 42 86 255
38.801529 35.055664 -37.500000 0.000000 0.000000 -1.000000 30 42 86 255
38.696579 34.058594 -37.500000 0.000000 0.000000 -1.000000 30 42 86 255
50.405037 32.000488 -37.500000 0.000000 0.000000 -1.000000 30 42 86 255
50.300087 31.003418 -37.500000 0.000000 0.000000 -1.000000 30 42 86 255
62.008545 28.945312 -37.500000 0.703222 -0.074020 -0.707107 30 42 86 255
61.903595 27.948242 -37.500000 0.703222 -0.074020 -0.707107 30 42 86 255
62.375000 32.961426 -37.500000 0.704997 -0.054586 -0.707107 30 42 86 255
50.666542 35.019531 -37.500000 0.000000 0.000000 -1.000000 30 42 86 255
38.958084 37.077637 -37.500000 0.000000 0.000000 -1.000000 30 42 86 255
62.531555 34.983398 -37.500000 0.704997 -0.054586 -0.707107 30 42 86 255
50.823097 37.041504 -37.500000 0.000000 0.000000 -1.000000 30 42 86 255
62.688110 37.005371 -37.500000 0.704997 -0.054586 -0.707107 30 42 86 255
39.114639 39.099609 -37.500000 0.000000 0.000000 -1.000000 30 42 86 255
50.979652 39.063477 -37.500000 0.000000 0.000000 -1.000000 30 42 86 255
50.878914 40.937012 -37.500000 0.000000 0.000000 -1.000000 30 42 86 255
39.013901 40.973145 -37.500000 0.000000 0.000000 -1.000000 30 42 86 255
62.643188 42.774414 -37.500000 0.706087 0.037966 -0.707107 30 42 86 255
50.778175 42.810547 -37.500000 0.000000 0.000000 -1.000000 30 42 86 255
62.542450 44.647949 -37.500000 0.706087 0.037966 -0.707107 30 42 86 255
38.913162 42.846680 -37.500000 0.000000 0.000000 -1.000000 30 42 86 255
50.677437 44.684082 -37.500000 0.000000 0.000000 -1.000000 30 42 86 255
62.441711 46.521484 -37.500000 0.710216 0.055038 -0.701829 30 42 86 255
15.342735 40.102051 -37.500000 -0.706391 -0.031803 -0.707107 30 42 86 255
15.300858 41.032227 -37.500000 -0.706391 -0.031803 -0.707107 30 42 86 255
27.107010 41.939453 -37.500000 0.000000 0.000000 -1.000000 30 42 86 255
27.065132 42.869629 -37.500000 0.000000 0.000000 -1.000000 30 42 86 255
38.871284 43.776855 -37.500000 0.000000 0.000000 -1.000000 30 42 86 255
38.829407 44.707031 -37.500000 0.000000 0.000000 -1.000000 30 42 86 255
50.635559 45.614258 -37.500000 0.000000 0.000000 -1.000000 30 42 86 255
62.347824 47.448242 -37.500000 0.703506 0.071270 -0.707107 30 42 86 255
50.541672 46.541016 -37.500000 0.000000 0.000000 -1.000000 30 42 86 255
38.735519 45.633789 -37.500000 0.000000 0.000000 -1.000000 30 42 86 255
62.253937 48.375000 -37.500000 0.703506 0.071270 -0.707107 30 42 86 255
50.447784 47.467773 -37.500000 0.000000 0.000000 -1.000000 30 42 86 255
62.160049 49.301758 -37.500000 0.703506 0.071270 -0.707107 30 42 86 255
38.641632 46.560547 -37.500000 0.000000 0.000000 -1.000000 30 42 86 255
50.353897 48.394531 -37.500000 0.000000 0.000000 -1.000000 30 42 86 255
62.066162 50.228516 -37.500000 0.707436 0.092091 -0.700752 30 42 86 255
38.349396 48.395508 -37.500000 0.000000 0.000000 -1.000000 30 42 86 255
38.495514 47.478027 -37.500000 0.000000 0.000000 -1.000000 30 42 86 255
50.061661 50.229492 -37.500000 0.000000 0.000000 -1.000000 30 42 86 255
50.207779 49.312012 -37.500000 0.000000 0.000000 -1.000000 30 42 86 255
61.773926 52.063477 -37.500000 0.698306 0.111212 -0.707107 30 42 86 255
61.920044 51.145996 -37.500000 0.698306 0.111212 -0.707107 30 42 86 255
61.270111 54.802246 -37.500000 0.688493 0.161174 -0.707107 30 42 86 255
49.703964 52.050781 -37.500000 0.000000 0.000000 -1.000000 30 42 86 255
38.137817 49.299316 -37.500000 0.000000 0.000000 -1.000000 30 42 86 255
61.058533 55.706055 -37.500000 0.688493 0.161174 -0.707107 30 42 86 255
49.492386 52.954590 -37.500000 0.000000 0.000000 -1.000000 30 42 86 255
60.846954 56.609863 -37.500000 0.688493 0.161174 -0.707107 30 42 86 255
37.926239 50.203125 -37.500000 0.000000 0.000000 -1.000000 30 42 86 255
49.280807 53.858398 -37.500000 0.000000 0.000000 -1.000000 30 42 86 255
60.635376 57.513672 -37.500000 0.689758 0.183593 -0.700377 30 42 86 255
60.368561 58.406738 -37.500000 0.677516 0.202417 -0.707107 30 42 86 255
49.013992 54.751465 -37.500000 0.000000 0.000000 -1.000000 30 42 86 255
37.659424 51.096191 -37.500000 0.000000 0.000000 -1.000000 30 42 86 255
60.101746 59.299805 -37.500000 0.677516 0.202417 -0.707107 30 42 86 255
48.747177 55.644531 -37.500000 0.000000 0.000000 -1.000000 30 42 86 255
59.834930 60.192871 -37.500000 0.677516 0.202417 -0.707107 30 42 86 255
37.392609 51.989258 -37.500000 0.000000 0.000000 -1.000000 30 42 86 255
48.480362 56.537598 -37.500000 0.000000 0.000000 -1.000000 30 42 86 255
59.568115 61.085938 -37.500000 0.677511 0.221006 -0.701524 30 42 86 255
15.170197 43.352051 -37.500000 -0.703451 -0.071812 -0.707107 30 42 86 255
15.123291 43.811523 -37.500000 -0.703451 -0.071812 -0.707107 30 42 86 255
26.257950 47.900391 -37.500000 0.000000 0.000000 -1.000000 30 42 86 255
26.211044 48.359863 -37.500000 0.000000 0.000000 -1.000000 30 42 86 255
37.345703 52.448730 -37.500000 0.000000 0.000000 -1.000000 30 42 86 255
37.298798 52.908203 -37.500000 0.000000 0.000000 -1.000000 30 42 86 255
48.433456 56.997070 -37.500000 0.000000 0.000000 -1.000000 30 42 86 255
58.942398 62.853027 -37.500000 0.666553 0.236023 -0.707107 30 42 86 255
47.807739 58.764160 -37.500000 0.000000 0.000000 -1.000000 30 42 86 255
36.673080 54.675293 -37.500000 0.000000 0.000000 -1.000000 30 42 86 255
58.316681 64.620117 -37.500000 0.666553 0.236023 -0.707107 30 42 86 255
47.182022 60.531250 -37.500000 0.000000 0.000000 -1.000000 30 42 86 255
57.690964 66.387207 -37.500000 0.666553 0.236023 -0.707107 30 42 86 255
36.047363 56.442383 -37.500000 0.000000 0.000000 -1.000000 30 42 86 255
46.556305 62.298340 -37.500000 0.000000 0.000000 -1.000000 30 42 86 255
45.785477 63.777832 -37.500000 0.000000 0.000000 -1.000000 30 42 86 255
35.276535 57.921875 -37.500000 0.000000 0.000000 -1.000000 30 42 86 255
55.523590 71.113281 -37.500000 0.627098 0.326723 -0.707107 30 42 86 255
45.014648 65.257324 -37.500000 0.000000 0.000000 -1.000000 30 42 86 255
54.752762 72.592773 -37.500000 0.627098 0.326723 -0.707107 30 42 86 255
34.505707 59.401367 -37.500000 0.000000 0.000000 -1.000000 30 42 86 255
44.243820 66.736816 -37.500000 0.000000 0.000000 -1.000000 30 42 86 255
53.981934 74.072266 -37.500000 0.622882 0.348239 -0.700534 30 42 86 255
14.951385 45.182129 -37.500000 -0.696768 -0.120475 -0.707107 30 42 86 255
14.873291 45.633789 -37.500000 -0.696768 -0.120475 -0.707107 30 42 86 255
24.689499 52.517578 -37.500000 0.000000 0.000000 -1.000000 30 42 86 255
24.611404 52.969238 -37.500000 0.000000 0.000000 -1.000000 30 42 86 255
34.427612 59.853027 -37.500000 0.000000 0.000000 -1.000000 30 42 86 255
34.349518 60.304688 -37.500000 0.000000 0.000000 -1.000000 30 42 86 255
44.165726 67.188477 -37.500000 0.000000 0.000000 -1.000000 30 42 86 255
33.500977 61.722656 -37.500000 0.000000 0.000000 -1.000000 30 42 86 255
33.925247 61.013672 -37.500000 0.000000 0.000000 -1.000000 30 42 86 255
43.317184 68.606445 -37.500000 0.000000 0.000000 -1.000000 30 42 86 255
43.741455 67.897461 -37.500000 0.000000 0.000000 -1.000000 30 42 86 255
53.133392 75.490234 -37.500000 0.606762 0.363098 -0.707107 30 42 86 255
53.557663 74.781250 -37.500000 0.606762 0.363098 -0.707107 30 42 86 255
51.813950 77.581055 -37.500000 0.579323 0.405444 -0.707107 30 42 86 255
42.422012 69.988281 -37.500000 0.000000 0.000000 -1.000000 30 42 86 255
33.030075 62.395508 -37.500000 0.000000 0.000000 -1.000000 30 42 86 255
51.343048 78.253906 -37.500000 0.579323 0.405444 -0.707107 30 42 86 255
41.951111 70.661133 -37.500000 0.000000 0.000000 -1.000000 30 42 86 255
50.872147 78.926758 -37.500000 0.579323 0.405444 -0.707107 30 42 86 255
32.559174 63.068359 -37.500000 0.000000 0.000000 -1.000000 30 42 86 255
41.480209 71.333984 -37.500000 0.000000 0.000000 -1.000000 30 42 86 255
50.401245 79.599609 -37.500000 0.568265 0.437196 -0.697090 30 42 86 255
49.871780 80.227051 -37.500000 0.540410 0.456023 -0.707107 30 42 86 255
40.950745 71.961426 -37.500000 0.000000 0.000000 -1.000000 30 42 86 255
32.029709 63.695801 -37.500000 0.000000 0.000000 -1.000000 30 42 86 255
49.342316 80.854492 -37.500000 0.540410 0.456023 -0.707107 30 42 86 255
40.421280 72.588867 -37.500000 0.000000 0.000000 -1.000000 30 42 86 255
48.812851 81.481934 -37.500000 0.540410 0.456023 -0.707107 30 42 86 255
31.500244 64.323242 -37.500000 0.000000 0.000000 -1.000000 30 42 86 255
39.891815 73.216309 -37.500000 0.000000 0.000000 -1.000000 30 42 86 255
48.283386 82.109375 -37.500000 0.528805 0.481983 -0.698611 30 42 86 255
14.598465 46.979004 -37.500000 -0.682923 -0.183347 -0.707107 30 42 86 255
14.479828 47.420898 -37.500000 -0.682923 -0.183347 -0.707107 30 42 86 255
22.990036 55.872070 -37.500000 0.000000 0.000000 -1.000000 30 42 86 255
22.871399 56.313965 -37.500000 0.000000 0.000000 -1.000000 30 42 86 255
31.381607 64.765137 -37.500000 0.000000 0.000000 -1.000000 30 42 86 255
31.262970 65.207031 -37.500000 0.000000 0.000000 -1.000000 30 42 86 255
39.773178 73.658203 -37.500000 0.000000 0.000000 -1.000000 30 42 86 255
47.704453 82.697754 -37.500000 0.504029 0.495938 -0.707107 30 42 86 255
39.194244 74.246582 -37.500000 0.000000 0.000000 -1.000000 30 42 86 255
30.684036 65.795410 -37.500000 0.000000 0.000000 -1.000000 30 42 86 255
47.125519 83.286133 -37.500000 0.504029 0.495938 -0.707107 30 42 86 255
38.615311 74.834961 -37.500000 0.000000 0.000000 -1.000000 30 42 86 255
46.546585 83.874512 -37.500000 0.504029 0.495938 -0.707107 30 42 86 255
30.105103 66.383789 -37.500000 0.000000 0.000000 -1.000000 30 42 86 255
38.036377 75.423340 -37.500000 0.000000 0.000000 -1.000000 30 42 86 255
45.967651 84.462891 -37.500000 0.495447 0.512144 -0.701598 30 42 86 255
45.355682 85.026367 -37.500000 0.478965 0.520185 -0.707107 30 42 86 255
37.424408 75.986816 -37.500000 0.000000 0.000000 -1.000000 30 42 86 255
29.493134 66.947266 -37.500000 0.000000 0.000000 -1.000000 30 42 86 255
44.743713 85.589844 -37.500000 0.478965 0.520185 -0.707107 30 42 86 255
36.812439 76.550293 -37.500000 0.000000 0.000000 -1.000000 30 42 86 255
44.131744 86.153320 -37.500000 0.478965 0.520185 -0.707107 30 42 86 255
28.881165 67.510742 -37.500000 0.000000 0.000000 -1.000000 30 42 86 255
36.200470 77.113770 -37.500000 0.000000 0.000000 -1.000000 30 42 86 255
43.519775 86.716797 -37.500000 0.474212 0.528341 -0.704257 30 42 86 255
14.086899 48.737793 -37.500000 -0.665437 -0.239153 -0.707106 30 42 86 255
13.931244 49.170898 -37.500000 -0.665437 -0.239153 -0.707106 30 42 86 255
21.406204 58.340820 -37.500000 0.000000 0.000000 -1.000000 30 42 86 255
21.250549 58.773926 -37.500000 0.000000 0.000000 -1.000000 30 42 86 255
28.725510 67.943848 -37.500000 0.000000 0.000000 -1.000000 30 42 86 255
28.569855 68.376953 -37.500000 0.000000 0.000000 -1.000000 30 42 86 255
36.044815 77.546875 -37.500000 0.000000 0.000000 -1.000000 30 42 86 255
42.891327 87.266602 -37.500000 0.465591 0.532189 -0.707107 30 42 86 255
35.416367 78.096680 -37.500000 0.000000 0.000000 -1.000000 30 42 86 255
27.941406 68.926758 -37.500000 0.000000 0.000000 -1.000000 30 42 86 255
42.262878 87.816406 -37.500000 0.465591 0.532189 -0.707107 30 42 86 255
34.787918 78.646484 -37.500000 0.000000 0.000000 -1.000000 30 42 86 255
41.634430 88.366211 -37.500000 0.465591 0.532189 -0.707107 30 42 86 255
27.312958 69.476562 -37.500000 0.000000 0.000000 -1.000000 30 42 86 255
34.159470 79.196289 -37.500000 0.000000 0.000000 -1.000000 30 42 86 255
32.984100 79.982910 -37.500000 0.000000 0.000000 -1.000000 30 42 86 255
26.137589 70.263184 -37.500000 0.000000 0.000000 -1.000000 30 42 86 255
38.655243 90.489258 -37.500000 0.393284 0.587646 -0.707107 30 42 86 255
31.808731 80.769531 -37.500000 0.000000 0.000000 -1.000000 30 42 86 255
37.479874 91.275879 -37.500000 0.393284 0.587646 -0.707107 30 42 86 255
24.962219 71.049805 -37.500000 0.000000 0.000000 -1.000000 30 42 86 255
30.633362 81.556152 -37.500000 0.000000 0.000000 -1.000000 30 42 86 255
36.304504 92.062500 -37.500000 0.381362 0.602059 -0.701489 30 42 86 255
13.246689 50.887695 -37.500000 -0.647510 -0.284133 -0.707106 30 42 86 255
12.873444 51.738281 -37.500000 -0.647510 -0.284133 -0.707106 30 42 86 255
18.917831 61.394043 -37.500000 0.000000 0.000000 -1.000000 30 42 86 255
18.544586 62.244629 -37.500000 0.000000 0.000000 -1.000000 30 42 86 255
24.588974 71.900391 -37.500000 0.000000 0.000000 -1.000000 30 42 86 255
24.215729 72.750977 -37.500000 0.000000 0.000000 -1.000000 30 42 86 255
30.260117 82.406738 -37.500000 0.000000 0.000000 -1.000000 30 42 86 255
23.010376 73.472656 -37.500000 0.000000 0.000000 -1.000000 30 42 86 255
23.613052 73.111816 -37.500000 0.000000 0.000000 -1.000000 30 42 86 255
29.054764 83.128418 -37.500000 0.000000 0.000000 -1.000000 30 42 86 255
29.657440 82.767578 -37.500000 0.000000 0.000000 -1.000000 30 42 86 255
35.099152 92.784180 -37.500000 0.363236 0.606679 -0.707107 30 42 86 255
35.701828 92.423340 -37.500000 0.363236 0.606679 -0.707107 30 42 86 255
33.273132 93.826660 -37.500000 0.324675 0.628161 -0.707107 30 42 86 255
27.831421 83.810059 -37.500000 0.000000 0.000000 -1.000000 30 42 86 255
22.389709 73.793457 -37.500000 0.000000 0.000000 -1.000000 30 42 86 255
32.652466 94.147461 -37.500000 0.324675 0.628161 -0.707107 30 42 86 255
27.210754 84.130859 -37.500000 0.000000 0.000000 -1.000000 30 42 86 255
32.031799 94.468262 -37.500000 0.324675 0.628161 -0.707107 30 42 86 255
21.769043 74.114258 -37.500000 0.000000 0.000000 -1.000000 30 42 86 255
26.590088 84.451660 -37.500000 0.000000 0.000000 -1.000000 30 42 86 255
31.411133 94.789062 -37.500000 0.303049 0.648564 -0.698231 30 42 86 255
30.767426 95.059082 -37.500000 0.273524 0.652062 -0.707107 30 42 86 255
25.946381 84.721680 -37.500000 0.000000 0.000000 -1.000000 30 42 86 255
21.125336 74.384277 -37.500000 0.000000 0.000000 -1.000000 30 42 86 255
30.123718 95.329102 -37.500000 0.273524 0.652062 -0.707107 30 42 86 255
25.302673 84.991699 -37.500000 0.000000 0.000000 -1.000000 30 42 86 255
29.480011 95.599121 -37.500000 0.273524 0.652062 -0.707107 30 42 86 255
20.481628 74.654297 -37.500000 0.000000 0.000000 -1.000000 30 42 86 255
24.658966 85.261719 -37.500000 0.000000 0.000000 -1.000000 30 42 86 255
28.836304 95.869141 -37.500000 0.253172 0.668517 -0.699278 30 42 86 255
11.749382 53.997070 -37.500000 -0.585510 -0.396458 -0.707107 30 42 86 255
11.371811 54.554688 -37.500000 -0.585510 -0.396458 -0.707107 30 42 86 255
15.926720 64.604492 -37.500000 0.000000 0.000000 -1.000000 30 42 86 255
15.549149 65.162109 -37.500000 0.000000 0.000000 -1.000000 30 42 86 255
20.104057 75.211914 -37.500000 0.000000 0.000000 -1.000000 30 42 86 255
19.726486 75.769531 -37.500000 0.000000 0.000000 -1.000000 30 42 86 255
24.281395 85.819336 -37.500000 0.000000 0.000000 -1.000000 30 42 86 255
28.172318 96.094238 -37.500000 0.227025 0.669672 -0.707107 30 42 86 255
23.617409 86.044434 -37.500000 0.000000 0.000000 -1.000000 30 42 86 255
19.062500 75.994629 -37.500000 0.000000 0.000000 -1.000000 30 42 86 255
27.508331 96.319336 -37.500000 0.227025 0.669672 -0.707107 30 42 86 255
22.953423 86.269531 -37.500000 0.000000 0.000000 -1.000000 30 42 86 255
26.844345 96.544434 -37.500000 0.227025 0.669672 -0.707107 30 42 86 255
18.398514 76.219727 -37.500000 0.000000 0.000000 -1.000000 30 42 86 255
22.289436 86.494629 -37.500000 0.000000 0.000000 -1.000000 30 42 86 255
10.412697 55.933105 -37.500000 -0.558903 -0.433160 -0.707107 30 42 86 255
10.208725 56.196289 -37.500000 -0.558903 -0.433160 -0.707107 30 42 86 255
14.303619 66.208008 -37.500000 0.000000 0.000000 -1.000000 30 42 86 255
14.099648 66.471191 -37.500000 0.000000 0.000000 -1.000000 30 42 86 255
18.194542 76.482910 -37.500000 0.000000 0.000000 -1.000000 30 42 86 255
17.990570 76.746094 -37.500000 0.000000 0.000000 -1.000000 30 42 86 255
11.129799 68.499023 -37.500000 0.000000 0.000000 -1.000000 30 42 86 255
8.174500 58.354980 -37.500000 -0.470654 -0.527717 -0.707107 30 42 86 255
7.928680 58.574219 -37.500000 -0.438283 -0.540856 -0.717902 30 42 86 255
14.330917 78.423828 -37.500000 0.000000 0.000000 -1.000000 30 42 86 255
11.375618 68.279785 -37.500000 0.000000 0.000000 -1.000000 30 42 86 255
14.576736 78.204590 -37.500000 0.000000 0.000000 -1.000000 30 42 86 255
8.420319 58.135742 -37.500000 -0.470654 -0.527717 -0.707107 30 42 86 255
11.621437 68.060547 -37.500000 0.000000 0.000000 -1.000000 30 42 86 255
8.666138 57.916504 -37.500000 -0.470654 -0.527717 -0.707107 30 42 86 255
14.822556 77.985352 -37.500000 0.000000 0.000000 -1.000000 30 42 86 255
11.867256 67.841309 -37.500000 0.000000 0.000000 -1.000000 30 42 86 255
8.911957 57.697266 -37.500000 -0.488793 -0.494245 -0.718890 30 42 86 255
9.134163 57.453613 -37.500000 -0.522465 -0.476478 -0.707106 30 42 86 255
12.089462 67.597656 -37.500000 0.000000 0.000000 -1.000000 30 42 86 255
15.044762 77.741699 -37.500000 0.000000 0.000000 -1.000000 30 42 86 255
9.356369 57.209961 -37.500000 -0.522465 -0.476478 -0.707106 30 42 86 255
12.311668 67.354004 -37.500000 0.000000 0.000000 -1.000000 30 42 86 255
9.578575 56.966309 -37.500000 -0.522465 -0.476478 -0.707106 30 42 86 255
15.266968 77.498047 -37.500000 0.000000 0.000000 -1.000000 30 42 86 255
12.533875 67.110352 -37.500000 0.000000 0.000000 -1.000000 30 42 86 255
22.094955 97.897461 -37.500000 0.188183 0.681606 -0.707107 30 42 86 255
23.456757 97.521484 -37.500000 0.188183 0.681606 -0.707107 30 42 86 255
19.361862 87.509766 -37.500000 0.000000 0.000000 -1.000000 30 42 86 255
20.723663 87.133789 -37.500000 0.000000 0.000000 -1.000000 30 42 86 255
16.628769 77.122070 -37.500000 0.000000 0.000000 -1.000000 30 42 86 255
9.169830 79.943359 -37.500000 0.000000 0.000000 -1.000000 30 42 86 255
7.445198 70.006836 -37.500000 0.000000 0.000000 -1.000000 30 42 86 255
9.739662 79.587891 -37.500000 0.000000 0.000000 -1.000000 30 42 86 255
5.720566 60.070312 -37.500000 -0.374254 -0.599945 -0.707107 30 42 86 255
8.015030 69.651367 -37.500000 0.000000 0.000000 -1.000000 30 42 86 255
6.290398 59.714844 -37.500000 -0.374254 -0.599945 -0.707107 30 42 86 255
10.309494 79.232422 -37.500000 0.000000 0.000000 -1.000000 30 42 86 255
8.584862 69.295898 -37.500000 0.000000 0.000000 -1.000000 30 42 86 255
6.860229 59.359375 -37.500000 -0.391859 -0.578046 -0.715757 30 42 86 255
7.127342 59.163086 -37.500000 -0.418721 -0.569800 -0.707107 30 42 86 255
8.851974 69.099609 -37.500000 0.000000 0.000000 -1.000000 30 42 86 255
10.576607 79.036133 -37.500000 0.000000 0.000000 -1.000000 30 42 86 255
7.394455 58.966797 -37.500000 -0.418721 -0.569800 -0.707107 30 42 86 255
9.119087 68.903320 -37.500000 0.000000 0.000000 -1.000000 30 42 86 255
7.661568 58.770508 -37.500000 -0.418721 -0.569800 -0.707107 30 42 86 255
10.843719 78.839844 -37.500000 0.000000 0.000000 -1.000000 30 42 86 255
9.386200 68.707031 -37.500000 0.000000 0.000000 -1.000000 30 42 86 255
15.502357 98.897461 -37.500000 0.083762 0.702128 -0.707107 30 42 86 255
17.245956 98.689453 -37.500000 0.083762 0.702128 -0.707107 30 42 86 255
14.044838 88.764648 -37.500000 0.000000 0.000000 -1.000000 30 42 86 255
15.788437 88.556641 -37.500000 0.000000 0.000000 -1.000000 30 42 86 255
12.587318 78.631836 -37.500000 0.000000 0.000000 -1.000000 30 42 86 255
12.885658 99.190430 -37.500000 0.068485 0.703782 -0.707107 30 42 86 255
10.591194 89.609375 -37.500000 0.000000 0.000000 -1.000000 30 42 86 255
8.296730 80.028320 -37.500000 0.000000 0.000000 -1.000000 30 42 86 255
12.012558 99.275391 -37.500000 0.068485 0.703782 -0.707107 30 42 86 255
9.718094 89.694336 -37.500000 0.000000 0.000000 -1.000000 30 42 86 255
11.139458 99.360352 -37.500000 0.068485 0.703782 -0.707107 30 42 86 255
7.423630 80.113281 -37.500000 0.000000 0.000000 -1.000000 30 42 86 255
8.844994 89.779297 -37.500000 0.000000 0.000000 -1.000000 30 42 86 255
10.266357 99.445312 -37.500000 0.059497 0.707536 -0.704168 30 42 86 255
9.391739 99.507324 -37.500000 0.050009 0.705336 -0.707107 30 42 86 255
7.970375 89.841309 -37.500000 0.000000 0.000000 -1.000000 30 42 86 255
6.549011 80.175293 -37.500000 0.000000 0.000000 -1.000000 30 42 86 255
8.517120 99.569336 -37.500000 0.050009 0.705336 -0.707107 30 42 86 255
7.095757 89.903320 -37.500000 0.000000 0.000000 -1.000000 30 42 86 255
7.642502 99.631348 -37.500000 0.050009 0.705336 -0.707107 30 42 86 255
5.674393 80.237305 -37.500000 0.000000 0.000000 -1.000000 30 42 86 255
6.221138 89.965332 -37.500000 0.000000 0.000000 -1.000000 30 42 86 255
6.767883 99.693359 -37.500000 0.037715 0.710050 -0.703141 30 42 86 255
3.778557 61.016602 -37.500000 -0.199030 -0.678518 -0.707107 30 42 86 255
2.976212 61.251953 -37.500000 -0.199030 -0.678518 -0.707107 30 42 86 255
4.325302 70.744629 -37.500000 0.000000 0.000000 -1.000000 30 42 86 255
3.522957 70.979980 -37.500000 0.000000 0.000000 -1.000000 30 42 86 255
4.872047 80.472656 -37.500000 0.000000 0.000000 -1.000000 30 42 86 255
4.069702 80.708008 -37.500000 0.000000 0.000000 -1.000000 30 42 86 255
5.418793 90.200684 -37.500000 0.000000 0.000000 -1.000000 30 42 86 255
5.014359 99.755371 -37.500000 0.024991 0.706665 -0.707107 30 42 86 255
3.665268 90.262695 -37.500000 0.000000 0.000000 -1.000000 30 42 86 255
2.316177 80.770020 -37.500000 0.000000 0.000000 -1.000000 30 42 86 255
3.260834 99.817383 -37.500000 0.024991 0.706665 -0.707107 30 42 86 255
1.911743 90.324707 -37.500000 0.000000 0.000000 -1.000000 30 42 86 255
1.507309 99.879395 -37.500000 0.024991 0.706665 -0.707107 30 42 86 255
0.562653 80.832031 -37.500000 0.000000 0.000000 -1.000000 30 42 86 255
0.158218 90.386719 -37.500000 0.000000 0.000000 -1.000000 30 42 86 255
-0.246216 99.941406 -37.500000 0.015511 0.709951 -0.704080 30 42 86 255
0.966705 61.817871 -37.500000 -0.161897 -0.688323 -0.707107 30 42 86 255
0.561890 61.913086 -37.500000 -0.161897 -0.688323 -0.707107 30 42 86 255
0.562271 71.372559 -37.500000 0.000000 0.000000 -1.000000 30 42 86 255
0.157455 71.467773 -37.500000 0.000000 0.000000 -1.000000 30 42 86 255
0.157837 80.927246 -37.500000 0.000000 0.000000 -1.000000 30 42 86 255
-0.246979 81.022461 -37.500000 0.000000 0.000000 -1.000000 30 42 86 255
-0.246597 90.481934 -37.500000 0.000000 0.000000 -1.000000 30 42 86 255
-0.656830 62.172852 -37.500000 -0.118162 -0.697164 -0.707107 30 42 86 255
-1.065918 62.242188 -37.500000 -0.118162 -0.697164 -0.707107 30 42 86 255
-0.656448 71.632324 -37.500000 0.000000 0.000000 -1.000000 30 42 86 255
-1.065536 71.701660 -37.500000 0.000000 0.000000 -1.000000 30 42 86 255
-0.656067 81.091797 -37.500000 0.000000 0.000000 -1.000000 30 42 86 255
-1.065155 81.161133 -37.500000 0.000000 0.000000 -1.000000 30 42 86 255
-0.655685 90.551270 -37.500000 0.000000 0.000000 -1.000000 30 42 86 255
-2.713882 62.446289 -37.500000 -0.055584 -0.704919 -0.707107 30 42 86 255
-3.543671 62.511719 -37.500000 -0.055584 -0.704919 -0.707107 30 42 86 255
-2.304413 71.836426 -37.500000 0.000000 0.000000 -1.000000 30 42 86 255
-3.134201 71.901855 -37.500000 0.000000 0.000000 -1.000000 30 42 86 255
-1.894943 81.226562 -37.500000 0.000000 0.000000 -1.000000 30 42 86 255
-2.724731 81.291992 -37.500000 0.000000 0.000000 -1.000000 30 42 86 255
-1.485474 90.616699 -37.500000 0.000000 0.000000 -1.000000 30 42 86 255
-2.002853 99.956055 -37.500000 0.005896 0.707082 -0.707107 30 42 86 255
-3.242111 90.631348 -37.500000 0.000000 0.000000 -1.000000 30 42 86 255
-4.481369 81.306641 -37.500000 0.000000 0.000000 -1.000000 30 42 86 255
-3.759491 99.970703 -37.500000 0.005896 0.707082 -0.707107 30 42 86 255
-4.998749 90.645996 -37.500000 0.000000 0.000000 -1.000000 30 42 86 255
-5.516129 99.985352 -37.500000 0.005896 0.707082 -0.707107 30 42 86 255
-6.238007 81.321289 -37.500000 0.000000 0.000000 -1.000000 30 42 86 255
-6.755386 90.660645 -37.500000 0.000000 0.000000 -1.000000 30 42 86 255
-6.041519 62.656738 -37.500000 -0.011943 -0.707006 -0.707107 30 42 86 255
-6.879791 62.670898 -37.500000 -0.011943 -0.707006 -0.707107 30 42 86 255
-6.558899 71.996094 -37.500000 0.000000 0.000000 -1.000000 30 42 86 255
-7.397171 72.010254 -37.500000 0.000000 0.000000 -1.000000 30 42 86 255
-7.076279 81.335449 -37.500000 0.000000 0.000000 -1.000000 30 42 86 255
-7.914551 81.349609 -37.500000 0.000000 0.000000 -1.000000 30 42 86 255
-7.593658 90.674805 -37.500000 0.000000 0.000000 -1.000000 30 42 86 255
-12.077629 62.699219 -37.500000 0.000000 -0.707107 -0.707107 30 42 86 255
-15.598923 62.699219 -37.500000 0.000000 -0.707107 -0.707107 30 42 86 255
-11.756737 72.024414 -37.500000 0.000000 0.000000 -1.000000 30 42 86 255
-15.278030 72.024414 -37.500000 0.000000 0.000000 -1.000000 30 42 86 255
-11.435844 81.349609 -37.500000 0.000000 0.000000 -1.000000 30 42 86 255
-14.957138 81.349609 -37.500000 0.000000 0.000000 -1.000000 30 42 86 255
-11.114952 90.674805 -37.500000 0.000000 0.000000 -1.000000 30 42 86 255
-27.112434 90.674805 -37.500000 0.000000 0.000000 -1.000000 30 42 86 255
-30.954620 81.349609 -37.500000 0.000000 0.000000 -1.000000 30 42 86 255
-39.267731 100.000000 -37.500000 0.000000 0.707107 -0.707107 30 42 86 255
-43.109917 90.674805 -37.500000 0.000000 0.000000 -1.000000 30 42 86 255
-55.265213 100.000000 -37.500000 0.000000 0.707107 -0.707107 30 42 86 255
-46.952103 81.349609 -37.500000 0.000000 0.000000 -1.000000 30 42 86 255
-59.107399 90.674805 -37.500000 0.000000 0.000000 -1.000000 30 42 86 255
-22.641510 50.544434 -37.500000 0.707107 0.000000 -0.707107 30 42 86 255
-22.641510 38.389648 -37.500000 0.707107 0.000000 -0.707107 30 42 86 255
-34.796806 59.869629 -37.500000 0.000000 0.000000 -1.000000 30 42 86 255
-34.796806 47.714844 -37.500000 0.000000 0.000000 -1.000000 30 42 86 255
-46.952103 69.194824 -37.500000 0.000000 0.000000 -1.000000 30 42 86 255
-46.952103 57.040039 -37.500000 0.000000 0.000000 -1.000000 30 42 86 255
-34.796806 -100.000000 -37.500000 0.000000 -0.707107 -0.707107 30 42 86 255
-46.952103 -100.000000 -37.500000 0.000000 -0.707107 -0.707107 30 42 86 255
-34.796806 -80.805664 -37.500000 0.000000 0.000000 -1.000000 30 42 86 255
-46.952103 -80.805664 -37.500000 0.000000 0.000000 -1.000000 30 42 86 255
-22.641510 -61.611328 -37.500000 0.707107 0.000000 -0.707107 30 42 86 255
-34.796806 -61.611328 -37.500000 0.000000 0.000000 -1.000000 30 42 86 255
-22.641510 -42.416992 -37.500000 0.707107 0.000000 -0.707107 30 42 86 255
-46.952103 -61.611328 -37.500000 0.000000 0.000000 -1.000000 30 42 86 255
-34.796806 -42.416992 -37.500000 0.000000 0.000000 -1.000000 30 42 86 255
-34.796806 -33.091309 -37.500000 0.000000 0.000000 -1.000000 30 42 86 255
-46.952103 -52.285645 -37.500000 0.000000 0.000000 -1.000000 30 42 86 255
-34.796806 -23.765625 -37.500000 0.000000 0.000000 -1.000000 30 42 86 255
-46.952103 -42.959961 -37.500000 0.000000 0.000000 -1.000000 30 42 86 255
-34.796806 -14.439941 -37.500000 0.000000 0.000000 -1.000000 30 42 86 255
-71.262695 -50.000000 -37.500000 -0.707107 0.000000 -0.707107 30 42 86 255
-71.262695 0.000000 -37.500000 -0.707107 0.000000 -0.707107 30 42 86 255
-59.107399 -21.479980 -37.500000 0.000000 0.000000 -1.000000 30 42 86 255
-59.107399 28.520020 -37.500000 0.000000 0.000000 -1.000000 30 42 86 255
-46.952103 7.040039 -37.500000 0.000000 0.000000 -1.000000 30 42 86 255
14.086899 48.737793 37.500000 -0.665437 -0.239153 0.707106 30 42 86 255
28.881165 67.510742 37.500000 0.000000 0.000000 1.000000 30 42 86 255
21.406204 58.340820 37.500000 0.000000 0.000000 1.000000 30 42 86 255
28.725510 67.943848 37.500000 0.000000 0.000000 1.000000 30 42 86 255
13.931244 49.170898 37.500000 -0.665437 -0.239153 0.707106 30 42 86 255
21.250549 58.773926 37.500000 0.000000 0.000000 1.000000 30 42 86 255
28.569855 68.376953 37.500000 0.000000 0.000000 1.000000 30 42 86 255
21.094894 59.207031 37.500000 0.000000 0.000000 1.000000 30 42 86 255
27.823364 70.078125 37.500000 0.000000 0.000000 1.000000 30 42 86 255
28.196609 69.227539 37.500000 0.000000 0.000000 1.000000 30 42 86 255
20.348404 60.908203 37.500000 0.000000 0.000000 1.000000 30 42 86 255
20.721649 60.057617 37.500000 0.000000 0.000000 1.000000 30 42 86 255
12.873444 51.738281 37.500000 -0.647510 -0.284133 0.707106 30 42 86 255
13.246689 50.887695 37.500000 -0.647510 -0.284133 0.707106 30 42 86 255
11.749382 53.997070 37.500000 -0.585510 -0.396457 0.707107 30 42 86 255
19.597588 62.316406 37.500000 0.000000 0.000000 1.000000 30 42 86 255
27.445793 70.635742 37.500000 0.000000 0.000000 1.000000 30 42 86 255
11.371811 54.554688 37.500000 -0.585510 -0.396457 0.707107 30 42 86 255
19.220016 62.874023 37.500000 0.000000 0.000000 1.000000 30 42 86 255
27.068222 71.193359 37.500000 0.000000 0.000000 1.000000 30 42 86 255
18.842445 63.431641 37.500000 0.000000 0.000000 1.000000 30 42 86 255
10.412697 55.933105 37.500000 -0.558903 -0.433160 0.707107 30 42 86 255
18.638474 63.694824 37.500000 0.000000 0.000000 1.000000 30 42 86 255
26.864250 71.456543 37.500000 0.000000 0.000000 1.000000 30 42 86 255
10.208725 56.196289 37.500000 -0.558903 -0.433160 0.707107 30 42 86 255
18.434502 63.958008 37.500000 0.000000 0.000000 1.000000 30 42 86 255
26.660278 71.719727 37.500000 0.000000 0.000000 1.000000 30 42 86 255
18.230530 64.221191 37.500000 0.000000 0.000000 1.000000 30 42 86 255
26.215866 72.207031 37.500000 0.000000 0.000000 1.000000 30 42 86 255
26.438072 71.963379 37.500000 0.000000 0.000000 1.000000 30 42 86 255
17.786118 64.708496 37.500000 0.000000 0.000000 1.000000 30 42 86 255
18.008324 64.464844 37.500000 0.000000 0.000000 1.000000 30 42 86 255
9.356369 57.209961 37.500000 -0.522465 -0.476478 0.707107 30 42 86 255
9.578575 56.966309 37.500000 -0.522465 -0.476478 0.707107 30 42 86 255
-5.516129 99.985352 37.500000 0.005896 0.707082 0.707107 30 42 86 255
-6.238007 81.321289 37.500000 0.000000 0.000000 1.000000 30 42 86 255
-4.998749 90.645996 37.500000 0.000000 0.000000 1.000000 30 42 86 255
-4.481369 81.306641 37.500000 0.000000 0.000000 1.000000 30 42 86 255
-3.759491 99.970703 37.500000 0.005896 0.707082 0.707107 30 42 86 255
-3.242111 90.631348 37.500000 0.000000 0.000000 1.000000 30 42 86 255
-2.724731 81.291992 37.500000 0.000000 0.000000 1.000000 30 42 86 255
-1.485474 90.616699 37.500000 0.000000 0.000000 1.000000 30 42 86 255
-3.543671 62.511719 37.500000 -0.055584 -0.704919 0.707107 30 42 86 255
-3.134201 71.901855 37.500000 0.000000 0.000000 1.000000 30 42 86 255
-2.304413 71.836426 37.500000 0.000000 0.000000 1.000000 30 42 86 255
-1.894943 81.226562 37.500000 0.000000 0.000000 1.000000 30 42 86 255
-1.065155 81.161133 37.500000 0.000000 0.000000 1.000000 30 42 86 255
-0.655685 90.551270 37.500000 0.000000 0.000000 1.000000 30 42 86 255
-1.065918 62.242188 37.500000 -0.118162 -0.697164 0.707107 30 42 86 255
-1.065536 71.701660 37.500000 0.000000 0.000000 1.000000 30 42 86 255
-0.656448 71.632324 37.500000 0.000000 0.000000 1.000000 30 42 86 255
-0.656067 81.091797 37.500000 0.000000 0.000000 1.000000 30 42 86 255
-0.246979 81.022461 37.500000 0.000000 0.000000 1.000000 30 42 86 255
-0.246597 90.481934 37.500000 0.000000 0.000000 1.000000 30 42 86 255
0.561890 61.913086 37.500000 -0.161897 -0.688323 0.707107 30 42 86 255
0.157455 71.467773 37.500000 0.000000 0.000000 1.000000 30 42 86 255
0.562271 71.372559 37.500000 0.000000 0.000000 1.000000 30 42 86 255
0.157837 80.927246 37.500000 0.000000 0.000000 1.000000 30 42 86 255
0.562653 80.832031 37.500000 0.000000 0.000000 1.000000 30 42 86 255
0.158218 90.386719 37.500000 0.000000 0.000000 1.000000 30 42 86 255
1.507309 99.879395 37.500000 0.024991 0.706665 0.707107 30 42 86 255
1.911743 90.324707 37.500000 0.000000 0.000000 1.000000 30 42 86 255
2.316177 80.770020 37.500000 0.000000 0.000000 1.000000 30 42 86 255
3.260834 99.817383 37.500000 0.024991 0.706665 0.707107 30 42 86 255
3.665268 90.262695 37.500000 0.000000 0.000000 1.000000 30 42 86 255
4.069702 80.708008 37.500000 0.000000 0.000000 1.000000 30 42 86 255
5.418793 90.200684 37.500000 0.000000 0.000000 1.000000 30 42 86 255
2.976212 61.251953 37.500000 -0.199030 -0.678519 0.707107 30 42 86 255
3.522957 70.979980 37.500000 0.000000 0.000000 1.000000 30 42 86 255
4.325302 70.744629 37.500000 0.000000 0.000000 1.000000 30 42 86 255
4.872047 80.472656 37.500000 0.000000 0.000000 1.000000 30 42 86 255
5.674393 80.237305 37.500000 0.000000 0.000000 1.000000 30 42 86 255
6.221138 89.965332 37.500000 0.000000 0.000000 1.000000 30 42 86 255
7.642502 99.631348 37.500000 0.050009 0.705336 0.707107 30 42 86 255
7.095757 89.903320 37.500000 0.000000 0.000000 1.000000 30 42 86 255
6.549011 80.175293 37.500000 0.000000 0.000000 1.000000 30 42 86 255
8.517120 99.569336 37.500000 0.050009 0.705336 0.707107 30 42 86 255
7.970375 89.841309 37.500000 0.000000 0.000000 1.000000 30 42 86 255
7.423630 80.113281 37.500000 0.000000 0.000000 1.000000 30 42 86 255
8.844994 89.779297 37.500000 0.000000 0.000000 1.000000 30 42 86 255
11.139458 99.360352 37.500000 0.068485 0.703782 0.707107 30 42 86 255
9.718094 89.694336 37.500000 0.000000 0.000000 1.000000 30 42 86 255
8.296730 80.028320 37.500000 0.000000 0.000000 1.000000 30 42 86 255
12.012558 99.275391 37.500000 0.068485 0.703782 0.707107 30 42 86 255
10.591194 89.609375 37.500000 0.000000 0.000000 1.000000 30 42 86 255
9.169830 79.943359 37.500000 0.000000 0.000000 1.000000 30 42 86 255
11.464294 89.524414 37.500000 0.000000 0.000000 1.000000 30 42 86 255
5.720566 60.070312 37.500000 -0.374254 -0.599945 0.707107 30 42 86 255
7.445198 70.006836 37.500000 0.000000 0.000000 1.000000 30 42 86 255
8.015030 69.651367 37.500000 0.000000 0.000000 1.000000 30 42 86 255
9.739662 79.587891 37.500000 0.000000 0.000000 1.000000 30 42 86 255
10.309494 79.232422 37.500000 0.000000 0.000000 1.000000 30 42 86 255
12.034126 89.168945 37.500000 0.000000 0.000000 1.000000 30 42 86 255
13.796692 78.816406 37.500000 0.000000 0.000000 1.000000 30 42 86 255
12.053093 79.024414 37.500000 0.000000 0.000000 1.000000 30 42 86 255
15.521324 88.752930 37.500000 0.000000 0.000000 1.000000 30 42 86 255
13.777725 88.960938 37.500000 0.000000 0.000000 1.000000 30 42 86 255
17.245956 98.689453 37.500000 0.083762 0.702128 0.707107 30 42 86 255
15.502357 98.897461 37.500000 0.083762 0.702128 0.707107 30 42 86 255
22.094955 97.897461 37.500000 0.188183 0.681606 0.707107 30 42 86 255
18.626724 88.168945 37.500000 0.000000 0.000000 1.000000 30 42 86 255
15.158493 78.440430 37.500000 0.000000 0.000000 1.000000 30 42 86 255
23.456757 97.521484 37.500000 0.188183 0.681606 0.707107 30 42 86 255
19.988525 87.792969 37.500000 0.000000 0.000000 1.000000 30 42 86 255
16.520294 78.064453 37.500000 0.000000 0.000000 1.000000 30 42 86 255
21.350327 87.416992 37.500000 0.000000 0.000000 1.000000 30 42 86 255
26.844345 96.544434 37.500000 0.227025 0.669671 0.707107 30 42 86 255
22.014313 87.191895 37.500000 0.000000 0.000000 1.000000 30 42 86 255
17.184280 77.839355 37.500000 0.000000 0.000000 1.000000 30 42 86 255
27.508331 96.319336 37.500000 0.227025 0.669671 0.707107 30 42 86 255
22.678299 86.966797 37.500000 0.000000 0.000000 1.000000 30 42 86 255
17.848267 77.614258 37.500000 0.000000 0.000000 1.000000 30 42 86 255
23.342285 86.741699 37.500000 0.000000 0.000000 1.000000 30 42 86 255
19.135681 77.074219 37.500000 0.000000 0.000000 1.000000 30 42 86 255
18.491974 77.344238 37.500000 0.000000 0.000000 1.000000 30 42 86 255
24.629700 86.201660 37.500000 0.000000 0.000000 1.000000 30 42 86 255
23.985992 86.471680 37.500000 0.000000 0.000000 1.000000 30 42 86 255
30.123718 95.329102 37.500000 0.273524 0.652062 0.707107 30 42 86 255
29.480011 95.599121 37.500000 0.273524 0.652062 0.707107 30 42 86 255
32.031799 94.468262 37.500000 0.324675 0.628161 0.707107 30 42 86 255
25.894073 85.610840 37.500000 0.000000 0.000000 1.000000 30 42 86 255
19.756348 76.753418 37.500000 0.000000 0.000000 1.000000 30 42 86 255
32.652466 94.147461 37.500000 0.324675 0.628161 0.707107 30 42 86 255
26.514740 85.290039 37.500000 0.000000 0.000000 1.000000 30 42 86 255
20.377014 76.432617 37.500000 0.000000 0.000000 1.000000 30 42 86 255
27.135406 84.969238 37.500000 0.000000 0.000000 1.000000 30 42 86 255
34.496475 93.145020 37.500000 0.363236 0.606679 0.707107 30 42 86 255
27.738083 84.608398 37.500000 0.000000 0.000000 1.000000 30 42 86 255
20.979691 76.071777 37.500000 0.000000 0.000000 1.000000 30 42 86 255
35.099152 92.784180 37.500000 0.363236 0.606679 0.707107 30 42 86 255
28.340759 84.247559 37.500000 0.000000 0.000000 1.000000 30 42 86 255
21.582367 75.710938 37.500000 0.000000 0.000000 1.000000 30 42 86 255
28.943436 83.886719 37.500000 0.000000 0.000000 1.000000 30 42 86 255
15.396667 66.748535 37.500000 0.000000 0.000000 1.000000 30 42 86 255
23.933105 74.137695 37.500000 0.000000 0.000000 1.000000 30 42 86 255
22.757736 74.924316 37.500000 0.000000 0.000000 1.000000 30 42 86 255
31.294174 82.313477 37.500000 0.000000 0.000000 1.000000 30 42 86 255
30.118805 83.100098 37.500000 0.000000 0.000000 1.000000 30 42 86 255
38.655243 90.489258 37.500000 0.393284 0.587646 0.707107 30 42 86 255
37.479874 91.275879 37.500000 0.393284 0.587646 0.707107 30 42 86 255
8.666138 57.916504 37.500000 -0.470654 -0.527717 0.707107 30 42 86 255
17.318092 65.171387 37.500000 0.000000 0.000000 1.000000 30 42 86 255
25.970047 72.426270 37.500000 0.000000 0.000000 1.000000 30 42 86 255
8.420319 58.135742 37.500000 -0.470654 -0.527717 0.707107 30 42 86 255
17.072273 65.390625 37.500000 0.000000 0.000000 1.000000 30 42 86 255
25.724228 72.645508 37.500000 0.000000 0.000000 1.000000 30 42 86 255
16.826454 65.609863 37.500000 0.000000 0.000000 1.000000 30 42 86 255
7.661568 58.770508 37.500000 -0.418721 -0.569800 0.707107 30 42 86 255
16.559341 65.806152 37.500000 0.000000 0.000000 1.000000 30 42 86 255
25.457115 72.841797 37.500000 0.000000 0.000000 1.000000 30 42 86 255
7.394455 58.966797 37.500000 -0.418721 -0.569800 0.707107 30 42 86 255
16.292229 66.002441 37.500000 0.000000 0.000000 1.000000 30 42 86 255
25.190002 73.038086 37.500000 0.000000 0.000000 1.000000 30 42 86 255
16.025116 66.198730 37.500000 0.000000 0.000000 1.000000 30 42 86 255
42.262878 87.816406 37.500000 0.465591 0.532189 0.707107 30 42 86 255
33.726440 80.427246 37.500000 0.000000 0.000000 1.000000 30 42 86 255
33.097992 80.977051 37.500000 0.000000 0.000000 1.000000 30 42 86 255
24.561554 73.587891 37.500000 0.000000 0.000000 1.000000 30 42 86 255
44.131744 86.153320 37.500000 0.478965 0.520185 0.707107 30 42 86 255
36.812439 76.550293 37.500000 0.000000 0.000000 1.000000 30 42 86 255
29.493134 66.947266 37.500000 0.000000 0.000000 1.000000 30 42 86 255
44.743713 85.589844 37.500000 0.478965 0.520185 0.707107 30 42 86 255
37.424408 75.986816 37.500000 0.000000 0.000000 1.000000 30 42 86 255
30.105103 66.383789 37.500000 0.000000 0.000000 1.000000 30 42 86 255
38.036377 75.423340 37.500000 0.000000 0.000000 1.000000 30 42 86 255
46.546585 83.874512 37.500000 0.504029 0.495938 0.707107 30 42 86 255
38.615311 74.834961 37.500000 0.000000 0.000000 1.000000 30 42 86 255
30.684036 65.795410 37.500000 0.000000 0.000000 1.000000 30 42 86 255
47.125519 83.286133 37.500000 0.504029 0.495938 0.707107 30 42 86 255
39.194244 74.246582 37.500000 0.000000 0.000000 1.000000 30 42 86 255
31.262970 65.207031 37.500000 0.000000 0.000000 1.000000 30 42 86 255
39.773178 73.658203 37.500000 0.000000 0.000000 1.000000 30 42 86 255
14.479828 47.420898 37.500000 -0.682923 -0.183347 0.707107 30 42 86 255
22.871399 56.313965 37.500000 0.000000 0.000000 1.000000 30 42 86 255
22.990036 55.872070 37.500000 0.000000 0.000000 1.000000 30 42 86 255
31.381607 64.765137 37.500000 0.000000 0.000000 1.000000 30 42 86 255
31.500244 64.323242 37.500000 0.000000 0.000000 1.000000 30 42 86 255
39.891815 73.216309 37.500000 0.000000 0.000000 1.000000 30 42 86 255
32.559174 63.068359 37.500000 0.000000 0.000000 1.000000 30 42 86 255
32.029709 63.695801 37.500000 0.000000 0.000000 1.000000 30 42 86 255
40.950745 71.961426 37.500000 0.000000 0.000000 1.000000 30 42 86 255
40.421280 72.588867 37.500000 0.000000 0.000000 1.000000 30 42 86 255
49.342316 80.854492 37.500000 0.540410 0.456023 0.707107 30 42 86 255
48.812851 81.481934 37.500000 0.540410 0.456023 0.707107 30 42 86 255
50.872147 78.926758 37.500000 0.579323 0.405444 0.707107 30 42 86 255
41.951111 70.661133 37.500000 0.000000 0.000000 1.000000 30 42 86 255
33.030075 62.395508 37.500000 0.000000 0.000000 1.000000 30 42 86 255
51.343048 78.253906 37.500000 0.579323 0.405444 0.707107 30 42 86 255
42.422012 69.988281 37.500000 0.000000 0.000000 1.000000 30 42 86 255
33.500977 61.722656 37.500000 0.000000 0.000000 1.000000 30 42 86 255
42.892914 69.315430 37.500000 0.000000 0.000000 1.000000 30 42 86 255
52.709122 76.199219 37.500000 0.606762 0.363098 0.707107 30 42 86 255
43.317184 68.606445 37.500000 0.000000 0.000000 1.000000 30 42 86 255
33.925247 61.013672 37.500000 0.000000 0.000000 1.000000 30 42 86 255
53.133392 75.490234 37.500000 0.606762 0.363098 0.707107 30 42 86 255
43.741455 67.897461 37.500000 0.000000 0.000000 1.000000 30 42 86 255
34.349518 60.304688 37.500000 0.000000 0.000000 1.000000 30 42 86 255
44.165726 67.188477 37.500000 0.000000 0.000000 1.000000 30 42 86 255
14.873291 45.633789 37.500000 -0.696768 -0.120475 0.707107 30 42 86 255
24.611404 52.969238 37.500000 0.000000 0.000000 1.000000 30 42 86 255
24.689499 52.517578 37.500000 0.000000 0.000000 1.000000 30 42 86 255
34.427612 59.853027 37.500000 0.000000 0.000000 1.000000 30 42 86 255
34.505707 59.401367 37.500000 0.000000 0.000000 1.000000 30 42 86 255
44.243820 66.736816 37.500000 0.000000 0.000000 1.000000 30 42 86 255
54.752762 72.592773 37.500000 0.627098 0.326723 0.707107 30 42 86 255
45.014648 65.257324 37.500000 0.000000 0.000000 1.000000 30 42 86 255
35.276535 57.921875 37.500000 0.000000 0.000000 1.000000 30 42 86 255
55.523590 71.113281 37.500000 0.627098 0.326723 0.707107 30 42 86 255
45.785477 63.777832 37.500000 0.000000 0.000000 1.000000 30 42 86 255
36.047363 56.442383 37.500000 0.000000 0.000000 1.000000 30 42 86 255
46.556305 62.298340 37.500000 0.000000 0.000000 1.000000 30 42 86 255
57.690964 66.387207 37.500000 0.666553 0.236023 0.707107 30 42 86 255
47.182022 60.531250 37.500000 0.000000 0.000000 1.000000 30 42 86 255
36.673080 54.675293 37.500000 0.000000 0.000000 1.000000 30 42 86 255
58.316681 64.620117 37.500000 0.666553 0.236023 0.707107 30 42 86 255
47.807739 58.764160 37.500000 0.000000 0.000000 1.000000 30 42 86 255
37.298798 52.908203 37.500000 0.000000 0.000000 1.000000 30 42 86 255
48.433456 56.997070 37.500000 0.000000 0.000000 1.000000 30 42 86 255
15.123291 43.811523 37.500000 -0.703451 -0.071812 0.707107 30 42 86 255
26.211044 48.359863 37.500000 0.000000 0.000000 1.000000 30 42 86 255
26.257950 47.900391 37.500000 0.000000 0.000000 1.000000 30 42 86 255
37.345703 52.448730 37.500000 0.000000 0.000000 1.000000 30 42 86 255
37.392609 51.989258 37.500000 0.000000 0.000000 1.000000 30 42 86 255
48.480362 56.537598 37.500000 0.000000 0.000000 1.000000 30 42 86 255
59.834930 60.192871 37.500000 0.677516 0.202417 0.707107 30 42 86 255
48.747177 55.644531 37.500000 0.000000 0.000000 1.000000 30 42 86 255
37.659424 51.096191 37.500000 0.000000 0.000000 1.000000 30 42 86 255
60.101746 59.299805 37.500000 0.677516 0.202417 0.707107 30 42 86 255
49.013992 54.751465 37.500000 0.000000 0.000000 1.000000 30 42 86 255
37.926239 50.203125 37.500000 0.000000 0.000000 1.000000 30 42 86 255
49.280807 53.858398 37.500000 0.000000 0.000000 1.000000 30 42 86 255
38.349396 48.395508 37.500000 0.000000 0.000000 1.000000 30 42 86 255
38.137817 49.299316 37.500000 0.000000 0.000000 1.000000 30 42 86 255
49.703964 52.050781 37.500000 0.000000 0.000000 1.000000 30 42 86 255
49.492386 52.954590 37.500000 0.000000 0.000000 1.000000 30 42 86 255
61.058533 55.706055 37.500000 0.688493 0.161174 0.707107 30 42 86 255
60.846954 56.609863 37.500000 0.688493 0.161174 0.707107 30 42 86 255
61.627808 52.980957 37.500000 0.698306 0.111212 0.707107 30 42 86 255
50.061661 50.229492 37.500000 0.000000 0.000000 1.000000 30 42 86 255
38.495514 47.478027 37.500000 0.000000 0.000000 1.000000 30 42 86 255
61.773926 52.063477 37.500000 0.698306 0.111212 0.707107 30 42 86 255
50.207779 49.312012 37.500000 0.000000 0.000000 1.000000 30 42 86 255
38.641632 46.560547 37.500000 0.000000 0.000000 1.000000 30 42 86 255
50.353897 48.394531 37.500000 0.000000 0.000000 1.000000 30 42 86 255
62.160049 49.301758 37.500000 0.703506 0.071270 0.707107 30 42 86 255
50.447784 47.467773 37.500000 0.000000 0.000000 1.000000 30 42 86 255
38.735519 45.633789 37.500000 0.000000 0.000000 1.000000 30 42 86 255
62.253937 48.375000 37.500000 0.703506 0.071270 0.707107 30 42 86 255
50.541672 46.541016 37.500000 0.000000 0.000000 1.000000 30 42 86 255
38.829407 44.707031 37.500000 0.000000 0.000000 1.000000 30 42 86 255
50.635559 45.614258 37.500000 0.000000 0.000000 1.000000 30 42 86 255
15.300858 41.032227 37.500000 -0.706391 -0.031803 0.707107 30 42 86 255
27.065132 42.869629 37.500000 0.000000 0.000000 1.000000 30 42 86 255
27.107010 41.939453 37.500000 0.000000 0.000000 1.000000 30 42 86 255
38.871284 43.776855 37.500000 0.000000 0.000000 1.000000 30 42 86 255
38.913162 42.846680 37.500000 0.000000 0.000000 1.000000 30 42 86 255
50.677437 44.684082 37.500000 0.000000 0.000000 1.000000 30 42 86 255
39.114639 39.099609 37.500000 0.000000 0.000000 1.000000 30 42 86 255
39.013901 40.973145 37.500000 0.000000 0.000000 1.000000 30 42 86 255
50.878914 40.937012 37.500000 0.000000 0.000000 1.000000 30 42 86 255
50.778175 42.810547 37.500000 0.000000 0.000000 1.000000 30 42 86 255
62.643188 42.774414 37.500000 0.706087 0.037966 0.707107 30 42 86 255
62.542450 44.647949 37.500000 0.706087 0.037966 0.707107 30 42 86 255
62.688110 37.005371 37.500000 0.704997 -0.054586 0.707107 30 42 86 255
50.823097 37.041504 37.500000 0.000000 0.000000 1.000000 30 42 86 255
38.958084 37.077637 37.500000 0.000000 0.000000 1.000000 30 42 86 255
62.531555 34.983398 37.500000 0.704997 -0.054586 0.707107 30 42 86 255
50.666542 35.019531 37.500000 0.000000 0.000000 1.000000 30 42 86 255
38.801529 35.055664 37.500000 0.000000 0.000000 1.000000 30 42 86 255
50.509987 32.997559 37.500000 0.000000 0.000000 1.000000 30 42 86 255
62.113495 29.942383 37.500000 0.703222 -0.074020 0.707107 30 42 86 255
50.405037 32.000488 37.500000 0.000000 0.000000 1.000000 30 42 86 255
38.696579 34.058594 37.500000 0.000000 0.000000 1.000000 30 42 86 255
62.008545 28.945312 37.500000 0.703222 -0.074020 0.707107 30 42 86 255
50.300087 31.003418 37.500000 0.000000 0.000000 1.000000 30 42 86 255
38.591629 33.061523 37.500000 0.000000 0.000000 1.000000 30 42 86 255
50.195137 30.006348 37.500000 0.000000 0.000000 1.000000 30 42 86 255
15.099594 36.577148 37.500000 -0.702879 0.077208 0.707107 30 42 86 255
26.845612 34.819336 37.500000 0.000000 0.000000 1.000000 30 42 86 255
26.703102 33.521973 37.500000 0.000000 0.000000 1.000000 30 42 86 255
38.449120 31.764160 37.500000 0.000000 0.000000 1.000000 30 42 86 255
38.306610 30.466797 37.500000 0.000000 0.000000 1.000000 30 42 86 255
50.052628 28.708984 37.500000 0.000000 0.000000 1.000000 30 42 86 255
61.661697 25.971680 37.500000 0.700295 -0.097912 0.707107 30 42 86 255
49.915680 27.729492 37.500000 0.000000 0.000000 1.000000 30 42 86 255
38.169662 29.487305 37.500000 0.000000 0.000000 1.000000 30 42 86 255
61.524750 24.992188 37.500000 0.700295 -0.097912 0.707107 30 42 86 255
49.778732 26.750000 37.500000 0.000000 0.000000 1.000000 30 42 86 255
38.032715 28.507812 37.500000 0.000000 0.000000 1.000000 30 42 86 255
49.641785 25.770508 37.500000 0.000000 0.000000 1.000000 30 42 86 255
37.673431 26.596680 37.500000 0.000000 0.000000 1.000000 30 42 86 255
37.853073 27.552246 37.500000 0.000000 0.000000 1.000000 30 42 86 255
49.282501 23.859375 37.500000 0.000000 0.000000 1.000000 30 42 86 255
49.462143 24.814941 37.500000 0.000000 0.000000 1.000000 30 42 86 255
60.891571 21.122070 37.500000 0.694933 -0.130644 0.707107 30 42 86 255
61.071213 22.077637 37.500000 0.694933 -0.130644 0.707107 30 42 86 255
55.817688 6.500000 37.500000 0.605292 -0.365542 0.707107 30 42 86 255
56.491455 7.712891 37.500000 0.624263 -0.332106 0.707107 30 42 86 255
56.034851 6.908203 37.500000 0.000000 0.000000 1.000000 30 42 86 255
56.252014 7.316406 37.500000 0.000000 0.000000 1.000000 30 42 86 255
55.578247 6.103516 37.500000 0.605292 -0.365542 0.707107 30 42 86 255
55.795410 6.511719 37.500000 0.000000 0.000000 1.000000 30 42 86 255
56.012573 6.919922 37.500000 0.000000 0.000000 1.000000 30 42 86 255
55.555969 6.115234 37.500000 0.000000 0.000000 1.000000 30 42 86 255
57.317474 9.371094 37.500000 0.641102 -0.298309 0.707107 30 42 86 255
56.665024 8.145508 37.500000 0.000000 0.000000 1.000000 30 42 86 255
56.860870 8.566406 37.500000 0.000000 0.000000 1.000000 30 42 86 255
56.208420 7.340820 37.500000 0.000000 0.000000 1.000000 30 42 86 255
56.404266 7.761719 37.500000 0.000000 0.000000 1.000000 30 42 86 255
55.751816 6.536133 37.500000 0.000000 0.000000 1.000000 30 42 86 255
54.838654 4.925781 37.500000 0.585382 -0.396646 0.707107 30 42 86 255
55.491104 6.151367 37.500000 0.000000 0.000000 1.000000 30 42 86 255
56.143555 7.376953 37.500000 0.000000 0.000000 1.000000 30 42 86 255
54.577942 4.541016 37.500000 0.585382 -0.396646 0.707107 30 42 86 255
55.230392 5.766602 37.500000 0.000000 0.000000 1.000000 30 42 86 255
55.882843 6.992188 37.500000 0.000000 0.000000 1.000000 30 42 86 255
54.969681 5.381836 37.500000 0.000000 0.000000 1.000000 30 42 86 255
58.060822 11.074219 37.500000 0.654649 -0.267273 0.707106 30 42 86 255
56.971832 9.033203 37.500000 0.000000 0.000000 1.000000 30 42 86 255
57.147659 9.463867 37.500000 0.000000 0.000000 1.000000 30 42 86 255
56.058670 7.422852 37.500000 0.000000 0.000000 1.000000 30 42 86 255
56.234497 7.853516 37.500000 0.000000 0.000000 1.000000 30 42 86 255
55.145508 5.812500 37.500000 0.000000 0.000000 1.000000 30 42 86 255
55.673523 7.105469 37.500000 0.000000 0.000000 1.000000 30 42 86 255
55.954010 7.479492 37.500000 0.000000 0.000000 1.000000 30 42 86 255
54.584534 5.064453 37.500000 0.000000 0.000000 1.000000 30 42 86 255
54.865021 5.438477 37.500000 0.000000 0.000000 1.000000 30 42 86 255
53.495544 3.023438 37.500000 0.565707 -0.424234 0.707107 30 42 86 255
53.776031 3.397461 37.500000 0.565707 -0.424234 0.707107 30 42 86 255
52.320389 1.556152 37.500000 0.537727 -0.459183 0.707107 30 42 86 255
53.689865 3.971191 37.500000 0.000000 0.000000 1.000000 30 42 86 255
55.059341 6.386230 37.500000 0.000000 0.000000 1.000000 30 42 86 255
51.706207 0.836914 37.500000 0.537727 -0.459183 0.707107 30 42 86 255
53.075684 3.251953 37.500000 0.000000 0.000000 1.000000 30 42 86 255
54.445160 5.666992 37.500000 0.000000 0.000000 1.000000 30 42 86 255
52.461502 2.532715 37.500000 0.000000 0.000000 1.000000 30 42 86 255
49.802841 -1.287598 37.500000 0.504036 -0.495931 0.707107 30 42 86 255
51.786499 1.846680 37.500000 0.000000 0.000000 1.000000 30 42 86 255
53.770157 4.980957 37.500000 0.000000 0.000000 1.000000 30 42 86 255
49.127838 -1.973633 37.500000 0.504036 -0.495931 0.707107 30 42 86 255
51.111496 1.160645 37.500000 0.000000 0.000000 1.000000 30 42 86 255
53.095154 4.294922 37.500000 0.000000 0.000000 1.000000 30 42 86 255
50.436493 0.474609 37.500000 0.000000 0.000000 1.000000 30 42 86 255
55.030151 7.456055 37.500000 0.000000 0.000000 1.000000 30 42 86 255
51.647827 2.976562 37.500000 0.000000 0.000000 1.000000 30 42 86 255
52.371490 3.635742 37.500000 0.000000 0.000000 1.000000 30 42 86 255
48.989166 -0.843750 37.500000 0.000000 0.000000 1.000000 30 42 86 255
49.712830 -0.184570 37.500000 0.000000 0.000000 1.000000 30 42 86 255
46.330505 -4.664062 37.500000 0.476167 -0.522748 0.707107 30 42 86 255
47.054169 -4.004883 37.500000 0.476167 -0.522748 0.707107 30 42 86 255
60.299316 18.284668 37.500000 0.685749 -0.172477 0.707107 30 42 86 255
48.869888 21.977539 37.500000 0.000000 0.000000 1.000000 30 42 86 255
37.440460 25.670410 37.500000 0.000000 0.000000 1.000000 30 42 86 255
60.066345 17.358398 37.500000 0.685749 -0.172477 0.707107 30 42 86 255
48.636917 21.051270 37.500000 0.000000 0.000000 1.000000 30 42 86 255
37.207489 24.744141 37.500000 0.000000 0.000000 1.000000 30 42 86 255
48.403946 20.125000 37.500000 0.000000 0.000000 1.000000 30 42 86 255
59.303421 14.613281 37.500000 0.670943 -0.223239 0.707107 30 42 86 255
48.106964 19.232422 37.500000 0.000000 0.000000 1.000000 30 42 86 255
36.910507 23.851562 37.500000 0.000000 0.000000 1.000000 30 42 86 255
59.006439 13.720703 37.500000 0.670943 -0.223239 0.707107 30 42 86 255
47.809982 18.339844 37.500000 0.000000 0.000000 1.000000 30 42 86 255
36.613525 22.958984 37.500000 0.000000 0.000000 1.000000 30 42 86 255
47.513000 17.447266 37.500000 0.000000 0.000000 1.000000 30 42 86 255
14.629425 32.724609 37.500000 -0.699568 0.102977 0.707107 30 42 86 255
25.621475 27.841797 37.500000 0.000000 0.000000 1.000000 30 42 86 255
25.528900 27.212891 37.500000 0.000000 0.000000 1.000000 30 42 86 255
36.520950 22.330078 37.500000 0.000000 0.000000 1.000000 30 42 86 255
36.428375 21.701172 37.500000 0.000000 0.000000 1.000000 30 42 86 255
47.420425 16.818359 37.500000 0.000000 0.000000 1.000000 30 42 86 255
14.207870 30.255859 37.500000 -0.694005 0.135487 0.707107 30 42 86 255
25.318123 25.978516 37.500000 0.000000 0.000000 1.000000 30 42 86 255
25.199921 25.373047 37.500000 0.000000 0.000000 1.000000 30 42 86 255
36.310173 21.095703 37.500000 0.000000 0.000000 1.000000 30 42 86 255
36.191971 20.490234 37.500000 0.000000 0.000000 1.000000 30 42 86 255
47.302223 16.212891 37.500000 0.000000 0.000000 1.000000 30 42 86 255
13.666809 27.898438 37.500000 -0.683390 0.181598 0.707107 30 42 86 255
24.929390 24.194336 37.500000 0.000000 0.000000 1.000000 30 42 86 255
24.777061 23.621094 37.500000 0.000000 0.000000 1.000000 30 42 86 255
36.039642 19.916992 37.500000 0.000000 0.000000 1.000000 30 42 86 255
35.887314 19.343750 37.500000 0.000000 0.000000 1.000000 30 42 86 255
47.149895 15.639648 37.500000 0.000000 0.000000 1.000000 30 42 86 255
12.972122 25.683594 37.500000 -0.664227 0.242492 0.707107 30 42 86 255
24.429718 22.513672 37.500000 0.000000 0.000000 1.000000 30 42 86 255
24.234703 21.979492 37.500000 0.000000 0.000000 1.000000 30 42 86 255
35.692299 18.809570 37.500000 0.000000 0.000000 1.000000 30 42 86 255
35.497284 18.275391 37.500000 0.000000 0.000000 1.000000 30 42 86 255
46.954880 15.105469 37.500000 0.000000 0.000000 1.000000 30 42 86 255
12.089645 23.644531 37.500000 -0.630601 0.319910 0.707107 30 42 86 255
23.793465 20.959961 37.500000 0.000000 0.000000 1.000000 30 42 86 255
23.547241 20.474609 37.500000 0.000000 0.000000 1.000000 30 42 86 255
35.251060 17.790039 37.500000 0.000000 0.000000 1.000000 30 42 86 255
35.004837 17.304688 37.500000 0.000000 0.000000 1.000000 30 42 86 255
46.708656 14.620117 37.500000 0.000000 0.000000 1.000000 30 42 86 255
11.307220 22.227539 37.500000 -0.592936 0.385262 0.707107 30 42 86 255
23.156029 19.766113 37.500000 0.000000 0.000000 1.000000 30 42 86 255
23.011040 19.542969 37.500000 0.000000 0.000000 1.000000 30 42 86 255
34.859848 17.081543 37.500000 0.000000 0.000000 1.000000 30 42 86 255
34.714859 16.858398 37.500000 0.000000 0.000000 1.000000 30 42 86 255
46.563667 14.396973 37.500000 0.000000 0.000000 1.000000 30 42 86 255
10.695267 21.366211 37.500000 -0.558699 0.433423 0.707107 30 42 86 255
22.705063 19.112305 37.500000 0.000000 0.000000 1.000000 30 42 86 255
22.544075 18.904785 37.500000 0.000000 0.000000 1.000000 30 42 86 255
34.553871 16.650879 37.500000 0.000000 0.000000 1.000000 30 42 86 255
34.392883 16.443359 37.500000 0.000000 0.000000 1.000000 30 42 86 255
46.402679 14.189453 37.500000 0.000000 0.000000 1.000000 30 42 86 255
10.017181 20.566406 37.500000 -0.518952 0.480302 0.707106 30 42 86 255
22.205032 18.504883 37.500000 0.000000 0.000000 1.000000 30 42 86 255
22.026978 18.312500 37.500000 0.000000 0.000000 1.000000 30 42 86 255
34.214828 16.250977 37.500000 0.000000 0.000000 1.000000 30 42 86 255
34.036774 16.058594 37.500000 0.000000 0.000000 1.000000 30 42 86 255
46.224625 13.997070 37.500000 0.000000 0.000000 1.000000 30 42 86 255
9.270050 19.830078 37.500000 -0.472764 0.525827 0.707107 30 42 86 255
21.653412 17.944336 37.500000 0.000000 0.000000 1.000000 30 42 86 255
21.457901 17.768555 37.500000 0.000000 0.000000 1.000000 30 42 86 255
33.841263 15.882812 37.500000 0.000000 0.000000 1.000000 30 42 86 255
33.645752 15.707031 37.500000 0.000000 0.000000 1.000000 30 42 86 255
46.029114 13.821289 37.500000 0.000000 0.000000 1.000000 30 42 86 255
8.000610 18.866211 37.500000 -0.404351 0.580086 0.707107 30 42 86 255
20.823181 17.286621 37.500000 0.000000 0.000000 1.000000 30 42 86 255
20.383972 16.980469 37.500000 0.000000 0.000000 1.000000 30 42 86 255
33.206543 15.400879 37.500000 0.000000 0.000000 1.000000 30 42 86 255
32.767334 15.094727 37.500000 0.000000 0.000000 1.000000 30 42 86 255
45.589905 13.515137 37.500000 0.000000 0.000000 1.000000 30 42 86 255
6.130890 17.746094 37.500000 -0.322389 0.629337 0.707107 30 42 86 255
19.449112 16.420410 37.500000 0.000000 0.000000 1.000000 30 42 86 255
18.953461 16.166504 37.500000 0.000000 0.000000 1.000000 30 42 86 255
32.271683 14.840820 37.500000 0.000000 0.000000 1.000000 30 42 86 255
31.776031 14.586914 37.500000 0.000000 0.000000 1.000000 30 42 86 255
45.094254 13.261230 37.500000 0.000000 0.000000 1.000000 30 42 86 255
4.054291 16.817383 37.500000 -0.255675 0.659265 0.707107 30 42 86 255
17.915161 15.702148 37.500000 0.000000 0.000000 1.000000 30 42 86 255
17.372513 15.491699 37.500000 0.000000 0.000000 1.000000 30 42 86 255
31.233383 14.376465 37.500000 0.000000 0.000000 1.000000 30 42 86 255
30.690735 14.166016 37.500000 0.000000 0.000000 1.000000 30 42 86 255
44.551605 13.050781 37.500000 0.000000 0.000000 1.000000 30 42 86 255
1.808472 16.044922 37.500000 -0.205007 0.676737 0.707107 30 42 86 255
16.249603 15.105469 37.500000 0.000000 0.000000 1.000000 30 42 86 255
15.669342 14.929688 37.500000 0.000000 0.000000 1.000000 30 42 86 255
30.110474 13.990234 37.500000 0.000000 0.000000 1.000000 30 42 86 255
29.530212 13.814453 37.500000 0.000000 0.000000 1.000000 30 42 86 255
43.971344 12.875000 37.500000 0.000000 0.000000 1.000000 30 42 86 255
-0.569016 15.395508 37.500000 -0.168103 0.686835 0.707106 30 42 86 255
14.480598 14.604980 37.500000 0.000000 0.000000 1.000000 30 42 86 255
13.872116 14.456055 37.500000 0.000000 0.000000 1.000000 30 42 86 255
28.921730 13.665527 37.500000 0.000000 0.000000 1.000000 30 42 86 255
28.313248 13.516602 37.500000 0.000000 0.000000 1.000000 30 42 86 255
43.362862 12.726074 37.500000 0.000000 0.000000 1.000000 30 42 86 255
-4.313919 14.588867 37.500000 -0.139519 0.693205 0.707107 30 42 86 255
11.999664 14.052734 37.500000 0.000000 0.000000 1.000000 30 42 86 255
10.735695 13.798340 37.500000 0.000000 0.000000 1.000000 30 42 86 255
27.049278 13.262207 37.500000 0.000000 0.000000 1.000000 30 42 86 255
25.785309 13.007812 37.500000 0.000000 0.000000 1.000000 30 42 86 255
42.098892 12.471680 37.500000 0.000000 0.000000 1.000000 30 42 86 255
-14.741684 14.080078 37.500000 0.000000 0.707104 0.707109 30 42 86 255
5.521812 13.543945 37.500000 0.000000 0.000000 1.000000 30 42 86 255
1.571899 13.543945 37.500000 0.000000 0.000000 1.000000 30 42 86 255
21.835396 13.007812 37.500000 0.000000 0.000000 1.000000 30 42 86 255
17.885483 13.007812 37.500000 0.000000 0.000000 1.000000 30 42 86 255
38.148979 12.471680 37.500000 0.000000 0.000000 1.000000 30 42 86 255
34.766655 7.992188 37.500000 0.000000 0.000000 1.000000 30 42 86 255
14.503159 8.528320 37.500000 0.000000 0.000000 1.000000 30 42 86 255
31.384331 3.512695 37.500000 0.000000 0.000000 1.000000 30 42 86 255
11.120834 4.048828 37.500000 0.000000 0.000000 1.000000 30 42 86 255
28.002007 -0.966797 37.500000 0.000000 0.000000 1.000000 30 42 86 255
9.600510 2.769531 37.500000 0.000000 0.000000 1.000000 30 42 86 255
10.360672 3.409180 37.500000 0.000000 0.000000 1.000000 30 42 86 255
26.481682 -2.246094 37.500000 0.000000 0.000000 1.000000 30 42 86 255
27.241844 -1.606445 37.500000 0.000000 0.000000 1.000000 30 42 86 255
43.362854 -7.261719 37.500000 0.455269 -0.541045 0.707107 30 42 86 255
44.123016 -6.622070 37.500000 0.455269 -0.541045 0.707107 30 42 86 255
58.320480 -100.000000 37.500000 0.000000 -0.707107 0.707107 30 42 86 255
53.390350 -56.761719 37.500000 0.653482 0.270114 0.707107 30 42 86 255
49.384308 -78.380859 37.500000 0.000000 0.000000 1.000000 30 42 86 255
40.448135 -56.761719 37.500000 0.000000 0.000000 1.000000 30 42 86 255
45.378265 -100.000000 37.500000 0.000000 -0.707107 0.707107 30 42 86 255
36.442093 -78.380859 37.500000 0.000000 0.000000 1.000000 30 42 86 255
27.505920 -56.761719 37.500000 0.000000 0.000000 1.000000 30 42 86 255
23.499878 -78.380859 37.500000 0.000000 0.000000 1.000000 30 42 86 255
25.012505 -15.948242 37.500000 0.000000 0.000000 1.000000 30 42 86 255
14.507004 -18.373047 37.500000 0.000000 0.000000 1.000000 30 42 86 255
21.006462 -37.567383 37.500000 0.000000 0.000000 1.000000 30 42 86 255
10.500961 -39.992188 37.500000 0.000000 0.000000 1.000000 30 42 86 255
17.000420 -59.186523 37.500000 0.000000 0.000000 1.000000 30 42 86 255
6.494919 -61.611328 37.500000 -0.669752 -0.226787 0.707107 30 42 86 255
12.994377 -80.805664 37.500000 -0.669752 -0.226787 0.707107 30 42 86 255
40.261398 -9.786621 37.500000 0.437580 -0.555449 0.707107 30 42 86 255
24.140388 -4.131348 37.500000 0.000000 0.000000 1.000000 30 42 86 255
8.019379 1.523926 37.500000 0.000000 0.000000 1.000000 30 42 86 255
38.680267 -11.032227 37.500000 0.437580 -0.555449 0.707107 30 42 86 255
22.559258 -5.376953 37.500000 0.000000 0.000000 1.000000 30 42 86 255
6.438248 0.278320 37.500000 0.000000 0.000000 1.000000 30 42 86 255
20.978127 -6.622559 37.500000 0.000000 0.000000 1.000000 30 42 86 255
10.472626 -9.047363 37.500000 0.000000 0.000000 1.000000 30 42 86 255
-4.067253 -2.146484 37.500000 0.000000 0.000000 1.000000 30 42 86 255
-0.032875 -11.472168 37.500000 0.000000 0.000000 1.000000 30 42 86 255
-14.572754 -4.571289 37.500000 0.000000 0.000000 1.000000 30 42 86 255
-10.538376 -13.896973 37.500000 0.000000 0.000000 1.000000 30 42 86 255
-22.641510 4.754395 37.500000 0.000000 0.000000 1.000000 30 42 86 255
-22.641510 -4.571289 37.500000 0.000000 0.000000 1.000000 30 42 86 255
-18.607132 -4.571289 37.500000 0.000000 0.000000 1.000000 30 42 86 255
-18.607132 -13.896973 37.500000 0.000000 0.000000 1.000000 30 42 86 255
-14.572754 -13.896973 37.500000 0.000000 0.000000 1.000000 30 42 86 255
-14.572754 -23.222656 37.500000 0.000000 -0.707107 0.707107 30 42 86 255
-10.538376 -23.222656 37.500000 0.000000 -0.707107 0.707107 30 42 86 255
-34.796806 -14.439941 37.500000 0.000000 0.000000 1.000000 30 42 86 255
-46.952103 -42.959961 37.500000 0.000000 0.000000 1.000000 30 42 86 255
-34.796806 -23.765625 37.500000 0.000000 0.000000 1.000000 30 42 86 255
-46.952103 -52.285645 37.500000 0.000000 0.000000 1.000000 30 42 86 255
-34.796806 -33.091309 37.500000 0.000000 0.000000 1.000000 30 42 86 255
-46.952103 -61.611328 37.500000 0.000000 0.000000 1.000000 30 42 86 255
-34.796806 -42.416992 37.500000 0.000000 0.000000 1.000000 30 42 86 255
-46.952103 -100.000000 37.500000 0.000000 -0.707107 0.707107 30 42 86 255
-46.952103 -80.805664 37.500000 0.000000 0.000000 1.000000 30 42 86 255
-34.796806 -80.805664 37.500000 0.000000 0.000000 1.000000 30 42 86 255
-34.796806 -61.611328 37.500000 0.000000 0.000000 1.000000 30 42 86 255
-22.641510 -61.611328 37.500000 0.707107 0.000000 0.707107 30 42 86 255
-22.641510 -42.416992 37.500000 0.707107 0.000000 0.707107 30 42 86 255
-6.041519 62.656738 37.500000 -0.011943 -0.707006 0.707107 30 42 86 255
-6.558899 71.996094 37.500000 0.000000 0.000000 1.000000 30 42 86 255
-7.076279 81.335449 37.500000 0.000000 0.000000 1.000000 30 42 86 255
-6.879791 62.670898 37.500000 -0.011943 -0.707006 0.707107 30 42 86 255
-7.397171 72.010254 37.500000 0.000000 0.000000 1.000000 30 42 86 255
-7.914551 81.349609 37.500000 0.000000 0.000000 1.000000 30 42 86 255
-8.235443 72.024414 37.500000 0.000000 0.000000 1.000000 30 42 86 255
-12.077629 62.699219 37.500000 0.000000 -0.707107 0.707107 30 42 86 255
-11.756737 72.024414 37.500000 0.000000 0.000000 1.000000 30 42 86 255
-11.435844 81.349609 37.500000 0.000000 0.000000 1.000000 30 42 86 255
-15.598923 62.699219 37.500000 0.000000 -0.707107 0.707107 30 42 86 255
-15.278030 72.024414 37.500000 0.000000 0.000000 1.000000 30 42 86 255
-14.957138 81.349609 37.500000 0.000000 0.000000 1.000000 30 42 86 255
-18.799324 72.024414 37.500000 0.000000 0.000000 1.000000 30 42 86 255
-39.267731 100.000000 37.500000 0.000000 0.707107 0.707107 30 42 86 255
-27.112434 90.674805 37.500000 0.000000 0.000000 1.000000 30 42 86 255
-43.109917 90.674805 37.500000 0.000000 0.000000 1.000000 30 42 86 255
-30.954620 81.349609 37.500000 0.000000 0.000000 1.000000 30 42 86 255
-46.952103 81.349609 37.500000 0.000000 0.000000 1.000000 30 42 86 255
-34.796806 72.024414 37.500000 0.000000 0.000000 1.000000 30 42 86 255
-22.641510 50.544434 37.500000 0.707107 0.000000 0.707107 30 42 86 255
-34.796806 59.869629 37.500000 0.000000 0.000000 1.000000 30 42 86 255
-46.952103 69.194824 37.500000 0.000000 0.000000 1.000000 30 42 86 255
-22.641510 38.389648 37.500000 0.707107 0.000000 0.707107 30 42 86 255
-34.796806 47.714844 37.500000 0.000000 0.000000 1.000000 30 42 86 255
-46.952103 57.040039 37.500000 0.000000 0.000000 1.000000 30 42 86 255
-34.796806 35.560059 37.500000 0.000000 0.000000 1.000000 30 42 86 255
-71.262695 0.000000 37.500000 -0.707107 0.000000 0.707107 30 42 86 255
-59.107399 28.520020 37.500000 0.000000 0.000000 1.000000 30 42 86 255
-59.107399 -21.479980 37.500000 0.000000 0.000000 1.000000 30 42 86 255
-46.952103 7.040039 37.500000 0.000000 0.000000 1.000000 30 42 86 255
-71.262695 -100.000000 18.750000 -0.707107 -0.707107 0.000000 30 42 86 255
-71.262695 -50.000000 18.750000 -1.000000 0.000000 0.000000 30 42 86 255
-71.262695 0.000000 18.750000 -1.000000 0.000000 0.000000 30 42 86 255
-71.262695 -100.000000 0.000000 -0.707107 -0.707107 0.000000 30 42 86 255
-71.262695 -50.000000 0.000000 -1.000000 0.000000 0.000000 30 42 86 255
-71.262695 0.000000 0.000000 -1.000000 0.000000 0.000000 30 42 86 255
-71.262695 -50.000000 -18.750000 -1.000000 0.000000 0.000000 30 42 86 255
-71.262695 100.000000 18.750000 -0.707107 0.707107 0.000000 30 42 86 255
-71.262695 100.000000 0.000000 -0.707107 0.707107 0.000000 30 42 86 255
-71.262695 50.000000 0.000000 -1.000000 0.000000 0.000000 30 42 86 255
-71.262695 50.000000 -18.750000 -1.000000 0.000000 0.000000 30 42 86 255
-71.262695 0.000000 -18.750000 -1.000000 0.000000 0.000000 30 42 86 255
-22.641510 -100.000000 18.750000 0.707107 -0.707107 0.000000 30 42 86 255
-34.796806 -100.000000 18.750000 0.000000 -1.000000 0.000000 30 42 86 255
-46.952103 -100.000000 18.750000 0.000000 -1.000000 0.000000 30 42 86 255
-22.641510 -100.000000 0.000000 0.707107 -0.707107 0.000000 30 42 86 255
-34.796806 -100.000000 0.000000 0.000000 -1.000000 0.000000 30 42 86 255
-46.952103 -100.000000 0.000000 0.000000 -1.000000 0.000000 30 42 86 255
-34.796806 -100.000000 -18.750000 0.000000 -1.000000 0.000000 30 42 86 255
-59.107399 -100.000000 0.000000 0.000000 -1.000000 0.000000 30 42 86 255
-59.107399 -100.000000 -18.750000 0.000000 -1.000000 0.000000 30 42 86 255
-46.952103 -100.000000 -18.750000 0.000000 -1.000000 0.000000 30 42 86 255
-22.641510 -23.222656 18.750000 0.707107 -0.707107 0.000000 30 42 86 255
-22.641510 -42.416992 18.750000 1.000000 0.000000 0.000000 30 42 86 255
-22.641510 -61.611328 18.750000 1.000000 0.000000 0.000000 30 42 86 255
-22.641510 -23.222656 0.000000 0.707107 -0.707107 0.000000 30 42 86 255
-22.641510 -42.416992 0.000000 1.000000 0.000000 0.000000 30 42 86 255
-22.641510 -61.611328 0.000000 1.000000 0.000000 0.000000 30 42 86 255
-22.641510 -42.416992 -18.750000 1.000000 0.000000 0.000000 30 42 86 255
-22.641510 -80.805664 0.000000 1.000000 0.000000 0.000000 30 42 86 255
-22.641510 -80.805664 -18.750000 1.000000 0.000000 0.000000 30 42 86 255
-22.641510 -61.611328 -18.750000 1.000000 0.000000 0.000000 30 42 86 255
-6.503998 -23.222656 18.750000 -0.582784 -0.812627 0.000000 30 42 86 255
-10.538376 -23.222656 18.750000 0.000000 -1.000000 0.000000 30 42 86 255
-14.572754 -23.222656 18.750000 0.000000 -1.000000 0.000000 30 42 86 255
-6.503998 -23.222656 0.000000 -0.582784 -0.812627 0.000000 30 42 86 255
-10.538376 -23.222656 0.000000 0.000000 -1.000000 0.000000 30 42 86 255
-14.572754 -23.222656 0.000000 0.000000 -1.000000 0.000000 30 42 86 255
-10.538376 -23.222656 -18.750000 0.000000 -1.000000 0.000000 30 42 86 255
-18.607132 -23.222656 0.000000 0.000000 -1.000000 0.000000 30 42 86 255
-18.607132 -23.222656 -18.750000 0.000000 -1.000000 0.000000 30 42 86 255
-14.572754 -23.222656 -18.750000 0.000000 -1.000000 0.000000 30 42 86 255
19.493835 -100.000000 18.750000 -0.582784 -0.812627 0.000000 30 42 86 255
12.994377 -80.805664 18.750000 -0.947172 -0.320725 0.000000 30 42 86 255
6.494919 -61.611328 18.750000 -0.947172 -0.320725 0.000000 30 42 86 255
19.493835 -100.000000 0.000000 -0.582784 -0.812627 0.000000 30 42 86 255
12.994377 -80.805664 0.000000 -0.947172 -0.320725 0.000000 30 42 86 255
6.494919 -61.611328 0.000000 -0.947172 -0.320725 0.000000 30 42 86 255
12.994377 -80.805664 -18.750000 -0.947172 -0.320725 0.000000 30 42 86 255
-0.004539 -42.416992 0.000000 -0.947172 -0.320725 0.000000 30 42 86 255
-0.004539 -42.416992 -18.750000 -0.947172 -0.320725 0.000000 30 42 86 255
6.494919 -61.611328 -18.750000 -0.947172 -0.320725 0.000000 30 42 86 255
71.262695 -100.000000 18.750000 0.831264 -0.555878 0.000000 30 42 86 255
58.320480 -100.000000 18.750000 0.000000 -1.000000 0.000000 30 42 86 255
45.378265 -100.000000 18.750000 0.000000 -1.000000 0.000000 30 42 86 255
71.262695 -100.000000 0.000000 0.831264 -0.555878 0.000000 30 42 86 255
58.320480 -100.000000 0.000000 0.000000 -1.000000 0.000000 30 42 86 255
45.378265 -100.000000 0.000000 0.000000 -1.000000 0.000000 30 42 86 255
58.320480 -100.000000 -18.750000 0.000000 -1.000000 0.000000 30 42 86 255
32.436050 -100.000000 0.000000 0.000000 -1.000000 0.000000 30 42 86 255
32.436050 -100.000000 -18.750000 0.000000 -1.000000 0.000000 30 42 86 255
45.378265 -100.000000 -18.750000 0.000000 -1.000000 0.000000 30 42 86 255
35.518005 -13.523438 18.750000 0.967463 -0.253012 0.000000 30 42 86 255
44.454178 -35.142578 18.750000 0.924163 0.381999 0.000000 30 42 86 255
53.390350 -56.761719 18.750000 0.924163 0.381999 0.000000 30 42 86 255
35.518005 -13.523438 0.000000 0.967463 -0.253012 0.000000 30 42 86 255
44.454178 -35.142578 0.000000 0.924163 0.381999 0.000000 30 42 86 255
53.390350 -56.761719 0.000000 0.924163 0.381999 0.000000 30 42 86 255
44.454178 -35.142578 -18.750000 0.924163 0.381999 0.000000 30 42 86 255
62.326523 -78.380859 0.000000 0.924163 0.381999 0.000000 30 42 86 255
62.326523 -78.380859 -18.750000 0.924163 0.381999 0.000000 30 42 86 255
53.390350 -56.761719 -18.750000 0.924163 0.381999 0.000000 30 42 86 255
62.844666 39.027344 18.750000 0.999931 -0.011777 0.000000 30 42 86 255
62.688110 37.005371 18.750000 0.997016 -0.077196 0.000000 30 42 86 255
62.531555 34.983398 18.750000 0.997016 -0.077196 0.000000 30 42 86 255
62.844666 39.027344 0.000000 0.999931 -0.011777 0.000000 30 42 86 255
62.688110 37.005371 0.000000 0.997016 -0.077196 0.000000 30 42 86 255
62.531555 34.983398 0.000000 0.997016 -0.077196 0.000000 30 42 86 255
62.688110 37.005371 -18.750000 0.997016 -0.077196 0.000000 30 42 86 255
62.531555 34.983398 -18.750000 0.997016 -0.077196 0.000000 30 42 86 255
62.375000 32.961426 0.000000 0.997016 -0.077196 0.000000 30 42 86 255
62.375000 32.961426 -18.750000 0.997016 -0.077196 0.000000 30 42 86 255
62.218445 30.939453 0.000000 0.995856 -0.090947 0.000000 30 42 86 255
62.218445 30.939453 -18.750000 0.995856 -0.090947 0.000000 30 42 86 255
62.113495 29.942383 18.750000 0.994506 -0.104680 0.000000 30 42 86 255
62.008545 28.945312 18.750000 0.994506 -0.104680 0.000000 30 42 86 255
62.113495 29.942383 0.000000 0.994506 -0.104680 0.000000 30 42 86 255
62.008545 28.945312 0.000000 0.994506 -0.104680 0.000000 30 42 86 255
62.113495 29.942383 -18.750000 0.994506 -0.104680 0.000000 30 42 86 255
62.008545 28.945312 -18.750000 0.994506 -0.104680 0.000000 30 42 86 255
61.903595 27.948242 0.000000 0.994506 -0.104680 0.000000 30 42 86 255
61.903595 27.948242 -18.750000 0.994506 -0.104680 0.000000 30 42 86 255
61.798645 26.951172 0.000000 0.992580 -0.121592 0.000000 30 42 86 255
61.798645 26.951172 -18.750000 0.992580 -0.121592 0.000000 30 42 86 255
61.661697 25.971680 18.750000 0.990367 -0.138468 0.000000 30 42 86 255
61.524750 24.992188 18.750000 0.990367 -0.138468 0.000000 30 42 86 255
61.661697 25.971680 0.000000 0.990367 -0.138468 0.000000 30 42 86 255
61.524750 24.992188 0.000000 0.990367 -0.138468 0.000000 30 42 86 255
61.661697 25.971680 -18.750000 0.990367 -0.138468 0.000000 30 42 86 255
61.524750 24.992188 -18.750000 0.990367 -0.138468 0.000000 30 42 86 255
61.387802 24.012695 0.000000 0.990367 -0.138468 0.000000 30 42 86 255
61.387802 24.012695 -18.750000 0.990367 -0.138468 0.000000 30 42 86 255
61.250854 23.033203 0.000000 0.986847 -0.161658 0.000000 30 42 86 255
61.250854 23.033203 -18.750000 0.986847 -0.161658 0.000000 30 42 86 255
61.071213 22.077637 18.750000 0.982784 -0.184759 0.000000 30 42 86 255
60.891571 21.122070 18.750000 0.982784 -0.184759 0.000000 30 42 86 255
61.071213 22.077637 0.000000 0.982784 -0.184759 0.000000 30 42 86 255
60.891571 21.122070 0.000000 0.982784 -0.184759 0.000000 30 42 86 255
61.071213 22.077637 -18.750000 0.982784 -0.184759 0.000000 30 42 86 255
60.891571 21.122070 -18.750000 0.982784 -0.184759 0.000000 30 42 86 255
60.711929 20.166504 0.000000 0.982784 -0.184759 0.000000 30 42 86 255
60.711929 20.166504 -18.750000 0.982784 -0.184759 0.000000 30 42 86 255
60.532288 19.210938 0.000000 0.976738 -0.214437 0.000000 30 42 86 255
60.532288 19.210938 -18.750000 0.976738 -0.214437 0.000000 30 42 86 255
60.299316 18.284668 18.750000 0.969796 -0.243919 0.000000 30 42 86 255
60.066345 17.358398 18.750000 0.969796 -0.243919 0.000000 30 42 86 255
60.299316 18.284668 0.000000 0.969796 -0.243919 0.000000 30 42 86 255
60.066345 17.358398 0.000000 0.969796 -0.243919 0.000000 30 42 86 255
60.299316 18.284668 -18.750000 0.969796 -0.243919 0.000000 30 42 86 255
60.066345 17.358398 -18.750000 0.969796 -0.243919 0.000000 30 42 86 255
59.833374 16.432129 0.000000 0.969796 -0.243919 0.000000 30 42 86 255
59.833374 16.432129 -18.750000 0.969796 -0.243919 0.000000 30 42 86 255
59.600403 15.505859 0.000000 0.959997 -0.280009 0.000000 30 42 86 255
59.600403 15.505859 -18.750000 0.959997 -0.280009 0.000000 30 42 86 255
59.303421 14.613281 18.750000 0.948857 -0.315707 0.000000 30 42 86 255
59.006439 13.720703 18.750000 0.948857 -0.315707 0.000000 30 42 86 255
59.303421 14.613281 0.000000 0.948857 -0.315707 0.000000 30 42 86 255
59.006439 13.720703 0.000000 0.948857 -0.315707 0.000000 30 42 86 255
59.303421 14.613281 -18.750000 0.948857 -0.315707 0.000000 30 42 86 255
59.006439 13.720703 -18.750000 0.948857 -0.315707 0.000000 30 42 86 255
58.709457 12.828125 0.000000 0.948857 -0.315707 0.000000 30 42 86 255
58.709457 12.828125 -18.750000 0.948857 -0.315707 0.000000 30 42 86 255
58.412476 11.935547 0.000000 0.937852 -0.347035 0.000000 30 42 86 255
58.412476 11.935547 -18.750000 0.937852 -0.347035 0.000000 30 42 86 255
58.236649 11.504883 18.750000 0.925813 -0.377981 0.000000 30 42 86 255
58.060822 11.074219 18.750000 0.925813 -0.377981 0.000000 30 42 86 255
58.236649 11.504883 0.000000 0.925813 -0.377981 0.000000 30 42 86 255
58.060822 11.074219 0.000000 0.925813 -0.377981 0.000000 30 42 86 255
58.236649 11.504883 -18.750000 0.925813 -0.377981 0.000000 30 42 86 255
58.060822 11.074219 -18.750000 0.925813 -0.377981 0.000000 30 42 86 255
57.884995 10.643555 0.000000 0.925813 -0.377981 0.000000 30 42 86 255
57.884995 10.643555 -18.750000 0.925813 -0.377981 0.000000 30 42 86 255
57.709167 10.212891 0.000000 0.916497 -0.400041 0.000000 30 42 86 255
57.709167 10.212891 -18.750000 0.916497 -0.400041 0.000000 30 42 86 255
57.513321 9.791992 18.750000 0.906655 -0.421872 0.000000 30 42 86 255
57.317474 9.371094 18.750000 0.906655 -0.421872 0.000000 30 42 86 255
57.513321 9.791992 0.000000 0.906655 -0.421872 0.000000 30 42 86 255
57.317474 9.371094 0.000000 0.906655 -0.421872 0.000000 30 42 86 255
57.513321 9.791992 -18.750000 0.906655 -0.421872 0.000000 30 42 86 255
57.317474 9.371094 -18.750000 0.906655 -0.421872 0.000000 30 42 86 255
57.121628 8.950195 0.000000 0.906655 -0.421872 0.000000 30 42 86 255
57.121628 8.950195 -18.750000 0.906655 -0.421872 0.000000 30 42 86 255
56.925781 8.529297 0.000000 0.895068 -0.445930 0.000000 30 42 86 255
56.925781 8.529297 -18.750000 0.895068 -0.445930 0.000000 30 42 86 255
56.708618 8.121094 18.750000 0.882842 -0.469670 0.000000 30 42 86 255
56.491455 7.712891 18.750000 0.882842 -0.469670 0.000000 30 42 86 255
56.708618 8.121094 0.000000 0.882842 -0.469670 0.000000 30 42 86 255
56.491455 7.712891 0.000000 0.882842 -0.469670 0.000000 30 42 86 255
56.708618 8.121094 -18.750000 0.882842 -0.469670 0.000000 30 42 86 255
56.491455 7.712891 -18.750000 0.882842 -0.469670 0.000000 30 42 86 255
56.274292 7.304688 0.000000 0.882842 -0.469670 0.000000 30 42 86 255
56.274292 7.304688 -18.750000 0.882842 -0.469670 0.000000 30 42 86 255
56.057129 6.896484 0.000000 0.869749 -0.493495 0.000000 30 42 86 255
56.057129 6.896484 -18.750000 0.869749 -0.493495 0.000000 30 42 86 255
55.817688 6.500000 18.750000 0.856013 -0.516955 0.000000 30 42 86 255
55.578247 6.103516 18.750000 0.856013 -0.516955 0.000000 30 42 86 255
55.817688 6.500000 0.000000 0.856013 -0.516955 0.000000 30 42 86 255
55.578247 6.103516 0.000000 0.856013 -0.516955 0.000000 30 42 86 255
55.817688 6.500000 -18.750000 0.856013 -0.516955 0.000000 30 42 86 255
55.578247 6.103516 -18.750000 0.856013 -0.516955 0.000000 30 42 86 255
55.338806 5.707031 0.000000 0.856013 -0.516955 0.000000 30 42 86 255
55.338806 5.707031 -18.750000 0.856013 -0.516955 0.000000 30 42 86 255
55.099365 5.310547 0.000000 0.842221 -0.539132 0.000000 30 42 86 255
55.099365 5.310547 -18.750000 0.842221 -0.539132 0.000000 30 42 86 255
54.838654 4.925781 18.750000 0.827855 -0.560942 0.000000 30 42 86 255
54.577942 4.541016 18.750000 0.827855 -0.560942 0.000000 30 42 86 255
54.838654 4.925781 0.000000 0.827855 -0.560942 0.000000 30 42 86 255
54.577942 4.541016 0.000000 0.827855 -0.560943 0.000000 30 42 86 255
54.838654 4.925781 -18.750000 0.827855 -0.560943 0.000000 30 42 86 255
54.577942 4.541016 -18.750000 0.827855 -0.560943 0.000000 30 42 86 255
54.317230 4.156250 0.000000 0.827855 -0.560943 0.000000 30 42 86 255
54.317230 4.156250 -18.750000 0.827855 -0.560943 0.000000 30 42 86 255
54.056519 3.771484 0.000000 0.814177 -0.580617 0.000000 30 42 86 255
54.056519 3.771484 -18.750000 0.814177 -0.580617 0.000000 30 42 86 255
53.776031 3.397461 18.750000 0.800031 -0.599958 0.000000 30 42 86 255
53.495544 3.023438 18.750000 0.800031 -0.599958 0.000000 30 42 86 255
53.776031 3.397461 0.000000 0.800031 -0.599958 0.000000 30 42 86 255
53.495544 3.023438 0.000000 0.800031 -0.599958 0.000000 30 42 86 255
53.776031 3.397461 -18.750000 0.800031 -0.599958 0.000000 30 42 86 255
53.495544 3.023438 -18.750000 0.800031 -0.599958 0.000000 30 42 86 255
53.215057 2.649414 0.000000 0.800031 -0.599958 0.000000 30 42 86 255
53.215057 2.649414 -18.750000 0.800031 -0.599958 0.000000 30 42 86 255
52.934570 2.275391 0.000000 0.780638 -0.624984 0.000000 30 42 86 255
52.934570 2.275391 -18.750000 0.780638 -0.624984 0.000000 30 42 86 255
52.320389 1.556152 18.750000 0.760461 -0.649383 0.000000 30 42 86 255
51.706207 0.836914 18.750000 0.760461 -0.649383 0.000000 30 42 86 255
52.320389 1.556152 0.000000 0.760461 -0.649383 0.000000 30 42 86 255
51.706207 0.836914 0.000000 0.760461 -0.649383 0.000000 30 42 86 255
52.320389 1.556152 -18.750000 0.760461 -0.649383 0.000000 30 42 86 255
51.706207 0.836914 -18.750000 0.760461 -0.649383 0.000000 30 42 86 255
51.092026 0.117676 0.000000 0.760461 -0.649383 0.000000 30 42 86 255
51.092026 0.117676 -18.750000 0.760461 -0.649383 0.000000 30 42 86 255
50.477844 -0.601562 0.000000 0.737096 -0.675788 0.000000 30 42 86 255
50.477844 -0.601562 -18.750000 0.737096 -0.675788 0.000000 30 42 86 255
49.802841 -1.287598 18.750000 0.712815 -0.701352 0.000000 30 42 86 255
49.127838 -1.973633 18.750000 0.712815 -0.701352 0.000000 30 42 86 255
49.802841 -1.287598 0.000000 0.712815 -0.701352 0.000000 30 42 86 255
49.127838 -1.973633 0.000000 0.712815 -0.701352 0.000000 30 42 86 255
49.802841 -1.287598 -18.750000 0.712815 -0.701352 0.000000 30 42 86 255
49.127838 -1.973633 -18.750000 0.712815 -0.701352 0.000000 30 42 86 255
48.452835 -2.659668 0.000000 0.712815 -0.701352 0.000000 30 42 86 255
48.452835 -2.659668 -18.750000 0.712815 -0.701352 0.000000 30 42 86 255
47.777832 -3.345703 0.000000 0.693368 -0.720584 0.000000 30 42 86 255
47.777832 -3.345703 -18.750000 0.693368 -0.720584 0.000000 30 42 86 255
47.054169 -4.004883 18.750000 0.673402 -0.739277 0.000000 30 42 86 255
46.330505 -4.664062 18.750000 0.673402 -0.739277 0.000000 30 42 86 255
47.054169 -4.004883 0.000000 0.673402 -0.739277 0.000000 30 42 86 255
46.330505 -4.664062 0.000000 0.673402 -0.739277 0.000000 30 42 86 255
47.054169 -4.004883 -18.750000 0.673402 -0.739277 0.000000 30 42 86 255
46.330505 -4.664062 -18.750000 0.673402 -0.739277 0.000000 30 42 86 255
45.606842 -5.323242 0.000000 0.673402 -0.739277 0.000000 30 42 86 255
45.606842 -5.323242 -18.750000 0.673402 -0.739277 0.000000 30 42 86 255
44.883179 -5.982422 0.000000 0.658752 -0.752360 0.000000 30 42 86 255
44.883179 -5.982422 -18.750000 0.658752 -0.752360 0.000000 30 42 86 255
44.123016 -6.622070 18.750000 0.643848 -0.765153 0.000000 30 42 86 255
43.362854 -7.261719 18.750000 0.643848 -0.765153 0.000000 30 42 86 255
44.123016 -6.622070 0.000000 0.643848 -0.765153 0.000000 30 42 86 255
43.362854 -7.261719 0.000000 0.643848 -0.765153 0.000000 30 42 86 255
44.123016 -6.622070 -18.750000 0.643848 -0.765153 0.000000 30 42 86 255
43.362854 -7.261719 -18.750000 0.643848 -0.765153 0.000000 30 42 86 255
42.602692 -7.901367 0.000000 0.643848 -0.765153 0.000000 30 42 86 255
42.602692 -7.901367 -18.750000 0.643848 -0.765153 0.000000 30 42 86 255
41.842529 -8.541016 0.000000 0.631422 -0.775440 0.000000 30 42 86 255
41.842529 -8.541016 -18.750000 0.631422 -0.775440 0.000000 30 42 86 255
40.261398 -9.786621 18.750000 0.618831 -0.785524 0.000000 30 42 86 255
38.680267 -11.032227 18.750000 0.618831 -0.785524 0.000000 30 42 86 255
40.261398 -9.786621 0.000000 0.618831 -0.785524 0.000000 30 42 86 255
38.680267 -11.032227 0.000000 0.618831 -0.785524 0.000000 30 42 86 255
40.261398 -9.786621 -18.750000 0.618831 -0.785524 0.000000 30 42 86 255
37.099136 -12.277832 0.000000 0.618831 -0.785524 0.000000 30 42 86 255
37.099136 -12.277832 -18.750000 0.618831 -0.785524 0.000000 30 42 86 255
38.680267 -11.032227 -18.750000 0.618831 -0.785524 0.000000 30 42 86 255
57.065247 68.154297 18.750000 0.916995 0.398899 0.000000 30 42 86 255
57.690964 66.387207 18.750000 0.942649 0.333787 0.000000 30 42 86 255
58.316681 64.620117 18.750000 0.942649 0.333787 0.000000 30 42 86 255
57.065247 68.154297 0.000000 0.916995 0.398899 0.000000 30 42 86 255
57.690964 66.387207 0.000000 0.942649 0.333787 0.000000 30 42 86 255
58.316681 64.620117 0.000000 0.942649 0.333787 0.000000 30 42 86 255
57.690964 66.387207 -18.750000 0.942649 0.333787 0.000000 30 42 86 255
58.316681 64.620117 -18.750000 0.942649 0.333787 0.000000 30 42 86 255
58.942398 62.853027 0.000000 0.942649 0.333787 0.000000 30 42 86 255
58.942398 62.853027 -18.750000 0.942649 0.333787 0.000000 30 42 86 255
59.568115 61.085938 0.000000 0.950697 0.310120 0.000000 30 42 86 255
59.568115 61.085938 -18.750000 0.950697 0.310120 0.000000 30 42 86 255
59.834930 60.192871 18.750000 0.958152 0.286260 0.000000 30 42 86 255
60.101746 59.299805 18.750000 0.958152 0.286260 0.000000 30 42 86 255
59.834930 60.192871 0.000000 0.958152 0.286260 0.000000 30 42 86 255
60.101746 59.299805 0.000000 0.958152 0.286260 0.000000 30 42 86 255
59.834930 60.192871 -18.750000 0.958152 0.286260 0.000000 30 42 86 255
60.101746 59.299805 -18.750000 0.958152 0.286260 0.000000 30 42 86 255
60.368561 58.406738 0.000000 0.958152 0.286260 0.000000 30 42 86 255
60.368561 58.406738 -18.750000 0.958152 0.286260 0.000000 30 42 86 255
60.635376 57.513672 0.000000 0.966354 0.257214 0.000000 30 42 86 255
60.635376 57.513672 -18.750000 0.966354 0.257214 0.000000 30 42 86 255
60.846954 56.609863 18.750000 0.973677 0.227934 0.000000 30 42 86 255
61.058533 55.706055 18.750000 0.973677 0.227934 0.000000 30 42 86 255
60.846954 56.609863 0.000000 0.973677 0.227934 0.000000 30 42 86 255
61.058533 55.706055 0.000000 0.973677 0.227934 0.000000 30 42 86 255
60.846954 56.609863 -18.750000 0.973677 0.227934 0.000000 30 42 86 255
61.058533 55.706055 -18.750000 0.973677 0.227934 0.000000 30 42 86 255
61.270111 54.802246 0.000000 0.973677 0.227934 0.000000 30 42 86 255
61.270111 54.802246 -18.750000 0.973677 0.227934 0.000000 30 42 86 255
61.481689 53.898438 0.000000 0.981252 0.192731 0.000000 30 42 86 255
61.481689 53.898438 -18.750000 0.981252 0.192731 0.000000 30 42 86 255
61.627808 52.980957 18.750000 0.987554 0.157278 0.000000 30 42 86 255
61.773926 52.063477 18.750000 0.987554 0.157278 0.000000 30 42 86 255
61.627808 52.980957 0.000000 0.987554 0.157278 0.000000 30 42 86 255
61.773926 52.063477 0.000000 0.987554 0.157278 0.000000 30 42 86 255
61.627808 52.980957 -18.750000 0.987554 0.157278 0.000000 30 42 86 255
61.773926 52.063477 -18.750000 0.987554 0.157278 0.000000 30 42 86 255
61.920044 51.145996 0.000000 0.987554 0.157278 0.000000 30 42 86 255
61.920044 51.145996 -18.750000 0.987554 0.157278 0.000000 30 42 86 255
62.066162 50.228516 0.000000 0.991633 0.129087 0.000000 30 42 86 255
62.066162 50.228516 -18.750000 0.991633 0.129087 0.000000 30 42 86 255
62.160049 49.301758 18.750000 0.994908 0.100791 0.000000 30 42 86 255
62.253937 48.375000 18.750000 0.994908 0.100791 0.000000 30 42 86 255
62.160049 49.301758 0.000000 0.994908 0.100791 0.000000 30 42 86 255
62.253937 48.375000 0.000000 0.994908 0.100791 0.000000 30 42 86 255
62.160049 49.301758 -18.750000 0.994908 0.100791 0.000000 30 42 86 255
62.253937 48.375000 -18.750000 0.994908 0.100791 0.000000 30 42 86 255
62.347824 47.448242 0.000000 0.994908 0.100791 0.000000 30 42 86 255
62.347824 47.448242 -18.750000 0.994908 0.100791 0.000000 30 42 86 255
62.441711 46.521484 0.000000 0.997011 0.077263 0.000000 30 42 86 255
62.441711 46.521484 -18.750000 0.997011 0.077263 0.000000 30 42 86 255
62.542450 44.647949 18.750000 0.998558 0.053692 0.000000 30 42 86 255
62.643188 42.774414 18.750000 0.998558 0.053692 0.000000 30 42 86 255
62.542450 44.647949 0.000000 0.998558 0.053692 0.000000 30 42 86 255
62.643188 42.774414 0.000000 0.998558 0.053692 0.000000 30 42 86 255
62.542450 44.647949 -18.750000 0.998558 0.053692 0.000000 30 42 86 255
62.743927 40.900879 0.000000 0.998558 0.053692 0.000000 30 42 86 255
62.743927 40.900879 -18.750000 0.998558 0.053692 0.000000 30 42 86 255
62.643188 42.774414 -18.750000 0.998558 0.053692 0.000000 30 42 86 255
41.005981 88.916016 18.750000 0.608581 0.793492 0.000000 30 42 86 255
41.634430 88.366211 18.750000 0.658445 0.752629 0.000000 30 42 86 255
42.262878 87.816406 18.750000 0.658445 0.752629 0.000000 30 42 86 255
41.005981 88.916016 0.000000 0.608581 0.793492 0.000000 30 42 86 255
41.634430 88.366211 0.000000 0.658445 0.752629 0.000000 30 42 86 255
42.262878 87.816406 0.000000 0.658445 0.752629 0.000000 30 42 86 255
41.634430 88.366211 -18.750000 0.658445 0.752629 0.000000 30 42 86 255
42.262878 87.816406 -18.750000 0.658445 0.752629 0.000000 30 42 86 255
42.891327 87.266602 0.000000 0.658445 0.752629 0.000000 30 42 86 255
42.891327 87.266602 -18.750000 0.658445 0.752629 0.000000 30 42 86 255
43.519775 86.716797 0.000000 0.667956 0.744201 0.000000 30 42 86 255
43.519775 86.716797 -18.750000 0.667956 0.744201 0.000000 30 42 86 255
44.131744 86.153320 18.750000 0.677359 0.735652 0.000000 30 42 86 255
44.743713 85.589844 18.750000 0.677359 0.735652 0.000000 30 42 86 255
44.131744 86.153320 0.000000 0.677359 0.735652 0.000000 30 42 86 255
44.743713 85.589844 0.000000 0.677359 0.735652 0.000000 30 42 86 255
44.131744 86.153320 -18.750000 0.677359 0.735652 0.000000 30 42 86 255
44.743713 85.589844 -18.750000 0.677359 0.735652 0.000000 30 42 86 255
45.355682 85.026367 0.000000 0.677359 0.735652 0.000000 30 42 86 255
45.355682 85.026367 -18.750000 0.677359 0.735652 0.000000 30 42 86 255
45.967651 84.462891 0.000000 0.695293 0.718726 0.000000 30 42 86 255
45.967651 84.462891 -18.750000 0.695293 0.718726 0.000000 30 42 86 255
46.546585 83.874512 18.750000 0.712805 0.701362 0.000000 30 42 86 255
47.125519 83.286133 18.750000 0.712805 0.701362 0.000000 30 42 86 255
46.546585 83.874512 0.000000 0.712805 0.701362 0.000000 30 42 86 255
47.125519 83.286133 0.000000 0.712805 0.701362 0.000000 30 42 86 255
46.546585 83.874512 -18.750000 0.712805 0.701362 0.000000 30 42 86 255
47.125519 83.286133 -18.750000 0.712805 0.701362 0.000000 30 42 86 255
47.704453 82.697754 0.000000 0.712805 0.701362 0.000000 30 42 86 255
47.704453 82.697754 -18.750000 0.712805 0.701362 0.000000 30 42 86 255
48.283386 82.109375 0.000000 0.739069 0.673630 0.000000 30 42 86 255
48.283386 82.109375 -18.750000 0.739069 0.673630 0.000000 30 42 86 255
48.812851 81.481934 18.750000 0.764255 0.644914 0.000000 30 42 86 255
49.342316 80.854492 18.750000 0.764255 0.644914 0.000000 30 42 86 255
48.812851 81.481934 0.000000 0.764255 0.644914 0.000000 30 42 86 255
49.342316 80.854492 0.000000 0.764255 0.644914 0.000000 30 42 86 255
48.812851 81.481934 -18.750000 0.764255 0.644914 0.000000 30 42 86 255
49.342316 80.854492 -18.750000 0.764255 0.644914 0.000000 30 42 86 255
49.871780 80.227051 0.000000 0.764255 0.644914 0.000000 30 42 86 255
49.871780 80.227051 -18.750000 0.764255 0.644914 0.000000 30 42 86 255
50.401245 79.599609 0.000000 0.792578 0.609771 0.000000 30 42 86 255
50.401245 79.599609 -18.750000 0.792578 0.609771 0.000000 30 42 86 255
50.872147 78.926758 18.750000 0.819286 0.573385 0.000000 30 42 86 255
51.343048 78.253906 18.750000 0.819286 0.573385 0.000000 30 42 86 255
50.872147 78.926758 0.000000 0.819286 0.573385 0.000000 30 42 86 255
51.343048 78.253906 0.000000 0.819286 0.573385 0.000000 30 42 86 255
50.872147 78.926758 -18.750000 0.819286 0.573385 0.000000 30 42 86 255
51.343048 78.253906 -18.750000 0.819286 0.573385 0.000000 30 42 86 255
51.813950 77.581055 0.000000 0.819286 0.573385 0.000000 30 42 86 255
51.813950 77.581055 -18.750000 0.819286 0.573385 0.000000 30 42 86 255
52.284851 76.908203 0.000000 0.839223 0.543788 0.000000 30 42 86 255
52.284851 76.908203 -18.750000 0.839223 0.543788 0.000000 30 42 86 255
52.709122 76.199219 18.750000 0.858090 0.513499 0.000000 30 42 86 255
53.133392 75.490234 18.750000 0.858090 0.513499 0.000000 30 42 86 255
52.709122 76.199219 0.000000 0.858090 0.513499 0.000000 30 42 86 255
53.133392 75.490234 0.000000 0.858090 0.513499 0.000000 30 42 86 255
52.709122 76.199219 -18.750000 0.858090 0.513499 0.000000 30 42 86 255
53.133392 75.490234 -18.750000 0.858090 0.513499 0.000000 30 42 86 255
53.557663 74.781250 0.000000 0.858090 0.513499 0.000000 30 42 86 255
53.557663 74.781250 -18.750000 0.858090 0.513499 0.000000 30 42 86 255
53.981934 74.072266 0.000000 0.872849 0.487990 0.000000 30 42 86 255
53.981934 74.072266 -18.750000 0.872849 0.487990 0.000000 30 42 86 255
54.752762 72.592773 18.750000 0.886850 0.462057 0.000000 30 42 86 255
55.523590 71.113281 18.750000 0.886850 0.462057 0.000000 30 42 86 255
54.752762 72.592773 0.000000 0.886850 0.462057 0.000000 30 42 86 255
55.523590 71.113281 0.000000 0.886850 0.462057 0.000000 30 42 86 255
54.752762 72.592773 -18.750000 0.886850 0.462057 0.000000 30 42 86 255
56.294418 69.633789 0.000000 0.886850 0.462057 0.000000 30 42 86 255
56.294418 69.633789 -18.750000 0.886850 0.462057 0.000000 30 42 86 255
55.523590 71.113281 -18.750000 0.886850 0.462057 0.000000 30 42 86 255
20.733154 98.273438 18.750000 0.192841 0.981230 0.000000 30 42 86 255
22.094955 97.897461 18.750000 0.266131 0.963937 0.000000 30 42 86 255
23.456757 97.521484 18.750000 0.266131 0.963937 0.000000 30 42 86 255
20.733154 98.273438 0.000000 0.192841 0.981230 0.000000 30 42 86 255
22.094955 97.897461 0.000000 0.266131 0.963937 0.000000 30 42 86 255
23.456757 97.521484 0.000000 0.266131 0.963937 0.000000 30 42 86 255
22.094955 97.897461 -18.750000 0.266131 0.963937 0.000000 30 42 86 255
23.456757 97.521484 -18.750000 0.266131 0.963937 0.000000 30 42 86 255
24.818558 97.145508 0.000000 0.266131 0.963937 0.000000 30 42 86 255
24.818558 97.145508 -18.750000 0.266131 0.963937 0.000000 30 42 86 255
26.180359 96.769531 0.000000 0.293718 0.955892 0.000000 30 42 86 255
26.180359 96.769531 -18.750000 0.293718 0.955892 0.000000 30 42 86 255
26.844345 96.544434 18.750000 0.321062 0.947058 0.000000 30 42 86 255
27.508331 96.319336 18.750000 0.321062 0.947058 0.000000 30 42 86 255
26.844345 96.544434 0.000000 0.321062 0.947058 0.000000 30 42 86 255
27.508331 96.319336 0.000000 0.321062 0.947058 0.000000 30 42 86 255
26.844345 96.544434 -18.750000 0.321062 0.947058 0.000000 30 42 86 255
27.508331 96.319336 -18.750000 0.321062 0.947058 0.000000 30 42 86 255
28.172318 96.094238 0.000000 0.321062 0.947058 0.000000 30 42 86 255
28.172318 96.094238 -18.750000 0.321062 0.947058 0.000000 30 42 86 255
28.836304 95.869141 0.000000 0.354161 0.935185 0.000000 30 42 86 255
28.836304 95.869141 -18.750000 0.354161 0.935185 0.000000 30 42 86 255
29.480011 95.599121 18.750000 0.386821 0.922155 0.000000 30 42 86 255
30.123718 95.329102 18.750000 0.386821 0.922155 0.000000 30 42 86 255
29.480011 95.599121 0.000000 0.386821 0.922155 0.000000 30 42 86 255
30.123718 95.329102 0.000000 0.386821 0.922155 0.000000 30 42 86 255
29.480011 95.599121 -18.750000 0.386821 0.922155 0.000000 30 42 86 255
30.123718 95.329102 -18.750000 0.386821 0.922155 0.000000 30 42 86 255
30.767426 95.059082 0.000000 0.386821 0.922155 0.000000 30 42 86 255
30.767426 95.059082 -18.750000 0.386821 0.922155 0.000000 30 42 86 255
31.411133 94.789062 0.000000 0.423328 0.905977 0.000000 30 42 86 255
31.411133 94.789062 -18.750000 0.423328 0.905977 0.000000 30 42 86 255
32.031799 94.468262 18.750000 0.459159 0.888354 0.000000 30 42 86 255
32.652466 94.147461 18.750000 0.459159 0.888354 0.000000 30 42 86 255
32.031799 94.468262 0.000000 0.459159 0.888354 0.000000 30 42 86 255
32.652466 94.147461 0.000000 0.459159 0.888354 0.000000 30 42 86 255
32.031799 94.468262 -18.750000 0.459159 0.888354 0.000000 30 42 86 255
32.652466 94.147461 -18.750000 0.459159 0.888354 0.000000 30 42 86 255
33.273132 93.826660 0.000000 0.459159 0.888354 0.000000 30 42 86 255
33.273132 93.826660 -18.750000 0.459159 0.888354 0.000000 30 42 86 255
33.893799 93.505859 0.000000 0.486664 0.873590 0.000000 30 42 86 255
33.893799 93.505859 -18.750000 0.486664 0.873590 0.000000 30 42 86 255
34.496475 93.145020 18.750000 0.513694 0.857974 0.000000 30 42 86 255
35.099152 92.784180 18.750000 0.513694 0.857974 0.000000 30 42 86 255
34.496475 93.145020 0.000000 0.513694 0.857974 0.000000 30 42 86 255
35.099152 92.784180 0.000000 0.513694 0.857974 0.000000 30 42 86 255
34.496475 93.145020 -18.750000 0.513694 0.857974 0.000000 30 42 86 255
35.099152 92.784180 -18.750000 0.513694 0.857974 0.000000 30 42 86 255
35.701828 92.423340 0.000000 0.513694 0.857974 0.000000 30 42 86 255
35.701828 92.423340 -18.750000 0.513694 0.857974 0.000000 30 42 86 255
36.304504 92.062500 0.000000 0.535110 0.844782 0.000000 30 42 86 255
36.304504 92.062500 -18.750000 0.535110 0.844782 0.000000 30 42 86 255
37.479874 91.275879 18.750000 0.556188 0.831056 0.000000 30 42 86 255
38.655243 90.489258 18.750000 0.556188 0.831056 0.000000 30 42 86 255
37.479874 91.275879 0.000000 0.556188 0.831056 0.000000 30 42 86 255
38.655243 90.489258 0.000000 0.556188 0.831056 0.000000 30 42 86 255
37.479874 91.275879 -18.750000 0.556188 0.831056 0.000000 30 42 86 255
39.830612 89.702637 0.000000 0.556188 0.831056 0.000000 30 42 86 255
39.830612 89.702637 -18.750000 0.556188 0.831056 0.000000 30 42 86 255
38.655243 90.489258 -18.750000 0.556188 0.831056 0.000000 30 42 86 255
-7.272766 100.000000 18.750000 0.004169 0.999991 0.000000 30 42 86 255
-5.516129 99.985352 18.750000 0.008339 0.999965 0.000000 30 42 86 255
-3.759491 99.970703 18.750000 0.008339 0.999965 0.000000 30 42 86 255
-7.272766 100.000000 0.000000 0.004169 0.999991 0.000000 30 42 86 255
-5.516129 99.985352 0.000000 0.008339 0.999965 0.000000 30 42 86 255
-3.759491 99.970703 0.000000 0.008339 0.999965 0.000000 30 42 86 255
-5.516129 99.985352 -18.750000 0.008339 0.999965 0.000000 30 42 86 255
-3.759491 99.970703 -18.750000 0.008339 0.999965 0.000000 30 42 86 255
-2.002853 99.956055 0.000000 0.008339 0.999965 0.000000 30 42 86 255
-2.002853 99.956055 -18.750000 0.008339 0.999965 0.000000 30 42 86 255
-0.246216 99.941406 0.000000 0.021842 0.999761 0.000000 30 42 86 255
-0.246216 99.941406 -18.750000 0.021842 0.999761 0.000000 30 42 86 255
1.507309 99.879395 18.750000 0.035342 0.999375 0.000000 30 42 86 255
3.260834 99.817383 18.750000 0.035342 0.999375 0.000000 30 42 86 255
1.507309 99.879395 0.000000 0.035342 0.999375 0.000000 30 42 86 255
3.260834 99.817383 0.000000 0.035342 0.999375 0.000000 30 42 86 255
1.507309 99.879395 -18.750000 0.035342 0.999375 0.000000 30 42 86 255
3.260834 99.817383 -18.750000 0.035342 0.999375 0.000000 30 42 86 255
5.014359 99.755371 0.000000 0.035342 0.999375 0.000000 30 42 86 255
5.014359 99.755371 -18.750000 0.035342 0.999375 0.000000 30 42 86 255
6.767883 99.693359 0.000000 0.053041 0.998592 0.000000 30 42 86 255
6.767883 99.693359 -18.750000 0.053041 0.998592 0.000000 30 42 86 255
7.642502 99.631348 18.750000 0.070724 0.997496 0.000000 30 42 86 255
8.517120 99.569336 18.750000 0.070724 0.997496 0.000000 30 42 86 255
7.642502 99.631348 0.000000 0.070724 0.997496 0.000000 30 42 86 255
8.517120 99.569336 0.000000 0.070724 0.997496 0.000000 30 42 86 255
7.642502 99.631348 -18.750000 0.070724 0.997496 0.000000 30 42 86 255
8.517120 99.569336 -18.750000 0.070724 0.997496 0.000000 30 42 86 255
9.391739 99.507324 0.000000 0.070724 0.997496 0.000000 30 42 86 255
9.391739 99.507324 -18.750000 0.070724 0.997496 0.000000 30 42 86 255
10.266357 99.445312 0.000000 0.083795 0.996483 0.000000 30 42 86 255
10.266357 99.445312 -18.750000 0.083795 0.996483 0.000000 30 42 86 255
11.139458 99.360352 18.750000 0.096852 0.995299 0.000000 30 42 86 255
12.012558 99.275391 18.750000 0.096852 0.995299 0.000000 30 42 86 255
11.139458 99.360352 0.000000 0.096852 0.995299 0.000000 30 42 86 255
12.012558 99.275391 0.000000 0.096852 0.995299 0.000000 30 42 86 255
11.139458 99.360352 -18.750000 0.096852 0.995299 0.000000 30 42 86 255
12.012558 99.275391 -18.750000 0.096852 0.995299 0.000000 30 42 86 255
12.885658 99.190430 0.000000 0.096852 0.995299 0.000000 30 42 86 255
12.885658 99.190430 -18.750000 0.096852 0.995299 0.000000 30 42 86 255
13.758759 99.105469 0.000000 0.107661 0.994188 0.000000 30 42 86 255
13.758759 99.105469 -18.750000 0.107661 0.994188 0.000000 30 42 86 255
15.502357 98.897461 18.750000 0.118458 0.992959 0.000000 30 42 86 255
17.245956 98.689453 18.750000 0.118458 0.992959 0.000000 30 42 86 255
15.502357 98.897461 0.000000 0.118458 0.992959 0.000000 30 42 86 255
17.245956 98.689453 0.000000 0.118458 0.992959 0.000000 30 42 86 255
15.502357 98.897461 -18.750000 0.118458 0.992959 0.000000 30 42 86 255
18.989555 98.481445 0.000000 0.118458 0.992959 0.000000 30 42 86 255
18.989555 98.481445 -18.750000 0.118458 0.992959 0.000000 30 42 86 255
17.245956 98.689453 -18.750000 0.118458 0.992959 0.000000 30 42 86 255
-55.265213 100.000000 18.750000 0.000000 1.000000 0.000000 30 42 86 255
-39.267731 100.000000 18.750000 0.000000 1.000000 0.000000 30 42 86 255
-55.265213 100.000000 0.000000 0.000000 1.000000 0.000000 30 42 86 255
-39.267731 100.000000 0.000000 0.000000 1.000000 0.000000 30 42 86 255
-55.265213 100.000000 -18.750000 0.000000 1.000000 0.000000 30 42 86 255
-23.270248 100.000000 0.000000 0.000000 1.000000 0.000000 30 42 86 255
-23.270248 100.000000 -18.750000 0.000000 1.000000 0.000000 30 42 86 255
-39.267731 100.000000 -18.750000 0.000000 1.000000 0.000000 30 42 86 255
-8.556335 62.699219 18.750000 -0.008445 -0.999964 0.000000 30 42 86 255
-12.077629 62.699219 18.750000 0.000000 -1.000000 0.000000 30 42 86 255
-15.598923 62.699219 18.750000 0.000000 -1.000000 0.000000 30 42 86 255
-8.556335 62.699219 0.000000 -0.008445 -0.999964 0.000000 30 42 86 255
-12.077629 62.699219 0.000000 0.000000 -1.000000 0.000000 30 42 86 255
-15.598923 62.699219 0.000000 0.000000 -1.000000 0.000000 30 42 86 255
-12.077629 62.699219 -18.750000 0.000000 -1.000000 0.000000 30 42 86 255
-22.641510 62.699219 18.750000 0.707107 -0.707107 0.000000 30 42 86 255
-22.641510 62.699219 0.000000 0.707107 -0.707107 0.000000 30 42 86 255
-19.120216 62.699219 0.000000 0.000000 -1.000000 0.000000 30 42 86 255
-19.120216 62.699219 -18.750000 0.000000 -1.000000 0.000000 30 42 86 255
-15.598923 62.699219 -18.750000 0.000000 -1.000000 0.000000 30 42 86 255
4.580902 60.781250 18.750000 -0.409162 -0.912462 0.000000 30 42 86 255
3.778557 61.016602 18.750000 -0.281470 -0.959570 0.000000 30 42 86 255
2.976212 61.251953 18.750000 -0.281470 -0.959570 0.000000 30 42 86 255
4.580902 60.781250 0.000000 -0.409162 -0.912462 0.000000 30 42 86 255
3.778557 61.016602 0.000000 -0.281470 -0.959570 0.000000 30 42 86 255
2.976212 61.251953 0.000000 -0.281470 -0.959570 0.000000 30 42 86 255
3.778557 61.016602 -18.750000 -0.281470 -0.959570 0.000000 30 42 86 255
2.976212 61.251953 -18.750000 -0.281470 -0.959570 0.000000 30 42 86 255
2.173866 61.487305 0.000000 -0.281470 -0.959570 0.000000 30 42 86 255
2.173866 61.487305 -18.750000 -0.281470 -0.959570 0.000000 30 42 86 255
1.371521 61.722656 0.000000 -0.255308 -0.966860 0.000000 30 42 86 255
1.371521 61.722656 -18.750000 -0.255308 -0.966860 0.000000 30 42 86 255
0.966705 61.817871 18.750000 -0.228958 -0.973436 0.000000 30 42 86 255
0.561890 61.913086 18.750000 -0.228958 -0.973436 0.000000 30 42 86 255
0.966705 61.817871 0.000000 -0.228958 -0.973436 0.000000 30 42 86 255
0.561890 61.913086 0.000000 -0.228958 -0.973436 0.000000 30 42 86 255
0.966705 61.817871 -18.750000 -0.228958 -0.973436 0.000000 30 42 86 255
0.561890 61.913086 -18.750000 -0.228958 -0.973436 0.000000 30 42 86 255
0.157074 62.008301 0.000000 -0.228958 -0.973436 0.000000 30 42 86 255
0.157074 62.008301 -18.750000 -0.228958 -0.973436 0.000000 30 42 86 255
-0.247742 62.103516 0.000000 -0.198130 -0.980176 0.000000 30 42 86 255
-0.247742 62.103516 -18.750000 -0.198130 -0.980176 0.000000 30 42 86 255
-0.656830 62.172852 18.750000 -0.167106 -0.985939 0.000000 30 42 86 255
-1.065918 62.242188 18.750000 -0.167106 -0.985939 0.000000 30 42 86 255
-0.656830 62.172852 0.000000 -0.167106 -0.985939 0.000000 30 42 86 255
-1.065918 62.242188 0.000000 -0.167106 -0.985939 0.000000 30 42 86 255
-0.656830 62.172852 -18.750000 -0.167106 -0.985939 0.000000 30 42 86 255
-1.065918 62.242188 -18.750000 -0.167106 -0.985939 0.000000 30 42 86 255
-1.475006 62.311523 0.000000 -0.167106 -0.985939 0.000000 30 42 86 255
-1.475006 62.311523 -18.750000 -0.167106 -0.985939 0.000000 30 42 86 255
-1.884094 62.380859 0.000000 -0.122979 -0.992409 0.000000 30 42 86 255
-1.884094 62.380859 -18.750000 -0.122979 -0.992409 0.000000 30 42 86 255
-2.713882 62.446289 18.750000 -0.078607 -0.996906 0.000000 30 42 86 255
-3.543671 62.511719 18.750000 -0.078607 -0.996906 0.000000 30 42 86 255
-2.713882 62.446289 0.000000 -0.078607 -0.996906 0.000000 30 42 86 255
-3.543671 62.511719 0.000000 -0.078607 -0.996906 0.000000 30 42 86 255
-2.713882 62.446289 -18.750000 -0.078607 -0.996906 0.000000 30 42 86 255
-3.543671 62.511719 -18.750000 -0.078607 -0.996906 0.000000 30 42 86 255
-4.373459 62.577148 0.000000 -0.078607 -0.996906 0.000000 30 42 86 255
-4.373459 62.577148 -18.750000 -0.078607 -0.996906 0.000000 30 42 86 255
-5.203247 62.642578 0.000000 -0.047771 -0.998858 0.000000 30 42 86 255
-5.203247 62.642578 -18.750000 -0.047771 -0.998858 0.000000 30 42 86 255
-6.041519 62.656738 18.750000 -0.016890 -0.999857 0.000000 30 42 86 255
-6.879791 62.670898 18.750000 -0.016890 -0.999857 0.000000 30 42 86 255
-6.041519 62.656738 0.000000 -0.016890 -0.999857 0.000000 30 42 86 255
-6.879791 62.670898 0.000000 -0.016890 -0.999857 0.000000 30 42 86 255
-6.041519 62.656738 -18.750000 -0.016890 -0.999857 0.000000 30 42 86 255
-7.718063 62.685059 0.000000 -0.016890 -0.999857 0.000000 30 42 86 255
-7.718063 62.685059 -18.750000 -0.016890 -0.999857 0.000000 30 42 86 255
-6.879791 62.670898 -18.750000 -0.016890 -0.999857 0.000000 30 42 86 255
12.126953 53.439453 18.750000 -0.875486 -0.483243 0.000000 30 42 86 255
11.749382 53.997070 18.750000 -0.828036 -0.560676 0.000000 30 42 86 255
11.371811 54.554688 18.750000 -0.828036 -0.560676 0.000000 30 42 86 255
12.126953 53.439453 0.000000 -0.875486 -0.483243 0.000000 30 42 86 255
11.749382 53.997070 0.000000 -0.828036 -0.560676 0.000000 30 42 86 255
11.371811 54.554688 0.000000 -0.828036 -0.560676 0.000000 30 42 86 255
11.749382 53.997070 -18.750000 -0.828036 -0.560676 0.000000 30 42 86 255
11.371811 54.554688 -18.750000 -0.828036 -0.560676 0.000000 30 42 86 255
10.994240 55.112305 0.000000 -0.828036 -0.560676 0.000000 30 42 86 255
10.994240 55.112305 -18.750000 -0.828036 -0.560676 0.000000 30 42 86 255
10.616669 55.669922 0.000000 -0.809638 -0.586930 0.000000 30 42 86 255
10.616669 55.669922 -18.750000 -0.809638 -0.586930 0.000000 30 42 86 255
10.412697 55.933105 18.750000 -0.790408 -0.612580 0.000000 30 42 86 255
10.208725 56.196289 18.750000 -0.790408 -0.612580 0.000000 30 42 86 255
10.412697 55.933105 0.000000 -0.790408 -0.612580 0.000000 30 42 86 255
10.208725 56.196289 0.000000 -0.790408 -0.612580 0.000000 30 42 86 255
10.412697 55.933105 -18.750000 -0.790408 -0.612580 0.000000 30 42 86 255
10.208725 56.196289 -18.750000 -0.790408 -0.612580 0.000000 30 42 86 255
10.004753 56.459473 0.000000 -0.790408 -0.612580 0.000000 30 42 86 255
10.004753 56.459473 -18.750000 -0.790408 -0.612580 0.000000 30 42 86 255
9.800781 56.722656 0.000000 -0.765256 -0.643726 0.000000 30 42 86 255
9.800781 56.722656 -18.750000 -0.765256 -0.643726 0.000000 30 42 86 255
9.578575 56.966309 18.750000 -0.738877 -0.673841 0.000000 30 42 86 255
9.356369 57.209961 18.750000 -0.738877 -0.673841 0.000000 30 42 86 255
9.578575 56.966309 0.000000 -0.738877 -0.673841 0.000000 30 42 86 255
9.356369 57.209961 0.000000 -0.738877 -0.673841 0.000000 30 42 86 255
9.578575 56.966309 -18.750000 -0.738877 -0.673841 0.000000 30 42 86 255
9.356369 57.209961 -18.750000 -0.738877 -0.673841 0.000000 30 42 86 255
9.134163 57.453613 0.000000 -0.738877 -0.673841 0.000000 30 42 86 255
9.134163 57.453613 -18.750000 -0.738877 -0.673841 0.000000 30 42 86 255
8.911957 57.697266 0.000000 -0.703175 -0.711017 0.000000 30 42 86 255
8.911957 57.697266 -18.750000 -0.703175 -0.711017 0.000000 30 42 86 255
8.666138 57.916504 18.750000 -0.665605 -0.746304 0.000000 30 42 86 255
8.420319 58.135742 18.750000 -0.665605 -0.746304 0.000000 30 42 86 255
8.666138 57.916504 0.000000 -0.665605 -0.746304 0.000000 30 42 86 255
8.420319 58.135742 0.000000 -0.665605 -0.746304 0.000000 30 42 86 255
8.666138 57.916504 -18.750000 -0.665605 -0.746304 0.000000 30 42 86 255
8.420319 58.135742 -18.750000 -0.665605 -0.746304 0.000000 30 42 86 255
8.174500 58.354980 0.000000 -0.665605 -0.746304 0.000000 30 42 86 255
8.174500 58.354980 -18.750000 -0.665605 -0.746304 0.000000 30 42 86 255
7.928680 58.574219 0.000000 -0.629587 -0.776930 0.000000 30 42 86 255
7.928680 58.574219 -18.750000 -0.629587 -0.776930 0.000000 30 42 86 255
7.661568 58.770508 18.750000 -0.592161 -0.805820 0.000000 30 42 86 255
7.394455 58.966797 18.750000 -0.592161 -0.805820 0.000000 30 42 86 255
7.661568 58.770508 0.000000 -0.592161 -0.805820 0.000000 30 42 86 255
7.394455 58.966797 0.000000 -0.592161 -0.805820 0.000000 30 42 86 255
7.661568 58.770508 -18.750000 -0.592161 -0.805820 0.000000 30 42 86 255
7.394455 58.966797 -18.750000 -0.592161 -0.805820 0.000000 30 42 86 255
7.127342 59.163086 0.000000 -0.592161 -0.805820 0.000000 30 42 86 255
7.127342 59.163086 -18.750000 -0.592161 -0.805820 0.000000 30 42 86 255
6.860229 59.359375 0.000000 -0.561123 -0.827733 0.000000 30 42 86 255
6.860229 59.359375 -18.750000 -0.561123 -0.827733 0.000000 30 42 86 255
6.290398 59.714844 18.750000 -0.529275 -0.848450 0.000000 30 42 86 255
5.720566 60.070312 18.750000 -0.529275 -0.848450 0.000000 30 42 86 255
6.290398 59.714844 0.000000 -0.529275 -0.848450 0.000000 30 42 86 255
5.720566 60.070312 0.000000 -0.529275 -0.848450 0.000000 30 42 86 255
6.290398 59.714844 -18.750000 -0.529275 -0.848450 0.000000 30 42 86 255
5.150734 60.425781 0.000000 -0.529275 -0.848450 0.000000 30 42 86 255
5.150734 60.425781 -18.750000 -0.529275 -0.848450 0.000000 30 42 86 255
5.720566 60.070312 -18.750000 -0.529275 -0.848450 0.000000 30 42 86 255
15.384613 39.171875 18.750000 -0.999481 0.032202 0.000000 30 42 86 255
15.342735 40.102051 18.750000 -0.998988 -0.044976 0.000000 30 42 86 255
15.300858 41.032227 18.750000 -0.998988 -0.044976 0.000000 30 42 86 255
15.384613 39.171875 0.000000 -0.999481 0.032202 0.000000 30 42 86 255
15.342735 40.102051 0.000000 -0.998988 -0.044976 0.000000 30 42 86 255
15.300858 41.032227 0.000000 -0.998988 -0.044976 0.000000 30 42 86 255
15.342735 40.102051 -18.750000 -0.998988 -0.044976 0.000000 30 42 86 255
15.300858 41.032227 -18.750000 -0.998988 -0.044976 0.000000 30 42 86 255
15.258980 41.962402 0.000000 -0.998988 -0.044976 0.000000 30 42 86 255
15.258980 41.962402 -18.750000 -0.998988 -0.044976 0.000000 30 42 86 255
15.217102 42.892578 0.000000 -0.997310 -0.073296 0.000000 30 42 86 255
15.217102 42.892578 -18.750000 -0.997310 -0.073296 0.000000 30 42 86 255
15.170197 43.352051 18.750000 -0.994830 -0.101558 0.000000 30 42 86 255
15.123291 43.811523 18.750000 -0.994830 -0.101558 0.000000 30 42 86 255
15.170197 43.352051 0.000000 -0.994830 -0.101558 0.000000 30 42 86 255
15.123291 43.811523 0.000000 -0.994830 -0.101558 0.000000 30 42 86 255
15.170197 43.352051 -18.750000 -0.994830 -0.101558 0.000000 30 42 86 255
15.123291 43.811523 -18.750000 -0.994830 -0.101558 0.000000 30 42 86 255
15.076385 44.270996 0.000000 -0.994830 -0.101558 0.000000 30 42 86 255
15.076385 44.270996 -18.750000 -0.994830 -0.101558 0.000000 30 42 86 255
15.029480 44.730469 0.000000 -0.990702 -0.136050 0.000000 30 42 86 255
15.029480 44.730469 -18.750000 -0.990702 -0.136050 0.000000 30 42 86 255
14.951385 45.182129 18.750000 -0.985379 -0.170377 0.000000 30 42 86 255
14.873291 45.633789 18.750000 -0.985379 -0.170377 0.000000 30 42 86 255
14.951385 45.182129 0.000000 -0.985379 -0.170377 0.000000 30 42 86 255
14.873291 45.633789 0.000000 -0.985379 -0.170377 0.000000 30 42 86 255
14.951385 45.182129 -18.750000 -0.985379 -0.170377 0.000000 30 42 86 255
14.873291 45.633789 -18.750000 -0.985379 -0.170377 0.000000 30 42 86 255
14.795197 46.085449 0.000000 -0.985379 -0.170377 0.000000 30 42 86 255
14.795197 46.085449 -18.750000 -0.985379 -0.170377 0.000000 30 42 86 255
14.717102 46.537109 0.000000 -0.976601 -0.215057 0.000000 30 42 86 255
14.717102 46.537109 -18.750000 -0.976601 -0.215057 0.000000 30 42 86 255
14.598465 46.979004 18.750000 -0.965799 -0.259292 0.000000 30 42 86 255
14.479828 47.420898 18.750000 -0.965799 -0.259292 0.000000 30 42 86 255
14.598465 46.979004 0.000000 -0.965799 -0.259292 0.000000 30 42 86 255
14.479828 47.420898 0.000000 -0.965799 -0.259292 0.000000 30 42 86 255
14.598465 46.979004 -18.750000 -0.965799 -0.259292 0.000000 30 42 86 255
14.479828 47.420898 -18.750000 -0.965799 -0.259292 0.000000 30 42 86 255
14.361191 47.862793 0.000000 -0.965799 -0.259292 0.000000 30 42 86 255
14.361191 47.862793 -18.750000 -0.965799 -0.259292 0.000000 30 42 86 255
14.242554 48.304688 0.000000 -0.954251 -0.299008 0.000000 30 42 86 255
14.242554 48.304688 -18.750000 -0.954251 -0.299008 0.000000 30 42 86 255
14.086899 48.737793 18.750000 -0.941069 -0.338213 0.000000 30 42 86 255
13.931244 49.170898 18.750000 -0.941069 -0.338213 0.000000 30 42 86 255
14.086899 48.737793 0.000000 -0.941069 -0.338213 0.000000 30 42 86 255
13.931244 49.170898 0.000000 -0.941069 -0.338213 0.000000 30 42 86 255
14.086899 48.737793 -18.750000 -0.941069 -0.338213 0.000000 30 42 86 255
13.931244 49.170898 -18.750000 -0.941069 -0.338213 0.000000 30 42 86 255
13.775589 49.604004 0.000000 -0.941069 -0.338213 0.000000 30 42 86 255
13.775589 49.604004 -18.750000 -0.941069 -0.338213 0.000000 30 42 86 255
13.619934 50.037109 0.000000 -0.928938 -0.370236 0.000000 30 42 86 255
13.619934 50.037109 -18.750000 -0.928938 -0.370236 0.000000 30 42 86 255
13.246689 50.887695 18.750000 -0.915716 -0.401825 0.000000 30 42 86 255
12.873444 51.738281 18.750000 -0.915716 -0.401825 0.000000 30 42 86 255
13.246689 50.887695 0.000000 -0.915716 -0.401825 0.000000 30 42 86 255
12.873444 51.738281 0.000000 -0.915716 -0.401825 0.000000 30 42 86 255
13.246689 50.887695 -18.750000 -0.915716 -0.401825 0.000000 30 42 86 255
12.500198 52.588867 0.000000 -0.915716 -0.401825 0.000000 30 42 86 255
12.500198 52.588867 -18.750000 -0.915716 -0.401825 0.000000 30 42 86 255
12.873444 51.738281 -18.750000 -0.915716 -0.401825 0.000000 30 42 86 255
-6.841858 14.080078 18.750000 -0.099143 0.995073 0.000000 30 42 86 255
-5.577888 14.334473 18.750000 -0.197310 0.980341 0.000000 30 42 86 255
-4.313919 14.588867 18.750000 -0.197310 0.980341 0.000000 30 42 86 255
-6.841858 14.080078 0.000000 -0.099143 0.995073 0.000000 30 42 86 255
-5.577888 14.334473 0.000000 -0.197310 0.980341 0.000000 30 42 86 255
-4.313919 14.588867 0.000000 -0.197310 0.980341 0.000000 30 42 86 255
-5.577888 14.334473 -18.750000 -0.197310 0.980341 0.000000 30 42 86 255
-4.313919 14.588867 -18.750000 -0.197310 0.980341 0.000000 30 42 86 255
-3.049950 14.843262 0.000000 -0.197310 0.980341 0.000000 30 42 86 255
-3.049950 14.843262 -18.750000 -0.197310 0.980341 0.000000 30 42 86 255
-1.785980 15.097656 0.000000 -0.217568 0.976045 0.000000 30 42 86 255
-1.785980 15.097656 -18.750000 -0.217568 0.976045 0.000000 30 42 86 255
-1.177498 15.246582 18.750000 -0.237733 0.971331 0.000000 30 42 86 255
-0.569016 15.395508 18.750000 -0.237733 0.971331 0.000000 30 42 86 255
-1.177498 15.246582 0.000000 -0.237733 0.971331 0.000000 30 42 86 255
-0.569016 15.395508 0.000000 -0.237733 0.971331 0.000000 30 42 86 255
-1.177498 15.246582 -18.750000 -0.237733 0.971331 0.000000 30 42 86 255
-0.569016 15.395508 -18.750000 -0.237733 0.971331 0.000000 30 42 86 255
0.039467 15.544434 0.000000 -0.237733 0.971331 0.000000 30 42 86 255
0.039467 15.544434 -18.750000 -0.237733 0.971331 0.000000 30 42 86 255
0.647949 15.693359 0.000000 -0.263925 0.964543 0.000000 30 42 86 255
0.647949 15.693359 -18.750000 -0.263925 0.964543 0.000000 30 42 86 255
1.228210 15.869141 18.750000 -0.289924 0.957050 0.000000 30 42 86 255
1.808472 16.044922 18.750000 -0.289924 0.957050 0.000000 30 42 86 255
1.228210 15.869141 0.000000 -0.289924 0.957050 0.000000 30 42 86 255
1.808472 16.044922 0.000000 -0.289924 0.957050 0.000000 30 42 86 255
1.228210 15.869141 -18.750000 -0.289924 0.957050 0.000000 30 42 86 255
1.808472 16.044922 -18.750000 -0.289924 0.957050 0.000000 30 42 86 255
2.388733 16.220703 0.000000 -0.289924 0.957050 0.000000 30 42 86 255
2.388733 16.220703 -18.750000 -0.289924 0.957050 0.000000 30 42 86 255
2.968994 16.396484 0.000000 -0.325986 0.945375 0.000000 30 42 86 255
2.968994 16.396484 -18.750000 -0.325986 0.945375 0.000000 30 42 86 255
3.511642 16.606934 18.750000 -0.361579 0.932341 0.000000 30 42 86 255
4.054291 16.817383 18.750000 -0.361579 0.932341 0.000000 30 42 86 255
3.511642 16.606934 0.000000 -0.361579 0.932341 0.000000 30 42 86 255
4.054291 16.817383 0.000000 -0.361579 0.932341 0.000000 30 42 86 255
3.511642 16.606934 -18.750000 -0.361579 0.932341 0.000000 30 42 86 255
4.054291 16.817383 -18.750000 -0.361579 0.932341 0.000000 30 42 86 255
4.596939 17.027832 0.000000 -0.361579 0.932341 0.000000 30 42 86 255
4.596939 17.027832 -18.750000 -0.361579 0.932341 0.000000 30 42 86 255
5.139587 17.238281 0.000000 -0.409301 0.912399 0.000000 30 42 86 255
5.139587 17.238281 -18.750000 -0.409301 0.912399 0.000000 30 42 86 255
5.635239 17.492188 18.750000 -0.455927 0.890017 0.000000 30 42 86 255
6.130890 17.746094 18.750000 -0.455927 0.890017 0.000000 30 42 86 255
5.635239 17.492188 0.000000 -0.455927 0.890017 0.000000 30 42 86 255
6.130890 17.746094 0.000000 -0.455927 0.890017 0.000000 30 42 86 255
5.635239 17.492188 -18.750000 -0.455927 0.890017 0.000000 30 42 86 255
6.130890 17.746094 -18.750000 -0.455927 0.890017 0.000000 30 42 86 255
6.626541 18.000000 0.000000 -0.455927 0.890017 0.000000 30 42 86 255
6.626541 18.000000 -18.750000 -0.455927 0.890017 0.000000 30 42 86 255
7.122192 18.253906 0.000000 -0.515062 0.857153 0.000000 30 42 86 255
7.122192 18.253906 -18.750000 -0.515062 0.857153 0.000000 30 42 86 255
7.561401 18.560059 18.750000 -0.571839 0.820366 0.000000 30 42 86 255
8.000610 18.866211 18.750000 -0.571839 0.820366 0.000000 30 42 86 255
7.561401 18.560059 0.000000 -0.571839 0.820366 0.000000 30 42 86 255
8.000610 18.866211 0.000000 -0.571839 0.820366 0.000000 30 42 86 255
7.561401 18.560059 -18.750000 -0.571839 0.820366 0.000000 30 42 86 255
8.000610 18.866211 -18.750000 -0.571839 0.820366 0.000000 30 42 86 255
8.439819 19.172363 0.000000 -0.571839 0.820366 0.000000 30 42 86 255
8.439819 19.172363 -18.750000 -0.571839 0.820366 0.000000 30 42 86 255
8.879028 19.478516 0.000000 -0.621400 0.783494 0.000000 30 42 86 255
8.879028 19.478516 -18.750000 -0.621400 0.783494 0.000000 30 42 86 255
9.074539 19.654297 18.750000 -0.668589 0.743632 0.000000 30 42 86 255
9.270050 19.830078 18.750000 -0.668589 0.743632 0.000000 30 42 86 255
9.074539 19.654297 0.000000 -0.668589 0.743632 0.000000 30 42 86 255
9.270050 19.830078 0.000000 -0.668590 0.743632 0.000000 30 42 86 255
9.074539 19.654297 -18.750000 -0.668590 0.743632 0.000000 30 42 86 255
9.270050 19.830078 -18.750000 -0.668589 0.743632 0.000000 30 42 86 255
9.465561 20.005859 0.000000 -0.668589 0.743632 0.000000 30 42 86 255
9.465561 20.005859 -18.750000 -0.668589 0.743632 0.000000 30 42 86 255
9.661072 20.181641 0.000000 -0.701987 0.712189 0.000000 30 42 86 255
9.661072 20.181641 -18.750000 -0.701987 0.712189 0.000000 30 42 86 255
9.839127 20.374023 18.750000 -0.733908 0.679249 0.000000 30 42 86 255
10.017181 20.566406 18.750000 -0.733908 0.679249 0.000000 30 42 86 255
9.839127 20.374023 0.000000 -0.733908 0.679249 0.000000 30 42 86 255
10.017181 20.566406 0.000000 -0.733908 0.679249 0.000000 30 42 86 255
9.839127 20.374023 -18.750000 -0.733908 0.679249 0.000000 30 42 86 255
10.017181 20.566406 -18.750000 -0.733908 0.679249 0.000000 30 42 86 255
10.195236 20.758789 0.000000 -0.733908 0.679249 0.000000 30 42 86 255
10.195236 20.758789 -18.750000 -0.733908 0.679249 0.000000 30 42 86 255
10.373291 20.951172 0.000000 -0.762734 0.646712 0.000000 30 42 86 255
10.373291 20.951172 -18.750000 -0.762734 0.646712 0.000000 30 42 86 255
10.534279 21.158691 18.750000 -0.790120 0.612953 0.000000 30 42 86 255
10.695267 21.366211 18.750000 -0.790120 0.612953 0.000000 30 42 86 255
10.534279 21.158691 0.000000 -0.790120 0.612953 0.000000 30 42 86 255
10.695267 21.366211 0.000000 -0.790120 0.612953 0.000000 30 42 86 255
10.534279 21.158691 -18.750000 -0.790120 0.612953 0.000000 30 42 86 255
10.695267 21.366211 -18.750000 -0.790120 0.612953 0.000000 30 42 86 255
10.856255 21.573730 0.000000 -0.790120 0.612953 0.000000 30 42 86 255
10.856255 21.573730 -18.750000 -0.790120 0.612953 0.000000 30 42 86 255
11.017242 21.781250 0.000000 -0.815040 0.579404 0.000000 30 42 86 255
11.017242 21.781250 -18.750000 -0.815040 0.579404 0.000000 30 42 86 255
11.162231 22.004395 18.750000 -0.838538 0.544843 0.000000 30 42 86 255
11.307220 22.227539 18.750000 -0.838538 0.544843 0.000000 30 42 86 255
11.162231 22.004395 0.000000 -0.838538 0.544843 0.000000 30 42 86 255
11.307220 22.227539 0.000000 -0.838538 0.544843 0.000000 30 42 86 255
11.162231 22.004395 -18.750000 -0.838538 0.544843 0.000000 30 42 86 255
11.307220 22.227539 -18.750000 -0.838538 0.544843 0.000000 30 42 86 255
11.452209 22.450684 0.000000 -0.838538 0.544843 0.000000 30 42 86 255
11.452209 22.450684 -18.750000 -0.838538 0.544843 0.000000 30 42 86 255
11.597198 22.673828 0.000000 -0.866404 0.499343 0.000000 30 42 86 255
11.597198 22.673828 -18.750000 -0.866404 0.499343 0.000000 30 42 86 255
11.843422 23.159180 18.750000 -0.891804 0.452421 0.000000 30 42 86 255
12.089645 23.644531 18.750000 -0.891804 0.452421 0.000000 30 42 86 255
11.843422 23.159180 0.000000 -0.891804 0.452421 0.000000 30 42 86 255
12.089645 23.644531 0.000000 -0.891804 0.452421 0.000000 30 42 86 255
11.843422 23.159180 -18.750000 -0.891804 0.452421 0.000000 30 42 86 255
12.089645 23.644531 -18.750000 -0.891804 0.452421 0.000000 30 42 86 255
12.335869 24.129883 0.000000 -0.891804 0.452421 0.000000 30 42 86 255
12.335869 24.129883 -18.750000 -0.891804 0.452421 0.000000 30 42 86 255
12.582092 24.615234 0.000000 -0.917217 0.398388 0.000000 30 42 86 255
12.582092 24.615234 -18.750000 -0.917217 0.398388 0.000000 30 42 86 255
12.777107 25.149414 18.750000 -0.939359 0.342935 0.000000 30 42 86 255
12.972122 25.683594 18.750000 -0.939359 0.342935 0.000000 30 42 86 255
12.777107 25.149414 0.000000 -0.939359 0.342935 0.000000 30 42 86 255
12.972122 25.683594 0.000000 -0.939359 0.342935 0.000000 30 42 86 255
12.777107 25.149414 -18.750000 -0.939359 0.342935 0.000000 30 42 86 255
12.972122 25.683594 -18.750000 -0.939359 0.342935 0.000000 30 42 86 255
13.167137 26.217773 0.000000 -0.939359 0.342935 0.000000 30 42 86 255
13.167137 26.217773 -18.750000 -0.939359 0.342935 0.000000 30 42 86 255
13.362152 26.751953 0.000000 -0.953882 0.300183 0.000000 30 42 86 255
13.362152 26.751953 -18.750000 -0.953882 0.300183 0.000000 30 42 86 255
13.514481 27.325195 18.750000 -0.966460 0.256819 0.000000 30 42 86 255
13.666809 27.898438 18.750000 -0.966460 0.256819 0.000000 30 42 86 255
13.514481 27.325195 0.000000 -0.966460 0.256819 0.000000 30 42 86 255
13.666809 27.898438 0.000000 -0.966460 0.256819 0.000000 30 42 86 255
13.514481 27.325195 -18.750000 -0.966460 0.256819 0.000000 30 42 86 255
13.666809 27.898438 -18.750000 -0.966460 0.256819 0.000000 30 42 86 255
13.819138 28.471680 0.000000 -0.966460 0.256819 0.000000 30 42 86 255
13.819138 28.471680 -18.750000 -0.966460 0.256819 0.000000 30 42 86 255
13.971466 29.044922 0.000000 -0.974511 0.224339 0.000000 30 42 86 255
13.971466 29.044922 -18.750000 -0.974511 0.224339 0.000000 30 42 86 255
14.089668 29.650391 18.750000 -0.981472 0.191607 0.000000 30 42 86 255
14.207870 30.255859 18.750000 -0.981472 0.191607 0.000000 30 42 86 255
14.089668 29.650391 0.000000 -0.981472 0.191607 0.000000 30 42 86 255
14.207870 30.255859 0.000000 -0.981472 0.191607 0.000000 30 42 86 255
14.089668 29.650391 -18.750000 -0.981472 0.191607 0.000000 30 42 86 255
14.207870 30.255859 -18.750000 -0.981472 0.191607 0.000000 30 42 86 255
14.326073 30.861328 0.000000 -0.981472 0.191607 0.000000 30 42 86 255
14.326073 30.861328 -18.750000 -0.981472 0.191607 0.000000 30 42 86 255
14.444275 31.466797 0.000000 -0.985673 0.168665 0.000000 30 42 86 255
14.444275 31.466797 -18.750000 -0.985673 0.168665 0.000000 30 42 86 255
14.536850 32.095703 18.750000 -0.989339 0.145631 0.000000 30 42 86 255
14.629425 32.724609 18.750000 -0.989339 0.145631 0.000000 30 42 86 255
14.536850 32.095703 0.000000 -0.989339 0.145631 0.000000 30 42 86 255
14.629425 32.724609 0.000000 -0.989339 0.145631 0.000000 30 42 86 255
14.536850 32.095703 -18.750000 -0.989339 0.145631 0.000000 30 42 86 255
14.629425 32.724609 -18.750000 -0.989339 0.145631 0.000000 30 42 86 255
14.722000 33.353516 0.000000 -0.989339 0.145631 0.000000 30 42 86 255
14.722000 33.353516 -18.750000 -0.989339 0.145631 0.000000 30 42 86 255
14.814575 33.982422 0.000000 -0.991847 0.127431 0.000000 30 42 86 255
14.814575 33.982422 -18.750000 -0.991847 0.127431 0.000000 30 42 86 255
14.957085 35.279785 18.750000 -0.994021 0.109189 0.000000 30 42 86 255
15.099594 36.577148 18.750000 -0.994021 0.109189 0.000000 30 42 86 255
14.957085 35.279785 0.000000 -0.994021 0.109189 0.000000 30 42 86 255
15.099594 36.577148 0.000000 -0.994021 0.109189 0.000000 30 42 86 255
14.957085 35.279785 -18.750000 -0.994021 0.109189 0.000000 30 42 86 255
15.242104 37.874512 0.000000 -0.994021 0.109189 0.000000 30 42 86 255
15.242104 37.874512 -18.750000 -0.994021 0.109189 0.000000 30 42 86 255
15.099594 36.577148 -18.750000 -0.994021 0.109189 0.000000 30 42 86 255
-22.641510 14.080078 18.750000 0.707107 0.707107 0.000000 30 42 86 255
-18.691597 14.080078 18.750000 0.000000 1.000000 0.000000 30 42 86 255
-14.741684 14.080078 18.750000 0.000000 1.000000 0.000000 30 42 86 255
-22.641510 14.080078 0.000000 0.707107 0.707107 0.000000 30 42 86 255
-18.691597 14.080078 0.000000 0.000000 1.000000 0.000000 30 42 86 255
-14.741684 14.080078 0.000000 0.000000 1.000000 0.000000 30 42 86 255
-18.691597 14.080078 -18.750000 0.000000 1.000000 0.000000 30 42 86 255
-10.791771 14.080078 0.000000 0.000000 1.000000 0.000000 30 42 86 255
-10.791771 14.080078 -18.750000 0.000000 1.000000 0.000000 30 42 86 255
-14.741684 14.080078 -18.750000 0.000000 1.000000 0.000000 30 42 86 255
-22.641510 50.544434 18.750000 1.000000 0.000000 0.000000 30 42 86 255
-22.641510 38.389648 18.750000 1.000000 0.000000 0.000000 30 42 86 255
-22.641510 50.544434 0.000000 1.000000 0.000000 0.000000 30 42 86 255
-22.641510 38.389648 0.000000 1.000000 0.000000 0.000000 30 42 86 255
-22.641510 50.544434 -18.750000 1.000000 0.000000 0.000000 30 42 86 255
-22.641510 26.234863 0.000000 1.000000 0.000000 0.000000 30 42 86 255
-22.641510 26.234863 -18.750000 1.000000 0.000000 0.000000 30 42 86 255
-22.641510 38.389648 -18.750000 1.000000 0.000000 0.000000 30 42 86 255
3 0 1 2
3 3 4 5
3 6 7 8
3 9 10 11
3 12 13 14
3 15 16 17
3 18 19 20
3 18 20 21
3 22 23 24
3 22 24 25
3 26 27 28
3 26 28 29
3 30 31 32
3 30 32 33
3 34 35 36
3 34 36 37
3 38 39 40
3 38 40 41
3 42 43 44
3 42 44 45
3 46 47 48
3 46 48 49
3 50 51 52
3 50 52 53
3 54 55 56
3 54 56 57
3 58 59 60
3 58 60 61
3 62 63 64
3 62 64 65
3 66 67 68
3 66 68 69
3 70 71 72
3 70 72 73
3 74 75 76
3 74 76 77
3 78 79 80
3 81 82 83
3 84 85 86
3 84 86 87
3 88 89 90
3 88 90 91
3 92 93 94
3 92 94 95
3 96 97 98
3 96 98 99
3 100 101 102
3 100 102 103
3 104 105 106
3 107 108 109
3 110 111 112
3 110 112 113
3 114 115 116
3 114 116 117
3 118 119 120
3 118 120 121
3 122 123 124
3 122 124 125
3 126 127 128
3 126 128 129
3 130 131 132
3 133 134 135
3 136 137 138
3 136 138 139
3 140 141 142
3 140 142 143
3 144 145 146
3 144 146 147
3 148 149 150
3 148 150 151
3 152 153 154
3 155 156 157
3 158 159 160
3 161 162 163
3 164 165 166
3 167 168 169
3 170 171 172
3 170 172 173
3 174 175 176
3 174 176 177
3 178 179 180
3 178 180 181
3 182 183 184
3 182 184 185
3 186 187 188
3 189 190 191
3 192 193 194
3 192 194 195
3 196 197 198
3 196 198 199
3 200 201 202
3 200 202 203
3 204 205 206
3 204 206 207
3 208 209 210
3 208 210 211
3 212 213 214
3 215 216 217
3 218 219 220
3 218 220 221
3 222 223 224
3 222 224 225
3 226 227 228
3 226 228 229
3 230 231 232
3 230 232 233
3 234 235 236
3 234 236 237
3 238 239 240
3 238 240 241
3 242 243 244
3 245 246 247
3 248 249 250
3 248 250 251
3 252 253 254
3 252 254 255
3 256 257 258
3 256 258 259
3 260 261 262
3 260 262 263
3 264 265 266
3 264 266 267
3 268 269 270
3 271 272 273
3 274 275 276
3 274 276 277
3 278 279 280
3 278 280 281
3 282 283 284
3 282 284 285
3 286 287 288
3 286 288 289
3 290 291 292
3 290 292 293
3 294 295 296
3 294 296 297
3 298 299 300
3 298 300 301
3 302 303 304
3 302 304 305
3 306 307 308
3 306 308 309
3 310 311 312
3 310 312 313
3 314 315 316
3 314 316 317
3 318 319 320
3 318 320 321
3 322 323 324
3 322 324 325
3 326 327 328
3 326 328 329
3 330 331 332
3 330 332 333
3 334 335 336
3 334 336 337
3 338 339 340
3 341 342 343
3 344 345 346
3 347 348 349
3 350 351 352
3 353 354 355
3 356 357 358
3 359 360 361
3 362 363 364
3 365 366 367
3 368 369 370
3 371 372 373
3 374 375 376
3 377 378 379
3 371 380 381
3 377 382 383
3 377 383 384
3 161 385 386
3 161 386 387
3 365 367 388
3 371 389 380
3 359 361 390
3 3 391 392
3 3 392 393
3 353 355 394
3 271 395 396
3 274 277 397
3 3 398 399
3 3 399 400
3 9 401 402
3 74 403 404
3 70 405 406
3 66 407 408
3 62 409 410
3 58 411 412
3 54 413 414
3 50 415 416
3 46 417 418
3 42 419 420
3 38 421 422
3 34 423 424
3 30 425 426
3 26 427 428
3 22 429 430
3 18 431 432
3 18 432 433
3 278 281 434
3 314 435 436
3 314 436 437
3 290 293 438
3 314 439 440
3 310 441 442
3 310 442 443
3 306 444 445
3 322 325 446
3 18 447 448
3 18 448 449
3 15 450 451
3 15 451 452
3 245 247 453
3 15 454 455
3 100 456 457
3 100 457 458
3 256 259 459
3 100 460 461
3 100 461 462
3 96 463 464
3 96 464 465
3 96 465 466
3 92 467 468
3 92 468 469
3 226 229 470
3 92 471 472
3 88 473 474
3 88 474 475
3 189 476 477
3 238 478 479
3 238 479 480
3 189 191 476
3 110 481 482
3 110 482 483
3 200 203 484
3 110 485 486
3 110 486 487
3 167 169 488
3 110 489 490
3 107 491 492
3 107 492 493
3 107 493 494
3 148 495 496
3 148 496 497
3 144 498 499
3 140 500 501
3 136 502 503
3 118 121 504
3 238 505 506
3 238 506 507
3 81 83 508
3 238 509 510
3 374 511 375
3 368 512 513
3 368 513 369
3 0 514 1
3 152 515 516
3 152 516 153
3 130 517 131
3 518 519 520
3 518 520 521
3 522 523 524
3 525 526 527
3 528 529 530
3 528 530 531
3 104 532 533
3 104 533 534
3 164 535 165
3 536 537 538
3 536 538 539
3 540 541 542
3 164 543 544
3 164 544 535
3 545 546 547
3 548 549 550
3 548 550 551
3 78 552 553
3 78 553 554
3 555 556 557
3 78 558 79
3 559 560 561
3 559 561 562
3 559 562 563
3 564 565 566
3 564 566 567
3 564 567 568
3 569 570 571
3 569 571 572
3 573 574 575
3 569 576 577
3 578 579 580
3 578 580 581
3 578 581 582
3 583 584 585
3 583 585 586
3 587 588 589
3 583 590 591
3 583 591 592
3 12 593 594
3 12 594 595
3 596 597 598
3 12 599 13
3 600 601 602
3 600 602 603
3 604 605 606
3 600 607 608
3 600 608 609
3 610 611 612
3 613 614 615
3 616 617 618
3 619 620 621
3 622 623 624
3 625 626 627
3 628 629 630
3 631 632 633
3 634 635 636
3 637 638 639
3 640 641 642
3 643 644 645
3 646 647 648
3 649 650 651
3 6 652 653
3 6 653 654
3 655 656 657
3 658 659 660
3 658 660 661
3 662 663 664
3 665 666 667
3 665 667 668
3 669 670 671
3 672 673 674
3 6 675 676
3 6 676 677
3 350 678 351
3 344 679 345
3 350 680 681
3 6 682 7
3 683 684 0
3 685 686 683
3 7 687 685
3 683 686 684
3 686 688 684
3 685 687 686
3 687 689 686
3 686 689 688
3 689 690 688
3 7 682 687
3 682 691 687
3 687 691 689
3 691 692 689
3 689 692 690
3 692 356 690
3 677 682 6
3 693 694 677
3 681 695 693
3 677 694 682
3 694 691 682
3 693 695 694
3 695 696 694
3 694 696 691
3 696 692 691
3 681 680 695
3 680 697 695
3 695 697 696
3 697 357 696
3 696 357 692
3 357 356 692
3 698 339 338
3 699 700 698
3 345 701 699
3 698 700 339
3 700 702 339
3 699 701 700
3 701 703 700
3 700 703 702
3 703 704 702
3 345 679 701
3 679 705 701
3 701 705 703
3 705 706 703
3 703 706 704
3 706 268 704
3 707 679 344
3 708 709 707
3 351 710 708
3 707 709 679
3 709 705 679
3 708 710 709
3 710 711 709
3 709 711 705
3 711 706 705
3 351 678 710
3 678 712 710
3 710 712 711
3 712 713 711
3 711 713 706
3 713 268 706
3 681 678 350
3 693 714 681
3 677 715 693
3 681 714 678
3 714 712 678
3 693 715 714
3 715 716 714
3 714 716 712
3 716 713 712
3 677 676 715
3 676 717 715
3 715 717 716
3 717 718 716
3 716 718 713
3 718 268 713
3 718 269 268
3 717 719 718
3 676 720 717
3 718 719 269
3 719 721 269
3 717 720 719
3 720 722 719
3 719 722 721
3 722 723 721
3 676 675 720
3 675 724 720
3 720 724 722
3 724 725 722
3 722 725 723
3 725 726 723
3 654 675 6
3 727 728 654
3 674 729 727
3 654 728 675
3 728 724 675
3 727 729 728
3 729 730 728
3 728 730 724
3 730 725 724
3 674 673 729
3 673 731 729
3 729 731 730
3 731 732 730
3 730 732 725
3 732 726 725
3 661 733 658
3 734 735 661
3 671 736 734
3 661 735 733
3 735 737 733
3 734 736 735
3 736 738 735
3 735 738 737
3 738 739 737
3 671 670 736
3 670 740 736
3 736 740 738
3 740 741 738
3 738 741 739
3 741 742 739
3 743 744 745
3 746 747 743
3 668 748 746
3 743 747 744
3 747 749 744
3 746 748 747
3 748 750 747
3 747 750 749
3 750 751 749
3 668 667 748
3 667 752 748
3 748 752 750
3 752 753 750
3 750 753 751
3 753 754 751
3 753 755 754
3 752 756 753
3 667 757 752
3 753 756 755
3 756 758 755
3 752 757 756
3 757 759 756
3 756 759 758
3 759 760 758
3 667 666 757
3 666 761 757
3 757 761 759
3 761 762 759
3 759 762 760
3 762 655 760
3 763 666 665
3 764 765 763
3 664 766 764
3 763 765 666
3 765 761 666
3 764 766 765
3 766 767 765
3 765 767 761
3 767 762 761
3 664 663 766
3 663 768 766
3 766 768 767
3 768 656 767
3 767 656 762
3 656 655 762
3 671 769 669
3 734 770 671
3 661 771 734
3 671 770 769
3 770 772 769
3 734 771 770
3 771 773 770
3 770 773 772
3 773 774 772
3 661 660 771
3 660 775 771
3 771 775 773
3 775 776 773
3 773 776 774
3 776 777 774
3 776 778 777
3 775 779 776
3 660 780 775
3 776 779 778
3 779 781 778
3 775 780 779
3 780 782 779
3 779 782 781
3 782 783 781
3 660 659 780
3 659 784 780
3 780 784 782
3 784 785 782
3 782 785 783
3 785 662 783
3 786 659 658
3 787 788 786
3 657 789 787
3 786 788 659
3 788 784 659
3 787 789 788
3 789 790 788
3 788 790 784
3 790 785 784
3 657 656 789
3 656 768 789
3 789 768 790
3 768 663 790
3 790 663 785
3 663 662 785
3 674 791 672
3 727 792 674
3 654 793 727
3 674 792 791
3 792 794 791
3 727 793 792
3 793 795 792
3 792 795 794
3 795 796 794
3 654 653 793
3 653 797 793
3 793 797 795
3 797 798 795
3 795 798 796
3 798 742 796
3 798 739 742
3 797 799 798
3 653 800 797
3 798 799 739
3 799 737 739
3 797 800 799
3 800 801 799
3 799 801 737
3 801 733 737
3 653 652 800
3 652 802 800
3 800 802 801
3 802 803 801
3 801 803 733
3 803 658 733
3 804 652 6
3 805 806 804
3 651 807 805
3 804 806 652
3 806 802 652
3 805 807 806
3 807 808 806
3 806 808 802
3 808 803 802
3 651 650 807
3 650 809 807
3 807 809 808
3 809 810 808
3 808 810 803
3 810 658 803
3 811 650 649
3 812 813 811
3 648 814 812
3 811 813 650
3 813 809 650
3 812 814 813
3 814 815 813
3 813 815 809
3 815 810 809
3 648 647 814
3 647 816 814
3 814 816 815
3 816 817 815
3 815 817 810
3 817 658 810
3 818 647 646
3 819 820 818
3 645 821 819
3 818 820 647
3 820 816 647
3 819 821 820
3 821 822 820
3 820 822 816
3 822 817 816
3 645 644 821
3 644 823 821
3 821 823 822
3 823 824 822
3 822 824 817
3 824 658 817
3 825 644 643
3 826 827 825
3 642 828 826
3 825 827 644
3 827 823 644
3 826 828 827
3 828 829 827
3 827 829 823
3 829 824 823
3 642 641 828
3 641 830 828
3 828 830 829
3 830 831 829
3 829 831 824
3 831 658 824
3 832 641 640
3 833 834 832
3 639 835 833
3 832 834 641
3 834 830 641
3 833 835 834
3 835 836 834
3 834 836 830
3 836 831 830
3 639 638 835
3 638 837 835
3 835 837 836
3 837 838 836
3 836 838 831
3 838 658 831
3 839 638 637
3 840 841 839
3 636 842 840
3 839 841 638
3 841 837 638
3 840 842 841
3 842 843 841
3 841 843 837
3 843 838 837
3 636 635 842
3 635 844 842
3 842 844 843
3 844 845 843
3 843 845 838
3 845 658 838
3 846 635 634
3 847 848 846
3 633 849 847
3 846 848 635
3 848 844 635
3 847 849 848
3 849 850 848
3 848 850 844
3 850 845 844
3 633 632 849
3 632 851 849
3 849 851 850
3 851 852 850
3 850 852 845
3 852 658 845
3 853 632 631
3 854 855 853
3 630 856 854
3 853 855 632
3 855 851 632
3 854 856 855
3 856 857 855
3 855 857 851
3 857 852 851
3 630 629 856
3 629 858 856
3 856 858 857
3 858 859 857
3 857 859 852
3 859 658 852
3 860 629 628
3 861 862 860
3 627 863 861
3 860 862 629
3 862 858 629
3 861 863 862
3 863 864 862
3 862 864 858
3 864 859 858
3 627 626 863
3 626 865 863
3 863 865 864
3 865 866 864
3 864 866 859
3 866 658 859
3 867 626 625
3 868 869 867
3 624 870 868
3 867 869 626
3 869 865 626
3 868 870 869
3 870 871 869
3 869 871 865
3 871 866 865
3 624 623 870
3 623 872 870
3 870 872 871
3 872 873 871
3 871 873 866
3 873 658 866
3 874 623 622
3 875 876 874
3 621 877 875
3 874 876 623
3 876 872 623
3 875 877 876
3 877 878 876
3 876 878 872
3 878 873 872
3 621 620 877
3 620 879 877
3 877 879 878
3 879 880 878
3 878 880 873
3 880 658 873
3 881 620 619
3 882 883 881
3 618 884 882
3 881 883 620
3 883 879 620
3 882 884 883
3 884 885 883
3 883 885 879
3 885 880 879
3 618 617 884
3 617 886 884
3 884 886 885
3 886 887 885
3 885 887 880
3 887 658 880
3 888 617 616
3 889 890 888
3 615 891 889
3 888 890 617
3 890 886 617
3 889 891 890
3 891 892 890
3 890 892 886
3 892 887 886
3 615 614 891
3 614 893 891
3 891 893 892
3 893 894 892
3 892 894 887
3 894 658 887
3 895 614 613
3 896 897 895
3 612 898 896
3 895 897 614
3 897 893 614
3 896 898 897
3 898 899 897
3 897 899 893
3 899 894 893
3 612 611 898
3 611 900 898
3 898 900 899
3 900 901 899
3 899 901 894
3 901 658 894
3 902 611 610
3 903 904 902
3 609 905 903
3 902 904 611
3 904 900 611
3 903 905 904
3 905 906 904
3 904 906 900
3 906 901 900
3 609 608 905
3 608 907 905
3 905 907 906
3 907 908 906
3 906 908 901
3 908 658 901
3 908 909 658
3 907 910 908
3 608 911 907
3 908 910 909
3 910 912 909
3 907 911 910
3 911 913 910
3 910 913 912
3 913 914 912
3 608 607 911
3 607 915 911
3 911 915 913
3 915 916 913
3 913 916 914
3 916 917 914
3 603 607 600
3 918 919 603
3 606 920 918
3 603 919 607
3 919 915 607
3 918 920 919
3 920 921 919
3 919 921 915
3 921 916 915
3 606 605 920
3 605 922 920
3 920 922 921
3 922 923 921
3 921 923 916
3 923 917 916
3 606 924 604
3 918 925 606
3 603 926 918
3 606 925 924
3 925 927 924
3 918 926 925
3 926 928 925
3 925 928 927
3 928 929 927
3 603 602 926
3 602 930 926
3 926 930 928
3 930 931 928
3 928 931 929
3 931 932 929
3 931 933 932
3 930 934 931
3 602 935 930
3 931 934 933
3 934 936 933
3 930 935 934
3 935 937 934
3 934 937 936
3 937 938 936
3 602 601 935
3 601 939 935
3 935 939 937
3 939 940 937
3 937 940 938
3 940 941 938
3 942 601 600
3 943 944 942
3 13 945 943
3 942 944 601
3 944 939 601
3 943 945 944
3 945 946 944
3 944 946 939
3 946 940 939
3 13 599 945
3 599 947 945
3 945 947 946
3 947 948 946
3 946 948 940
3 948 941 940
3 595 599 12
3 949 950 595
3 598 951 949
3 595 950 599
3 950 947 599
3 949 951 950
3 951 952 950
3 950 952 947
3 952 948 947
3 598 597 951
3 597 953 951
3 951 953 952
3 953 954 952
3 952 954 948
3 954 941 948
3 598 955 596
3 949 956 598
3 595 957 949
3 598 956 955
3 956 958 955
3 949 957 956
3 957 959 956
3 956 959 958
3 959 960 958
3 595 594 957
3 594 961 957
3 957 961 959
3 961 962 959
3 959 962 960
3 962 242 960
3 962 243 242
3 961 963 962
3 594 964 961
3 962 963 243
3 963 965 243
3 961 964 963
3 964 966 963
3 963 966 965
3 966 967 965
3 594 593 964
3 593 968 964
3 964 968 966
3 968 969 966
3 966 969 967
3 969 970 967
3 971 593 12
3 972 973 971
3 592 974 972
3 971 973 593
3 973 968 593
3 972 974 973
3 974 975 973
3 973 975 968
3 975 969 968
3 592 591 974
3 591 976 974
3 974 976 975
3 976 977 975
3 975 977 969
3 977 970 969
3 977 978 970
3 976 979 977
3 591 980 976
3 977 979 978
3 979 981 978
3 976 980 979
3 980 982 979
3 979 982 981
3 982 983 981
3 591 590 980
3 590 984 980
3 980 984 982
3 984 985 982
3 982 985 983
3 985 986 983
3 586 590 583
3 987 988 586
3 589 989 987
3 586 988 590
3 988 984 590
3 987 989 988
3 989 990 988
3 988 990 984
3 990 985 984
3 589 588 989
3 588 991 989
3 989 991 990
3 991 992 990
3 990 992 985
3 992 986 985
3 589 993 587
3 987 994 589
3 586 995 987
3 589 994 993
3 994 996 993
3 987 995 994
3 995 997 994
3 994 997 996
3 997 998 996
3 586 585 995
3 585 999 995
3 995 999 997
3 999 1000 997
3 997 1000 998
3 1000 1001 998
3 1000 1002 1001
3 999 1003 1000
3 585 1004 999
3 1000 1003 1002
3 1003 1005 1002
3 999 1004 1003
3 1004 1006 1003
3 1003 1006 1005
3 1006 1007 1005
3 585 584 1004
3 584 1008 1004
3 1004 1008 1006
3 1008 1009 1006
3 1006 1009 1007
3 1009 1010 1007
3 1011 584 583
3 1012 1013 1011
3 582 1014 1012
3 1011 1013 584
3 1013 1008 584
3 1012 1014 1013
3 1014 1015 1013
3 1013 1015 1008
3 1015 1009 1008
3 582 581 1014
3 581 1016 1014
3 1014 1016 1015
3 1016 1017 1015
3 1015 1017 1009
3 1017 1010 1009
3 1017 1018 1010
3 1016 1019 1017
3 581 1020 1016
3 1017 1019 1018
3 1019 1021 1018
3 1016 1020 1019
3 1020 1022 1019
3 1019 1022 1021
3 1022 1023 1021
3 581 580 1020
3 580 1024 1020
3 1020 1024 1022
3 1024 1025 1022
3 1022 1025 1023
3 1025 212 1023
3 1025 213 212
3 1024 1026 1025
3 580 1027 1024
3 1025 1026 213
3 1026 1028 213
3 1024 1027 1026
3 1027 1029 1026
3 1026 1029 1028
3 1029 1030 1028
3 580 579 1027
3 579 1031 1027
3 1027 1031 1029
3 1031 1032 1029
3 1029 1032 1030
3 1032 1033 1030
3 1034 579 578
3 1035 1036 1034
3 577 1037 1035
3 1034 1036 579
3 1036 1031 579
3 1035 1037 1036
3 1037 1038 1036
3 1036 1038 1031
3 1038 1032 1031
3 577 576 1037
3 576 1039 1037
3 1037 1039 1038
3 1039 1040 1038
3 1038 1040 1032
3 1040 1033 1032
3 572 576 569
3 1041 1042 572
3 575 1043 1041
3 572 1042 576
3 1042 1039 576
3 1041 1043 1042
3 1043 1044 1042
3 1042 1044 1039
3 1044 1040 1039
3 575 574 1043
3 574 1045 1043
3 1043 1045 1044
3 1045 1046 1044
3 1044 1046 1040
3 1046 1033 1040
3 575 1047 573
3 1041 1048 575
3 572 1049 1041
3 575 1048 1047
3 1048 1050 1047
3 1041 1049 1048
3 1049 1051 1048
3 1048 1051 1050
3 1051 1052 1050
3 572 571 1049
3 571 1053 1049
3 1049 1053 1051
3 1053 1054 1051
3 1051 1054 1052
3 1054 1055 1052
3 1054 1056 1055
3 1053 1057 1054
3 571 1058 1053
3 1054 1057 1056
3 1057 1059 1056
3 1053 1058 1057
3 1058 1060 1057
3 1057 1060 1059
3 1060 1061 1059
3 571 570 1058
3 570 1062 1058
3 1058 1062 1060
3 1062 1063 1060
3 1060 1063 1061
3 1063 1064 1061
3 1065 570 569
3 1066 1067 1065
3 568 1068 1066
3 1065 1067 570
3 1067 1062 570
3 1066 1068 1067
3 1068 1069 1067
3 1067 1069 1062
3 1069 1063 1062
3 568 567 1068
3 567 1070 1068
3 1068 1070 1069
3 1070 1071 1069
3 1069 1071 1063
3 1071 1064 1063
3 1071 1072 1064
3 1070 1073 1071
3 567 1074 1070
3 1071 1073 1072
3 1073 1075 1072
3 1070 1074 1073
3 1074 1076 1073
3 1073 1076 1075
3 1076 1077 1075
3 567 566 1074
3 566 1078 1074
3 1074 1078 1076
3 1078 1079 1076
3 1076 1079 1077
3 1079 1080 1077
3 1079 1081 1080
3 1078 1082 1079
3 566 1083 1078
3 1079 1082 1081
3 1082 1084 1081
3 1078 1083 1082
3 1083 1085 1082
3 1082 1085 1084
3 1085 1086 1084
3 566 565 1083
3 565 1087 1083
3 1083 1087 1085
3 1087 1088 1085
3 1085 1088 1086
3 1088 1089 1086
3 1090 565 564
3 1091 1092 1090
3 563 1093 1091
3 1090 1092 565
3 1092 1087 565
3 1091 1093 1092
3 1093 1094 1092
3 1092 1094 1087
3 1094 1088 1087
3 563 562 1093
3 562 1095 1093
3 1093 1095 1094
3 1095 1096 1094
3 1094 1096 1088
3 1096 1089 1088
3 1096 1097 1089
3 1095 1098 1096
3 562 1099 1095
3 1096 1098 1097
3 1098 1100 1097
3 1095 1099 1098
3 1099 1101 1098
3 1098 1101 1100
3 1101 1102 1100
3 562 561 1099
3 561 1103 1099
3 1099 1103 1101
3 1103 1104 1101
3 1101 1104 1102
3 1104 186 1102
3 1104 187 186
3 1103 1105 1104
3 561 1106 1103
3 1104 1105 187
3 1105 1107 187
3 1103 1106 1105
3 1106 1108 1105
3 1105 1108 1107
3 1108 1109 1107
3 561 560 1106
3 560 1110 1106
3 1106 1110 1108
3 1110 1111 1108
3 1108 1111 1109
3 1111 1112 1109
3 1113 560 559
3 1114 1115 1113
3 79 1116 1114
3 1113 1115 560
3 1115 1110 560
3 1114 1116 1115
3 1116 1117 1115
3 1115 1117 1110
3 1117 1111 1110
3 79 558 1116
3 558 1118 1116
3 1116 1118 1117
3 1118 1119 1117
3 1117 1119 1111
3 1119 1112 1111
3 554 558 78
3 1120 1121 554
3 557 1122 1120
3 554 1121 558
3 1121 1118 558
3 1120 1122 1121
3 1122 1123 1121
3 1121 1123 1118
3 1123 1119 1118
3 557 556 1122
3 556 1124 1122
3 1122 1124 1123
3 1124 1125 1123
3 1123 1125 1119
3 1125 1112 1119
3 557 1126 555
3 1120 1127 557
3 554 1128 1120
3 557 1127 1126
3 1127 1129 1126
3 1120 1128 1127
3 1128 1130 1127
3 1127 1130 1129
3 1130 1131 1129
3 554 553 1128
3 553 1132 1128
3 1128 1132 1130
3 1132 1133 1130
3 1130 1133 1131
3 1133 1134 1131
3 1133 1135 1134
3 1132 1136 1133
3 553 1137 1132
3 1133 1136 1135
3 1136 1138 1135
3 1132 1137 1136
3 1137 1139 1136
3 1136 1139 1138
3 1139 1140 1138
3 553 552 1137
3 552 1141 1137
3 1137 1141 1139
3 1141 1142 1139
3 1139 1142 1140
3 1142 1143 1140
3 1144 552 78
3 1145 1146 1144
3 551 1147 1145
3 1144 1146 552
3 1146 1141 552
3 1145 1147 1146
3 1147 1148 1146
3 1146 1148 1141
3 1148 1142 1141
3 551 550 1147
3 550 1149 1147
3 1147 1149 1148
3 1149 1150 1148
3 1148 1150 1142
3 1150 1143 1142
3 1150 1151 1143
3 1149 1152 1150
3 550 1153 1149
3 1150 1152 1151
3 1152 1154 1151
3 1149 1153 1152
3 1153 1155 1152
3 1152 1155 1154
3 1155 1156 1154
3 550 549 1153
3 549 1157 1153
3 1153 1157 1155
3 1157 1158 1155
3 1155 1158 1156
3 1158 540 1156
3 1159 549 548
3 1160 1161 1159
3 547 1162 1160
3 1159 1161 549
3 1161 1157 549
3 1160 1162 1161
3 1162 1163 1161
3 1161 1163 1157
3 1163 1158 1157
3 547 546 1162
3 546 1164 1162
3 1162 1164 1163
3 1164 541 1163
3 1163 541 1158
3 541 540 1158
3 1165 1166 1167
3 1168 1169 1165
3 535 1170 1168
3 1165 1169 1166
3 1169 1171 1166
3 1168 1170 1169
3 1170 1172 1169
3 1169 1172 1171
3 1172 1173 1171
3 535 544 1170
3 544 1174 1170
3 1170 1174 1172
3 1174 1175 1172
3 1172 1175 1173
3 1175 1176 1173
3 1175 1177 1176
3 1174 1178 1175
3 544 1179 1174
3 1175 1178 1177
3 1178 1180 1177
3 1174 1179 1178
3 1179 1181 1178
3 1178 1181 1180
3 1181 1182 1180
3 544 543 1179
3 543 1183 1179
3 1179 1183 1181
3 1183 1184 1181
3 1181 1184 1182
3 1184 545 1182
3 1185 543 164
3 1186 1187 1185
3 542 1188 1186
3 1185 1187 543
3 1187 1183 543
3 1186 1188 1187
3 1188 1189 1187
3 1187 1189 1183
3 1189 1184 1183
3 542 541 1188
3 541 1164 1188
3 1188 1164 1189
3 1164 546 1189
3 1189 546 1184
3 546 545 1184
3 534 105 104
3 1190 1191 534
3 539 1192 1190
3 534 1191 105
3 1191 1193 105
3 1190 1192 1191
3 1192 1194 1191
3 1191 1194 1193
3 1194 1195 1193
3 539 538 1192
3 538 1196 1192
3 1192 1196 1194
3 1196 1197 1194
3 1194 1197 1195
3 1197 1198 1195
3 1197 1199 1198
3 1196 1200 1197
3 538 1201 1196
3 1197 1200 1199
3 1200 1202 1199
3 1196 1201 1200
3 1201 1203 1200
3 1200 1203 1202
3 1203 1204 1202
3 538 537 1201
3 537 1205 1201
3 1201 1205 1203
3 1205 1206 1203
3 1203 1206 1204
3 1206 1167 1204
3 1207 537 536
3 1208 1209 1207
3 165 1210 1208
3 1207 1209 537
3 1209 1205 537
3 1208 1210 1209
3 1210 1211 1209
3 1209 1211 1205
3 1211 1206 1205
3 165 535 1210
3 535 1168 1210
3 1210 1168 1211
3 1168 1165 1211
3 1211 1165 1206
3 1165 1167 1206
3 539 1212 536
3 1190 1213 539
3 534 1214 1190
3 539 1213 1212
3 1213 1215 1212
3 1190 1214 1213
3 1214 1216 1213
3 1213 1216 1215
3 1216 1217 1215
3 534 533 1214
3 533 1218 1214
3 1214 1218 1216
3 1218 1219 1216
3 1216 1219 1217
3 1219 1220 1217
3 1219 1221 1220
3 1218 1222 1219
3 533 1223 1218
3 1219 1222 1221
3 1222 1224 1221
3 1218 1223 1222
3 1223 1225 1222
3 1222 1225 1224
3 1225 1226 1224
3 533 532 1223
3 532 1227 1223
3 1223 1227 1225
3 1227 1228 1225
3 1225 1228 1226
3 1228 1229 1226
3 1230 532 104
3 1231 1232 1230
3 531 1233 1231
3 1230 1232 532
3 1232 1227 532
3 1231 1233 1232
3 1233 1234 1232
3 1232 1234 1227
3 1234 1228 1227
3 531 530 1233
3 530 1235 1233
3 1233 1235 1234
3 1235 1236 1234
3 1234 1236 1228
3 1236 1229 1228
3 1236 1237 1229
3 1235 1238 1236
3 530 1239 1235
3 1236 1238 1237
3 1238 1240 1237
3 1235 1239 1238
3 1239 1241 1238
3 1238 1241 1240
3 1241 1242 1240
3 530 529 1239
3 529 1243 1239
3 1239 1243 1241
3 1243 1244 1241
3 1241 1244 1242
3 1244 1245 1242
3 1246 529 528
3 1247 1248 1246
3 527 1249 1247
3 1246 1248 529
3 1248 1243 529
3 1247 1249 1248
3 1249 1250 1248
3 1248 1250 1243
3 1250 1244 1243
3 527 526 1249
3 526 1251 1249
3 1249 1251 1250
3 1251 1252 1250
3 1250 1252 1244
3 1252 1245 1244
3 1253 526 525
3 1254 1255 1253
3 524 1256 1254
3 1253 1255 526
3 1255 1251 526
3 1254 1256 1255
3 1256 1257 1255
3 1255 1257 1251
3 1257 1252 1251
3 524 523 1256
3 523 1258 1256
3 1256 1258 1257
3 1258 1259 1257
3 1257 1259 1252
3 1259 1245 1252
3 1260 523 522
3 1261 1262 1260
3 521 1263 1261
3 1260 1262 523
3 1262 1258 523
3 1261 1263 1262
3 1263 1264 1262
3 1262 1264 1258
3 1264 1259 1258
3 521 520 1263
3 520 1265 1263
3 1263 1265 1264
3 1265 1266 1264
3 1264 1266 1259
3 1266 1245 1259
3 1266 1267 1245
3 1265 1268 1266
3 520 1269 1265
3 1266 1268 1267
3 1268 1270 1267
3 1265 1269 1268
3 1269 1271 1268
3 1268 1271 1270
3 1271 1272 1270
3 520 519 1269
3 519 1273 1269
3 1269 1273 1271
3 1273 1274 1271
3 1271 1274 1272
3 1274 158 1272
3 1275 519 518
3 1276 1277 1275
3 131 1278 1276
3 1275 1277 519
3 1277 1273 519
3 1276 1278 1277
3 1278 1279 1277
3 1277 1279 1273
3 1279 1274 1273
3 131 517 1278
3 517 1280 1278
3 1278 1280 1279
3 1280 1281 1279
3 1279 1281 1274
3 1281 158 1274
3 1282 517 130
3 1283 1284 1282
3 153 1285 1283
3 1282 1284 517
3 1284 1280 517
3 1283 1285 1284
3 1285 1286 1284
3 1284 1286 1280
3 1286 1281 1280
3 153 516 1285
3 516 1287 1285
3 1285 1287 1286
3 1287 1288 1286
3 1286 1288 1281
3 1288 158 1281
3 1288 159 158
3 1287 1289 1288
3 516 1290 1287
3 1288 1289 159
3 1289 1291 159
3 1287 1290 1289
3 1290 1292 1289
3 1289 1292 1291
3 1292 1293 1291
3 516 515 1290
3 515 1294 1290
3 1290 1294 1292
3 1294 1295 1292
3 1292 1295 1293
3 1295 374 1293
3 1296 515 152
3 1297 1298 1296
3 1 1299 1297
3 1296 1298 515
3 1298 1294 515
3 1297 1299 1298
3 1299 1300 1298
3 1298 1300 1294
3 1300 1295 1294
3 1 514 1299
3 514 1301 1299
3 1299 1301 1300
3 1301 511 1300
3 1300 511 1295
3 511 374 1295
3 1302 363 362
3 1303 1304 1302
3 369 1305 1303
3 1302 1304 363
3 1304 1306 363
3 1303 1305 1304
3 1305 1307 1304
3 1304 1307 1306
3 1307 1308 1306
3 369 513 1305
3 513 1309 1305
3 1305 1309 1307
3 1309 1310 1307
3 1307 1310 1308
3 1310 356 1308
3 1310 690 356
3 1309 1311 1310
3 513 1312 1309
3 1310 1311 690
3 1311 688 690
3 1309 1312 1311
3 1312 1313 1311
3 1311 1313 688
3 1313 684 688
3 513 512 1312
3 512 1314 1312
3 1312 1314 1313
3 1314 1315 1313
3 1313 1315 684
3 1315 0 684
3 1316 512 368
3 1317 1318 1316
3 375 1319 1317
3 1316 1318 512
3 1318 1314 512
3 1317 1319 1318
3 1319 1320 1318
3 1318 1320 1314
3 1320 1315 1314
3 375 511 1319
3 511 1301 1319
3 1319 1301 1320
3 1301 514 1320
3 1320 514 1315
3 514 0 1315
3 475 1321 88
3 1322 1323 475
3 510 1324 1322
3 475 1323 1321
3 1323 1325 1321
3 1322 1324 1323
3 1324 1326 1323
3 1323 1326 1325
3 1326 87 1325
3 510 509 1324
3 509 1327 1324
3 1324 1327 1326
3 1327 1328 1326
3 1326 1328 87
3 1328 84 87
3 507 509 238
3 1329 1330 507
3 508 1331 1329
3 507 1330 509
3 1330 1327 509
3 1329 1331 1330
3 1331 1332 1330
3 1330 1332 1327
3 1332 1328 1327
3 508 83 1331
3 83 1333 1331
3 1331 1333 1332
3 1333 1334 1332
3 1332 1334 1328
3 1334 84 1328
3 508 1335 81
3 1329 1336 508
3 507 1337 1329
3 508 1336 1335
3 1336 1338 1335
3 1329 1337 1336
3 1337 1339 1336
3 1336 1339 1338
3 1339 129 1338
3 507 506 1337
3 506 1340 1337
3 1337 1340 1339
3 1340 1341 1339
3 1339 1341 129
3 1341 126 129
3 1341 1342 126
3 1340 1343 1341
3 506 1344 1340
3 1341 1343 1342
3 1343 1345 1342
3 1340 1344 1343
3 1344 1346 1343
3 1343 1346 1345
3 1346 125 1345
3 506 505 1344
3 505 1347 1344
3 1344 1347 1346
3 1347 1348 1346
3 1346 1348 125
3 1348 122 125
3 480 505 238
3 1349 1350 480
3 504 1351 1349
3 480 1350 505
3 1350 1347 505
3 1349 1351 1350
3 1351 1352 1350
3 1350 1352 1347
3 1352 1348 1347
3 504 121 1351
3 121 1353 1351
3 1351 1353 1352
3 1353 1354 1352
3 1352 1354 1348
3 1354 122 1348
3 387 1355 161
3 1356 1357 387
3 503 1358 1356
3 387 1357 1355
3 1357 1359 1355
3 1356 1358 1357
3 1358 1360 1357
3 1357 1360 1359
3 1360 185 1359
3 503 502 1358
3 502 1361 1358
3 1358 1361 1360
3 1361 1362 1360
3 1360 1362 185
3 1362 182 185
3 139 502 136
3 1363 1364 139
3 501 1365 1363
3 139 1364 502
3 1364 1361 502
3 1363 1365 1364
3 1365 1366 1364
3 1364 1366 1361
3 1366 1362 1361
3 501 500 1365
3 500 1367 1365
3 1365 1367 1366
3 1367 1368 1366
3 1366 1368 1362
3 1368 182 1362
3 143 500 140
3 1369 1370 143
3 499 1371 1369
3 143 1370 500
3 1370 1367 500
3 1369 1371 1370
3 1371 1372 1370
3 1370 1372 1367
3 1372 1368 1367
3 499 498 1371
3 498 1373 1371
3 1371 1373 1372
3 1373 1374 1372
3 1372 1374 1368
3 1374 182 1368
3 147 498 144
3 1375 1376 147
3 497 1377 1375
3 147 1376 498
3 1376 1373 498
3 1375 1377 1376
3 1377 1378 1376
3 1376 1378 1373
3 1378 1374 1373
3 497 496 1377
3 496 1379 1377
3 1377 1379 1378
3 1379 1380 1378
3 1378 1380 1374
3 1380 182 1374
3 1380 1381 182
3 1379 1382 1380
3 496 1383 1379
3 1380 1382 1381
3 1382 1384 1381
3 1379 1383 1382
3 1383 1385 1382
3 1382 1385 1384
3 1385 181 1384
3 496 495 1383
3 495 1386 1383
3 1383 1386 1385
3 1386 1387 1385
3 1385 1387 181
3 1387 178 181
3 151 495 148
3 1388 1389 151
3 494 1390 1388
3 151 1389 495
3 1389 1386 495
3 1388 1390 1389
3 1390 1391 1389
3 1389 1391 1386
3 1391 1387 1386
3 494 493 1390
3 493 1392 1390
3 1390 1392 1391
3 1392 1393 1391
3 1391 1393 1387
3 1393 178 1387
3 1393 1394 178
3 1392 1395 1393
3 493 1396 1392
3 1393 1395 1394
3 1395 1397 1394
3 1392 1396 1395
3 1396 1398 1395
3 1395 1398 1397
3 1398 177 1397
3 493 492 1396
3 492 1399 1396
3 1396 1399 1398
3 1399 1400 1398
3 1398 1400 177
3 1400 174 177
3 1400 1401 174
3 1399 1402 1400
3 492 1403 1399
3 1400 1402 1401
3 1402 1404 1401
3 1399 1403 1402
3 1403 1405 1402
3 1402 1405 1404
3 1405 173 1404
3 492 491 1403
3 491 1406 1403
3 1403 1406 1405
3 1406 1407 1405
3 1405 1407 173
3 1407 170 173
3 109 491 107
3 1408 1409 109
3 490 1410 1408
3 109 1409 491
3 1409 1406 491
3 1408 1410 1409
3 1410 1411 1409
3 1409 1411 1406
3 1411 1407 1406
3 490 489 1410
3 489 1412 1410
3 1410 1412 1411
3 1412 1413 1411
3 1411 1413 1407
3 1413 170 1407
3 487 489 110
3 1414 1415 487
3 488 1416 1414
3 487 1415 489
3 1415 1412 489
3 1414 1416 1415
3 1416 1417 1415
3 1415 1417 1412
3 1417 1413 1412
3 488 169 1416
3 169 1418 1416
3 1416 1418 1417
3 1418 1419 1417
3 1417 1419 1413
3 1419 170 1413
3 488 1420 167
3 1414 1421 488
3 487 1422 1414
3 488 1421 1420
3 1421 1423 1420
3 1414 1422 1421
3 1422 1424 1421
3 1421 1424 1423
3 1424 211 1423
3 487 486 1422
3 486 1425 1422
3 1422 1425 1424
3 1425 1426 1424
3 1424 1426 211
3 1426 208 211
3 1426 1427 208
3 1425 1428 1426
3 486 1429 1425
3 1426 1428 1427
3 1428 1430 1427
3 1425 1429 1428
3 1429 1431 1428
3 1428 1431 1430
3 1431 207 1430
3 486 485 1429
3 485 1432 1429
3 1429 1432 1431
3 1432 1433 1431
3 1431 1433 207
3 1433 204 207
3 483 485 110
3 1434 1435 483
3 484 1436 1434
3 483 1435 485
3 1435 1432 485
3 1434 1436 1435
3 1436 1437 1435
3 1435 1437 1432
3 1437 1433 1432
3 484 203 1436
3 203 1438 1436
3 1436 1438 1437
3 1438 1439 1437
3 1437 1439 1433
3 1439 204 1433
3 484 1440 200
3 1434 1441 484
3 483 1442 1434
3 484 1441 1440
3 1441 1443 1440
3 1434 1442 1441
3 1442 1444 1441
3 1441 1444 1443
3 1444 199 1443
3 483 482 1442
3 482 1445 1442
3 1442 1445 1444
3 1445 1446 1444
3 1444 1446 199
3 1446 196 199
3 1446 1447 196
3 1445 1448 1446
3 482 1449 1445
3 1446 1448 1447
3 1448 1450 1447
3 1445 1449 1448
3 1449 1451 1448
3 1448 1451 1450
3 1451 195 1450
3 482 481 1449
3 481 1452 1449
3 1449 1452 1451
3 1452 1453 1451
3 1451 1453 195
3 1453 192 195
3 1454 481 110
3 1455 1456 1454
3 476 1457 1455
3 1454 1456 481
3 1456 1452 481
3 1455 1457 1456
3 1457 1458 1456
3 1456 1458 1452
3 1458 1453 1452
3 476 191 1457
3 191 1459 1457
3 1457 1459 1458
3 1459 1460 1458
3 1458 1460 1453
3 1460 192 1453
3 504 1461 118
3 1349 1462 504
3 480 1463 1349
3 504 1462 1461
3 1462 1464 1461
3 1349 1463 1462
3 1463 1465 1462
3 1462 1465 1464
3 1465 117 1464
3 480 479 1463
3 479 1466 1463
3 1463 1466 1465
3 1466 1467 1465
3 1465 1467 117
3 1467 114 117
3 1467 1468 114
3 1466 1469 1467
3 479 1470 1466
3 1467 1469 1468
3 1469 1471 1468
3 1466 1470 1469
3 1470 1472 1469
3 1469 1472 1471
3 1472 113 1471
3 479 478 1470
3 478 1473 1470
3 1470 1473 1472
3 1473 1474 1472
3 1472 1474 113
3 1474 110 113
3 241 478 238
3 1475 1476 241
3 477 1477 1475
3 241 1476 478
3 1476 1473 478
3 1475 1477 1476
3 1477 1478 1476
3 1476 1478 1473
3 1478 1474 1473
3 477 476 1477
3 476 1455 1477
3 1477 1455 1478
3 1455 1454 1478
3 1478 1454 1474
3 1454 110 1474
3 510 1479 238
3 1322 1480 510
3 475 1481 1322
3 510 1480 1479
3 1480 1482 1479
3 1322 1481 1480
3 1481 1483 1480
3 1480 1483 1482
3 1483 237 1482
3 475 474 1481
3 474 1484 1481
3 1481 1484 1483
3 1484 1485 1483
3 1483 1485 237
3 1485 234 237
3 1485 1486 234
3 1484 1487 1485
3 474 1488 1484
3 1485 1487 1486
3 1487 1489 1486
3 1484 1488 1487
3 1488 1490 1487
3 1487 1490 1489
3 1490 233 1489
3 474 473 1488
3 473 1491 1488
3 1488 1491 1490
3 1491 1492 1490
3 1490 1492 233
3 1492 230 233
3 91 473 88
3 1493 1494 91
3 472 1495 1493
3 91 1494 473
3 1494 1491 473
3 1493 1495 1494
3 1495 1496 1494
3 1494 1496 1491
3 1496 1492 1491
3 472 471 1495
3 471 1497 1495
3 1495 1497 1496
3 1497 1498 1496
3 1496 1498 1492
3 1498 230 1492
3 469 471 92
3 1499 1500 469
3 470 1501 1499
3 469 1500 471
3 1500 1497 471
3 1499 1501 1500
3 1501 1502 1500
3 1500 1502 1497
3 1502 1498 1497
3 470 229 1501
3 229 1503 1501
3 1501 1503 1502
3 1503 1504 1502
3 1502 1504 1498
3 1504 230 1498
3 470 1505 226
3 1499 1506 470
3 469 1507 1499
3 470 1506 1505
3 1506 1508 1505
3 1499 1507 1506
3 1507 1509 1506
3 1506 1509 1508
3 1509 225 1508
3 469 468 1507
3 468 1510 1507
3 1507 1510 1509
3 1510 1511 1509
3 1509 1511 225
3 1511 222 225
3 1511 1512 222
3 1510 1513 1511
3 468 1514 1510
3 1511 1513 1512
3 1513 1515 1512
3 1510 1514 1513
3 1514 1516 1513
3 1513 1516 1515
3 1516 221 1515
3 468 467 1514
3 467 1517 1514
3 1514 1517 1516
3 1517 1518 1516
3 1516 1518 221
3 1518 218 221
3 95 467 92
3 1519 1520 95
3 466 1521 1519
3 95 1520 467
3 1520 1517 467
3 1519 1521 1520
3 1521 1522 1520
3 1520 1522 1517
3 1522 1518 1517
3 466 465 1521
3 465 1523 1521
3 1521 1523 1522
3 1523 1524 1522
3 1522 1524 1518
3 1524 218 1518
3 1524 1525 218
3 1523 1526 1524
3 465 1527 1523
3 1524 1526 1525
3 1526 1528 1525
3 1523 1527 1526
3 1527 1529 1526
3 1526 1529 1528
3 1529 217 1528
3 465 464 1527
3 464 1530 1527
3 1527 1530 1529
3 1530 1531 1529
3 1529 1531 217
3 1531 215 217
3 1531 1532 215
3 1530 1533 1531
3 464 1534 1530
3 1531 1533 1532
3 1533 1535 1532
3 1530 1534 1533
3 1534 1536 1533
3 1533 1536 1535
3 1536 267 1535
3 464 463 1534
3 463 1537 1534
3 1534 1537 1536
3 1537 1538 1536
3 1536 1538 267
3 1538 264 267
3 99 463 96
3 1539 1540 99
3 462 1541 1539
3 99 1540 463
3 1540 1537 463
3 1539 1541 1540
3 1541 1542 1540
3 1540 1542 1537
3 1542 1538 1537
3 462 461 1541
3 461 1543 1541
3 1541 1543 1542
3 1543 1544 1542
3 1542 1544 1538
3 1544 264 1538
3 1544 1545 264
3 1543 1546 1544
3 461 1547 1543
3 1544 1546 1545
3 1546 1548 1545
3 1543 1547 1546
3 1547 1549 1546
3 1546 1549 1548
3 1549 263 1548
3 461 460 1547
3 460 1550 1547
3 1547 1550 1549
3 1550 1551 1549
3 1549 1551 263
3 1551 260 263
3 458 460 100
3 1552 1553 458
3 459 1554 1552
3 458 1553 460
3 1553 1550 460
3 1552 1554 1553
3 1554 1555 1553
3 1553 1555 1550
3 1555 1551 1550
3 459 259 1554
3 259 1556 1554
3 1554 1556 1555
3 1556 1557 1555
3 1555 1557 1551
3 1557 260 1551
3 459 1558 256
3 1552 1559 459
3 458 1560 1552
3 459 1559 1558
3 1559 1561 1558
3 1552 1560 1559
3 1560 1562 1559
3 1559 1562 1561
3 1562 255 1561
3 458 457 1560
3 457 1563 1560
3 1560 1563 1562
3 1563 1564 1562
3 1562 1564 255
3 1564 252 255
3 1564 1565 252
3 1563 1566 1564
3 457 1567 1563
3 1564 1566 1565
3 1566 1568 1565
3 1563 1567 1566
3 1567 1569 1566
3 1566 1569 1568
3 1569 251 1568
3 457 456 1567
3 456 1570 1567
3 1567 1570 1569
3 1570 1571 1569
3 1569 1571 251
3 1571 248 251
3 103 456 100
3 1572 1573 103
3 455 1574 1572
3 103 1573 456
3 1573 1570 456
3 1572 1574 1573
3 1574 1575 1573
3 1573 1575 1570
3 1575 1571 1570
3 455 454 1574
3 454 1576 1574
3 1574 1576 1575
3 1576 1577 1575
3 1575 1577 1571
3 1577 248 1571
3 452 454 15
3 1578 1579 452
3 453 1580 1578
3 452 1579 454
3 1579 1576 454
3 1578 1580 1579
3 1580 1581 1579
3 1579 1581 1576
3 1581 1577 1576
3 453 247 1580
3 247 1582 1580
3 1580 1582 1581
3 1582 1583 1581
3 1581 1583 1577
3 1583 248 1577
3 453 1584 245
3 1578 1585 453
3 452 1586 1578
3 453 1585 1584
3 1585 1587 1584
3 1578 1586 1585
3 1586 1588 1585
3 1585 1588 1587
3 1588 337 1587
3 452 451 1586
3 451 1589 1586
3 1586 1589 1588
3 1589 1590 1588
3 1588 1590 337
3 1590 334 337
3 1590 1591 334
3 1589 1592 1590
3 451 1593 1589
3 1590 1592 1591
3 1592 1594 1591
3 1589 1593 1592
3 1593 1595 1592
3 1592 1595 1594
3 1595 333 1594
3 451 450 1593
3 450 1596 1593
3 1593 1596 1595
3 1596 1597 1595
3 1595 1597 333
3 1597 330 333
3 17 450 15
3 1598 1599 17
3 449 1600 1598
3 17 1599 450
3 1599 1596 450
3 1598 1600 1599
3 1600 1601 1599
3 1599 1601 1596
3 1601 1597 1596
3 449 448 1600
3 448 1602 1600
3 1600 1602 1601
3 1602 1603 1601
3 1601 1603 1597
3 1603 330 1597
3 1603 1604 330
3 1602 1605 1603
3 448 1606 1602
3 1603 1605 1604
3 1605 1607 1604
3 1602 1606 1605
3 1606 1608 1605
3 1605 1608 1607
3 1608 329 1607
3 448 447 1606
3 447 1609 1606
3 1606 1609 1608
3 1609 1610 1608
3 1608 1610 329
3 1610 326 329
3 433 447 18
3 1611 1612 433
3 446 1613 1611
3 433 1612 447
3 1612 1609 447
3 1611 1613 1612
3 1613 1614 1612
3 1612 1614 1609
3 1614 1610 1609
3 446 325 1613
3 325 1615 1613
3 1613 1615 1614
3 1615 1616 1614
3 1614 1616 1610
3 1616 326 1610
3 305 1617 302
3 1618 1619 305
3 445 1620 1618
3 305 1619 1617
3 1619 1621 1617
3 1618 1620 1619
3 1620 1622 1619
3 1619 1622 1621
3 1622 301 1621
3 445 444 1620
3 444 1623 1620
3 1620 1623 1622
3 1623 1624 1622
3 1622 1624 301
3 1624 298 301
3 309 444 306
3 1625 1626 309
3 443 1627 1625
3 309 1626 444
3 1626 1623 444
3 1625 1627 1626
3 1627 1628 1626
3 1626 1628 1623
3 1628 1624 1623
3 443 442 1627
3 442 1629 1627
3 1627 1629 1628
3 1629 1630 1628
3 1628 1630 1624
3 1630 298 1624
3 1630 1631 298
3 1629 1632 1630
3 442 1633 1629
3 1630 1632 1631
3 1632 1634 1631
3 1629 1633 1632
3 1633 1635 1632
3 1632 1635 1634
3 1635 297 1634
3 442 441 1633
3 441 1636 1633
3 1633 1636 1635
3 1636 1637 1635
3 1635 1637 297
3 1637 294 297
3 313 441 310
3 1638 1639 313
3 440 1640 1638
3 313 1639 441
3 1639 1636 441
3 1638 1640 1639
3 1640 1641 1639
3 1639 1641 1636
3 1641 1637 1636
3 440 439 1640
3 439 1642 1640
3 1640 1642 1641
3 1642 1643 1641
3 1641 1643 1637
3 1643 294 1637
3 437 439 314
3 1644 1645 437
3 438 1646 1644
3 437 1645 439
3 1645 1642 439
3 1644 1646 1645
3 1646 1647 1645
3 1645 1647 1642
3 1647 1643 1642
3 438 293 1646
3 293 1648 1646
3 1646 1648 1647
3 1648 1649 1647
3 1647 1649 1643
3 1649 294 1643
3 438 1650 290
3 1644 1651 438
3 437 1652 1644
3 438 1651 1650
3 1651 1653 1650
3 1644 1652 1651
3 1652 1654 1651
3 1651 1654 1653
3 1654 289 1653
3 437 436 1652
3 436 1655 1652
3 1652 1655 1654
3 1655 1656 1654
3 1654 1656 289
3 1656 286 289
3 1656 1657 286
3 1655 1658 1656
3 436 1659 1655
3 1656 1658 1657
3 1658 1660 1657
3 1655 1659 1658
3 1659 1661 1658
3 1658 1661 1660
3 1661 285 1660
3 436 435 1659
3 435 1662 1659
3 1659 1662 1661
3 1662 1663 1661
3 1661 1663 285
3 1663 282 285
3 1664 435 314
3 1665 1666 1664
3 434 1667 1665
3 1664 1666 435
3 1666 1662 435
3 1665 1667 1666
3 1667 1668 1666
3 1666 1668 1662
3 1668 1663 1662
3 434 281 1667
3 281 1669 1667
3 1667 1669 1668
3 1669 1670 1668
3 1668 1670 1663
3 1670 282 1663
3 446 1671 322
3 1611 1672 446
3 433 1673 1611
3 446 1672 1671
3 1672 1674 1671
3 1611 1673 1672
3 1673 1675 1672
3 1672 1675 1674
3 1675 321 1674
3 433 432 1673
3 432 1676 1673
3 1673 1676 1675
3 1676 1677 1675
3 1675 1677 321
3 1677 318 321
3 1677 1678 318
3 1676 1679 1677
3 432 1680 1676
3 1677 1679 1678
3 1679 1681 1678
3 1676 1680 1679
3 1680 1682 1679
3 1679 1682 1681
3 1682 317 1681
3 432 431 1680
3 431 1683 1680
3 1680 1683 1682
3 1683 1684 1682
3 1682 1684 317
3 1684 314 317
3 21 431 18
3 1685 1686 21
3 430 1687 1685
3 21 1686 431
3 1686 1683 431
3 1685 1687 1686
3 1687 1688 1686
3 1686 1688 1683
3 1688 1684 1683
3 430 429 1687
3 429 1689 1687
3 1687 1689 1688
3 1689 1690 1688
3 1688 1690 1684
3 1690 314 1684
3 25 429 22
3 1691 1692 25
3 428 1693 1691
3 25 1692 429
3 1692 1689 429
3 1691 1693 1692
3 1693 1694 1692
3 1692 1694 1689
3 1694 1690 1689
3 428 427 1693
3 427 1695 1693
3 1693 1695 1694
3 1695 1696 1694
3 1694 1696 1690
3 1696 314 1690
3 29 427 26
3 1697 1698 29
3 426 1699 1697
3 29 1698 427
3 1698 1695 427
3 1697 1699 1698
3 1699 1700 1698
3 1698 1700 1695
3 1700 1696 1695
3 426 425 1699
3 425 1701 1699
3 1699 1701 1700
3 1701 1702 1700
3 1700 1702 1696
3 1702 314 1696
3 33 425 30
3 1703 1704 33
3 424 1705 1703
3 33 1704 425
3 1704 1701 425
3 1703 1705 1704
3 1705 1706 1704
3 1704 1706 1701
3 1706 1702 1701
3 424 423 1705
3 423 1707 1705
3 1705 1707 1706
3 1707 1708 1706
3 1706 1708 1702
3 1708 314 1702
3 37 423 34
3 1709 1710 37
3 422 1711 1709
3 37 1710 423
3 1710 1707 423
3 1709 1711 1710
3 1711 1712 1710
3 1710 1712 1707
3 1712 1708 1707
3 422 421 1711
3 421 1713 1711
3 1711 1713 1712
3 1713 1714 1712
3 1712 1714 1708
3 1714 314 1708
3 41 421 38
3 1715 1716 41
3 420 1717 1715
3 41 1716 421
3 1716 1713 421
3 1715 1717 1716
3 1717 1718 1716
3 1716 1718 1713
3 1718 1714 1713
3 420 419 1717
3 419 1719 1717
3 1717 1719 1718
3 1719 1720 1718
3 1718 1720 1714
3 1720 314 1714
3 45 419 42
3 1721 1722 45
3 418 1723 1721
3 45 1722 419
3 1722 1719 419
3 1721 1723 1722
3 1723 1724 1722
3 1722 1724 1719
3 1724 1720 1719
3 418 417 1723
3 417 1725 1723
3 1723 1725 1724
3 1725 1726 1724
3 1724 1726 1720
3 1726 314 1720
3 49 417 46
3 1727 1728 49
3 416 1729 1727
3 49 1728 417
3 1728 1725 417
3 1727 1729 1728
3 1729 1730 1728
3 1728 1730 1725
3 1730 1726 1725
3 416 415 1729
3 415 1731 1729
3 1729 1731 1730
3 1731 1732 1730
3 1730 1732 1726
3 1732 314 1726
3 53 415 50
3 1733 1734 53
3 414 1735 1733
3 53 1734 415
3 1734 1731 415
3 1733 1735 1734
3 1735 1736 1734
3 1734 1736 1731
3 1736 1732 1731
3 414 413 1735
3 413 1737 1735
3 1735 1737 1736
3 1737 1738 1736
3 1736 1738 1732
3 1738 314 1732
3 57 413 54
3 1739 1740 57
3 412 1741 1739
3 57 1740 413
3 1740 1737 413
3 1739 1741 1740
3 1741 1742 1740
3 1740 1742 1737
3 1742 1738 1737
3 412 411 1741
3 411 1743 1741
3 1741 1743 1742
3 1743 1744 1742
3 1742 1744 1738
3 1744 314 1738
3 61 411 58
3 1745 1746 61
3 410 1747 1745
3 61 1746 411
3 1746 1743 411
3 1745 1747 1746
3 1747 1748 1746
3 1746 1748 1743
3 1748 1744 1743
3 410 409 1747
3 409 1749 1747
3 1747 1749 1748
3 1749 1750 1748
3 1748 1750 1744
3 1750 314 1744
3 65 409 62
3 1751 1752 65
3 408 1753 1751
3 65 1752 409
3 1752 1749 409
3 1751 1753 1752
3 1753 1754 1752
3 1752 1754 1749
3 1754 1750 1749
3 408 407 1753
3 407 1755 1753
3 1753 1755 1754
3 1755 1756 1754
3 1754 1756 1750
3 1756 314 1750
3 69 407 66
3 1757 1758 69
3 406 1759 1757
3 69 1758 407
3 1758 1755 407
3 1757 1759 1758
3 1759 1760 1758
3 1758 1760 1755
3 1760 1756 1755
3 406 405 1759
3 405 1761 1759
3 1759 1761 1760
3 1761 1762 1760
3 1760 1762 1756
3 1762 314 1756
3 73 405 70
3 1763 1764 73
3 404 1765 1763
3 73 1764 405
3 1764 1761 405
3 1763 1765 1764
3 1765 1766 1764
3 1764 1766 1761
3 1766 1762 1761
3 404 403 1765
3 403 1767 1765
3 1765 1767 1766
3 1767 1768 1766
3 1766 1768 1762
3 1768 314 1762
3 77 403 74
3 1769 1770 77
3 402 1771 1769
3 77 1770 403
3 1770 1767 403
3 1769 1771 1770
3 1771 1772 1770
3 1770 1772 1767
3 1772 1768 1767
3 402 401 1771
3 401 1773 1771
3 1771 1773 1772
3 1773 1774 1772
3 1772 1774 1768
3 1774 314 1768
3 11 401 9
3 1775 1776 11
3 400 1777 1775
3 11 1776 401
3 1776 1773 401
3 1775 1777 1776
3 1777 1778 1776
3 1776 1778 1773
3 1778 1774 1773
3 400 399 1777
3 399 1779 1777
3 1777 1779 1778
3 1779 1780 1778
3 1778 1780 1774
3 1780 314 1774
3 1780 1664 314
3 1779 1781 1780
3 399 1782 1779
3 1780 1781 1664
3 1781 1665 1664
3 1779 1782 1781
3 1782 1783 1781
3 1781 1783 1665
3 1783 434 1665
3 399 398 1782
3 398 1784 1782
3 1782 1784 1783
3 1784 1785 1783
3 1783 1785 434
3 1785 278 434
3 393 398 3
3 1786 1787 393
3 397 1788 1786
3 393 1787 398
3 1787 1784 398
3 1786 1788 1787
3 1788 1789 1787
3 1787 1789 1784
3 1789 1785 1784
3 397 277 1788
3 277 1790 1788
3 1788 1790 1789
3 1790 1791 1789
3 1789 1791 1785
3 1791 278 1785
3 343 1792 341
3 1793 1794 343
3 396 1795 1793
3 343 1794 1792
3 1794 1796 1792
3 1793 1795 1794
3 1795 1797 1794
3 1794 1797 1796
3 1797 349 1796
3 396 395 1795
3 395 1798 1795
3 1795 1798 1797
3 1798 1799 1797
3 1797 1799 349
3 1799 347 349
3 1800 395 271
3 1801 1802 1800
3 394 1803 1801
3 1800 1802 395
3 1802 1798 395
3 1801 1803 1802
3 1803 1804 1802
3 1802 1804 1798
3 1804 1799 1798
3 394 355 1803
3 355 1805 1803
3 1803 1805 1804
3 1805 1806 1804
3 1804 1806 1799
3 1806 347 1799
3 397 1807 274
3 1786 1808 397
3 393 1809 1786
3 397 1808 1807
3 1808 1810 1807
3 1786 1809 1808
3 1809 1811 1808
3 1808 1811 1810
3 1811 273 1810
3 393 392 1809
3 392 1812 1809
3 1809 1812 1811
3 1812 1813 1811
3 1811 1813 273
3 1813 271 273
3 1813 1800 271
3 1812 1814 1813
3 392 1815 1812
3 1813 1814 1800
3 1814 1801 1800
3 1812 1815 1814
3 1815 1816 1814
3 1814 1816 1801
3 1816 394 1801
3 392 391 1815
3 391 1817 1815
3 1815 1817 1816
3 1817 1818 1816
3 1816 1818 394
3 1818 353 394
3 1819 391 3
3 1820 1821 1819
3 390 1822 1820
3 1819 1821 391
3 1821 1817 391
3 1820 1822 1821
3 1822 1823 1821
3 1821 1823 1817
3 1823 1818 1817
3 390 361 1822
3 361 1824 1822
3 1822 1824 1823
3 1824 1825 1823
3 1823 1825 1818
3 1825 353 1818
3 1826 1819 3
3 1827 1828 1826
3 380 1829 1827
3 1826 1828 1819
3 1828 1820 1819
3 1827 1829 1828
3 1829 1830 1828
3 1828 1830 1820
3 1830 390 1820
3 380 389 1829
3 389 1831 1829
3 1829 1831 1830
3 1831 1832 1830
3 1830 1832 390
3 1832 359 390
3 373 389 371
3 1833 1834 373
3 388 1835 1833
3 373 1834 389
3 1834 1831 389
3 1833 1835 1834
3 1835 1836 1834
3 1834 1836 1831
3 1836 1832 1831
3 388 367 1835
3 367 1837 1835
3 1835 1837 1836
3 1837 1838 1836
3 1836 1838 1832
3 1838 359 1832
3 503 1839 136
3 1356 1840 503
3 387 1841 1356
3 503 1840 1839
3 1840 1842 1839
3 1356 1841 1840
3 1841 1843 1840
3 1840 1843 1842
3 1843 135 1842
3 387 386 1841
3 386 1844 1841
3 1841 1844 1843
3 1844 1845 1843
3 1843 1845 135
3 1845 133 135
3 1845 1846 133
3 1844 1847 1845
3 386 1848 1844
3 1845 1847 1846
3 1847 1849 1846
3 1844 1848 1847
3 1848 1850 1847
3 1847 1850 1849
3 1850 157 1849
3 386 385 1848
3 385 1851 1848
3 1848 1851 1850
3 1851 1852 1850
3 1850 1852 157
3 1852 155 157
3 163 385 161
3 1853 1854 163
3 384 1855 1853
3 163 1854 385
3 1854 1851 385
3 1853 1855 1854
3 1855 1856 1854
3 1854 1856 1851
3 1856 1852 1851
3 384 383 1855
3 383 1857 1855
3 1855 1857 1856
3 1857 1858 1856
3 1856 1858 1852
3 1858 155 1852
3 1858 1859 155
3 1857 1860 1858
3 383 1861 1857
3 1858 1860 1859
3 1860 1862 1859
3 1857 1861 1860
3 1861 1863 1860
3 1860 1863 1862
3 1863 5 1862
3 383 382 1861
3 382 1864 1861
3 1861 1864 1863
3 1864 1865 1863
3 1863 1865 5
3 1865 3 5
3 379 382 377
3 1866 1867 379
3 381 1868 1866
3 379 1867 382
3 1867 1864 382
3 1866 1868 1867
3 1868 1869 1867
3 1867 1869 1864
3 1869 1865 1864
3 381 380 1868
3 380 1827 1868
3 1868 1827 1869
3 1827 1826 1869
3 1869 1826 1865
3 1826 3 1865
3 381 1870 371
3 1866 1871 381
3 379 1872 1866
3 381 1871 1870
3 1871 1873 1870
3 1866 1872 1871
3 1872 1874 1871
3 1871 1874 1873
3 1874 370 1873
3 379 378 1872
3 378 1875 1872
3 1872 1875 1874
3 1875 1876 1874
3 1874 1876 370
3 1876 368 370
3 1877 378 377
3 1878 1879 1877
3 376 1880 1878
3 1877 1879 378
3 1879 1875 378
3 1878 1880 1879
3 1880 1881 1879
3 1879 1881 1875
3 1881 1876 1875
3 376 375 1880
3 375 1317 1880
3 1880 1317 1881
3 1317 1316 1881
3 1881 1316 1876
3 1316 368 1876
3 388 1882 365
3 1833 1883 388
3 373 1884 1833
3 388 1883 1882
3 1883 1885 1882
3 1833 1884 1883
3 1884 1886 1883
3 1883 1886 1885
3 1886 364 1885
3 373 372 1884
3 372 1887 1884
3 1884 1887 1886
3 1887 1888 1886
3 1886 1888 364
3 1888 362 364
3 1870 372 371
3 1873 1889 1870
3 370 1890 1873
3 1870 1889 372
3 1889 1887 372
3 1873 1890 1889
3 1890 1891 1889
3 1889 1891 1887
3 1891 1888 1887
3 370 369 1890
3 369 1303 1890
3 1890 1303 1891
3 1303 1302 1891
3 1891 1302 1888
3 1302 362 1888
3 1838 1892 359
3 1837 1893 1838
3 367 1894 1837
3 1838 1893 1892
3 1893 1895 1892
3 1837 1894 1893
3 1894 1896 1893
3 1893 1896 1895
3 1896 358 1895
3 367 366 1894
3 366 1897 1894
3 1894 1897 1896
3 1897 1898 1896
3 1896 1898 358
3 1898 356 358
3 1882 366 365
3 1885 1899 1882
3 364 1900 1885
3 1882 1899 366
3 1899 1897 366
3 1885 1900 1899
3 1900 1901 1899
3 1899 1901 1897
3 1901 1898 1897
3 364 363 1900
3 363 1306 1900
3 1900 1306 1901
3 1306 1308 1901
3 1901 1308 1898
3 1308 356 1898
3 1825 1902 353
3 1824 1903 1825
3 361 1904 1824
3 1825 1903 1902
3 1903 1905 1902
3 1824 1904 1903
3 1904 1906 1903
3 1903 1906 1905
3 1906 352 1905
3 361 360 1904
3 360 1907 1904
3 1904 1907 1906
3 1907 1908 1906
3 1906 1908 352
3 1908 350 352
3 1892 360 359
3 1895 1909 1892
3 358 1910 1895
3 1892 1909 360
3 1909 1907 360
3 1895 1910 1909
3 1910 1911 1909
3 1909 1911 1907
3 1911 1908 1907
3 358 357 1910
3 357 697 1910
3 1910 697 1911
3 697 680 1911
3 1911 680 1908
3 680 350 1908
3 1806 1912 347
3 1805 1913 1806
3 355 1914 1805
3 1806 1913 1912
3 1913 1915 1912
3 1805 1914 1913
3 1914 1916 1913
3 1913 1916 1915
3 1916 346 1915
3 355 354 1914
3 354 1917 1914
3 1914 1917 1916
3 1917 1918 1916
3 1916 1918 346
3 1918 344 346
3 1902 354 353
3 1905 1919 1902
3 352 1920 1905
3 1902 1919 354
3 1919 1917 354
3 1905 1920 1919
3 1920 1921 1919
3 1919 1921 1917
3 1921 1918 1917
3 352 351 1920
3 351 708 1920
3 1920 708 1921
3 708 707 1921
3 1921 707 1918
3 707 344 1918
3 1792 1922 341
3 1796 1923 1792
3 349 1924 1796
3 1792 1923 1922
3 1923 1925 1922
3 1796 1924 1923
3 1924 1926 1923
3 1923 1926 1925
3 1926 340 1925
3 349 348 1924
3 348 1927 1924
3 1924 1927 1926
3 1927 1928 1926
3 1926 1928 340
3 1928 338 340
3 1912 348 347
3 1915 1929 1912
3 346 1930 1915
3 1912 1929 348
3 1929 1927 348
3 1915 1930 1929
3 1930 1931 1929
3 1929 1931 1927
3 1931 1928 1927
3 346 345 1930
3 345 699 1930
3 1930 699 1931
3 699 698 1931
3 1931 698 1928
3 698 338 1928
3 396 1932 271
3 1793 1933 396
3 343 1934 1793
3 396 1933 1932
3 1933 1935 1932
3 1793 1934 1933
3 1934 1936 1933
3 1933 1936 1935
3 1936 270 1935
3 343 342 1934
3 342 1937 1934
3 1934 1937 1936
3 1937 1938 1936
3 1936 1938 270
3 1938 268 270
3 1922 342 341
3 1925 1939 1922
3 340 1940 1925
3 1922 1939 342
3 1939 1937 342
3 1925 1940 1939
3 1940 1941 1939
3 1939 1941 1937
3 1941 1938 1937
3 340 339 1940
3 339 702 1940
3 1940 702 1941
3 702 704 1941
3 1941 704 1938
3 704 268 1938
3 1584 1942 245
3 1587 1943 1584
3 337 1944 1587
3 1584 1943 1942
3 1943 1945 1942
3 1587 1944 1943
3 1944 1946 1943
3 1943 1946 1945
3 1946 244 1945
3 337 336 1944
3 336 1947 1944
3 1944 1947 1946
3 1947 1948 1946
3 1946 1948 244
3 1948 242 244
3 1948 960 242
3 1947 1949 1948
3 336 1950 1947
3 1948 1949 960
3 1949 958 960
3 1947 1950 1949
3 1950 1951 1949
3 1949 1951 958
3 1951 955 958
3 336 335 1950
3 335 1952 1950
3 1950 1952 1951
3 1952 1953 1951
3 1951 1953 955
3 1953 596 955
3 1591 335 334
3 1594 1954 1591
3 333 1955 1594
3 1591 1954 335
3 1954 1952 335
3 1594 1955 1954
3 1955 1956 1954
3 1954 1956 1952
3 1956 1953 1952
3 333 332 1955
3 332 1957 1955
3 1955 1957 1956
3 1957 1958 1956
3 1956 1958 1953
3 1958 596 1953
3 1958 597 596
3 1957 1959 1958
3 332 1960 1957
3 1958 1959 597
3 1959 953 597
3 1957 1960 1959
3 1960 1961 1959
3 1959 1961 953
3 1961 954 953
3 332 331 1960
3 331 1962 1960
3 1960 1962 1961
3 1962 1963 1961
3 1961 1963 954
3 1963 941 954
3 1604 331 330
3 1607 1964 1604
3 329 1965 1607
3 1604 1964 331
3 1964 1962 331
3 1607 1965 1964
3 1965 1966 1964
3 1964 1966 1962
3 1966 1963 1962
3 329 328 1965
3 328 1967 1965
3 1965 1967 1966
3 1967 1968 1966
3 1966 1968 1963
3 1968 941 1963
3 1968 938 941
3 1967 1969 1968
3 328 1970 1967
3 1968 1969 938
3 1969 936 938
3 1967 1970 1969
3 1970 1971 1969
3 1969 1971 936
3 1971 933 936
3 328 327 1970
3 327 1972 1970
3 1970 1972 1971
3 1972 1973 1971
3 1971 1973 933
3 1973 932 933
3 1616 327 326
3 1615 1974 1616
3 325 1975 1615
3 1616 1974 327
3 1974 1972 327
3 1615 1975 1974
3 1975 1976 1974
3 1974 1976 1972
3 1976 1973 1972
3 325 324 1975
3 324 1977 1975
3 1975 1977 1976
3 1977 1978 1976
3 1976 1978 1973
3 1978 932 1973
3 1978 929 932
3 1977 1979 1978
3 324 1980 1977
3 1978 1979 929
3 1979 927 929
3 1977 1980 1979
3 1980 1981 1979
3 1979 1981 927
3 1981 924 927
3 324 323 1980
3 323 1982 1980
3 1980 1982 1981
3 1982 1983 1981
3 1981 1983 924
3 1983 604 924
3 1671 323 322
3 1674 1984 1671
3 321 1985 1674
3 1671 1984 323
3 1984 1982 323
3 1674 1985 1984
3 1985 1986 1984
3 1984 1986 1982
3 1986 1983 1982
3 321 320 1985
3 320 1987 1985
3 1985 1987 1986
3 1987 1988 1986
3 1986 1988 1983
3 1988 604 1983
3 1988 605 604
3 1987 1989 1988
3 320 1990 1987
3 1988 1989 605
3 1989 922 605
3 1987 1990 1989
3 1990 1991 1989
3 1989 1991 922
3 1991 923 922
3 320 319 1990
3 319 1992 1990
3 1990 1992 1991
3 1992 1993 1991
3 1991 1993 923
3 1993 917 923
3 1678 319 318
3 1681 1994 1678
3 317 1995 1681
3 1678 1994 319
3 1994 1992 319
3 1681 1995 1994
3 1995 1996 1994
3 1994 1996 1992
3 1996 1993 1992
3 317 316 1995
3 316 1997 1995
3 1995 1997 1996
3 1997 1998 1996
3 1996 1998 1993
3 1998 917 1993
3 1998 914 917
3 1997 1999 1998
3 316 2000 1997
3 1998 1999 914
3 1999 912 914
3 1997 2000 1999
3 2000 2001 1999
3 1999 2001 912
3 2001 909 912
3 316 315 2000
3 315 2002 2000
3 2000 2002 2001
3 2002 2003 2001
3 2001 2003 909
3 2003 658 909
3 440 315 314
3 1638 2004 440
3 313 2005 1638
3 440 2004 315
3 2004 2002 315
3 1638 2005 2004
3 2005 2006 2004
3 2004 2006 2002
3 2006 2003 2002
3 313 312 2005
3 312 2007 2005
3 2005 2007 2006
3 2007 2008 2006
3 2006 2008 2003
3 2008 658 2003
3 2008 786 658
3 2007 2009 2008
3 312 2010 2007
3 2008 2009 786
3 2009 787 786
3 2007 2010 2009
3 2010 2011 2009
3 2009 2011 787
3 2011 657 787
3 312 311 2010
3 311 2012 2010
3 2010 2012 2011
3 2012 2013 2011
3 2011 2013 657
3 2013 655 657
3 443 311 310
3 1625 2014 443
3 309 2015 1625
3 443 2014 311
3 2014 2012 311
3 1625 2015 2014
3 2015 2016 2014
3 2014 2016 2012
3 2016 2013 2012
3 309 308 2015
3 308 2017 2015
3 2015 2017 2016
3 2017 2018 2016
3 2016 2018 2013
3 2018 655 2013
3 2018 760 655
3 2017 2019 2018
3 308 2020 2017
3 2018 2019 760
3 2019 758 760
3 2017 2020 2019
3 2020 2021 2019
3 2019 2021 758
3 2021 755 758
3 308 307 2020
3 307 2022 2020
3 2020 2022 2021
3 2022 2023 2021
3 2021 2023 755
3 2023 754 755
3 445 307 306
3 1618 2024 445
3 305 2025 1618
3 445 2024 307
3 2024 2022 307
3 1618 2025 2024
3 2025 2026 2024
3 2024 2026 2022
3 2026 2023 2022
3 305 304 2025
3 304 2027 2025
3 2025 2027 2026
3 2027 2028 2026
3 2026 2028 2023
3 2028 754 2023
3 2028 751 754
3 2027 2029 2028
3 304 2030 2027
3 2028 2029 751
3 2029 749 751
3 2027 2030 2029
3 2030 2031 2029
3 2029 2031 749
3 2031 744 749
3 304 303 2030
3 303 2032 2030
3 2030 2032 2031
3 2032 2033 2031
3 2031 2033 744
3 2033 745 744
3 1617 303 302
3 1621 2034 1617
3 301 2035 1621
3 1617 2034 303
3 2034 2032 303
3 1621 2035 2034
3 2035 2036 2034
3 2034 2036 2032
3 2036 2033 2032
3 301 300 2035
3 300 2037 2035
3 2035 2037 2036
3 2037 2038 2036
3 2036 2038 2033
3 2038 745 2033
3 2038 743 745
3 2037 2039 2038
3 300 2040 2037
3 2038 2039 743
3 2039 746 743
3 2037 2040 2039
3 2040 2041 2039
3 2039 2041 746
3 2041 668 746
3 300 299 2040
3 299 2042 2040
3 2040 2042 2041
3 2042 2043 2041
3 2041 2043 668
3 2043 665 668
3 1631 299 298
3 1634 2044 1631
3 297 2045 1634
3 1631 2044 299
3 2044 2042 299
3 1634 2045 2044
3 2045 2046 2044
3 2044 2046 2042
3 2046 2043 2042
3 297 296 2045
3 296 2047 2045
3 2045 2047 2046
3 2047 2048 2046
3 2046 2048 2043
3 2048 665 2043
3 2048 763 665
3 2047 2049 2048
3 296 2050 2047
3 2048 2049 763
3 2049 764 763
3 2047 2050 2049
3 2050 2051 2049
3 2049 2051 764
3 2051 664 764
3 296 295 2050
3 295 2052 2050
3 2050 2052 2051
3 2052 2053 2051
3 2051 2053 664
3 2053 662 664
3 1649 295 294
3 1648 2054 1649
3 293 2055 1648
3 1649 2054 295
3 2054 2052 295
3 1648 2055 2054
3 2055 2056 2054
3 2054 2056 2052
3 2056 2053 2052
3 293 292 2055
3 292 2057 2055
3 2055 2057 2056
3 2057 2058 2056
3 2056 2058 2053
3 2058 662 2053
3 2058 783 662
3 2057 2059 2058
3 292 2060 2057
3 2058 2059 783
3 2059 781 783
3 2057 2060 2059
3 2060 2061 2059
3 2059 2061 781
3 2061 778 781
3 292 291 2060
3 291 2062 2060
3 2060 2062 2061
3 2062 2063 2061
3 2061 2063 778
3 2063 777 778
3 1650 291 290
3 1653 2064 1650
3 289 2065 1653
3 1650 2064 291
3 2064 2062 291
3 1653 2065 2064
3 2065 2066 2064
3 2064 2066 2062
3 2066 2063 2062
3 289 288 2065
3 288 2067 2065
3 2065 2067 2066
3 2067 2068 2066
3 2066 2068 2063
3 2068 777 2063
3 2068 774 777
3 2067 2069 2068
3 288 2070 2067
3 2068 2069 774
3 2069 772 774
3 2067 2070 2069
3 2070 2071 2069
3 2069 2071 772
3 2071 769 772
3 288 287 2070
3 287 2072 2070
3 2070 2072 2071
3 2072 2073 2071
3 2071 2073 769
3 2073 669 769
3 1657 287 286
3 1660 2074 1657
3 285 2075 1660
3 1657 2074 287
3 2074 2072 287
3 1660 2075 2074
3 2075 2076 2074
3 2074 2076 2072
3 2076 2073 2072
3 285 284 2075
3 284 2077 2075
3 2075 2077 2076
3 2077 2078 2076
3 2076 2078 2073
3 2078 669 2073
3 2078 670 669
3 2077 2079 2078
3 284 2080 2077
3 2078 2079 670
3 2079 740 670
3 2077 2080 2079
3 2080 2081 2079
3 2079 2081 740
3 2081 741 740
3 284 283 2080
3 283 2082 2080
3 2080 2082 2081
3 2082 2083 2081
3 2081 2083 741
3 2083 742 741
3 1670 283 282
3 1669 2084 1670
3 281 2085 1669
3 1670 2084 283
3 2084 2082 283
3 1669 2085 2084
3 2085 2086 2084
3 2084 2086 2082
3 2086 2083 2082
3 281 280 2085
3 280 2087 2085
3 2085 2087 2086
3 2087 2088 2086
3 2086 2088 2083
3 2088 742 2083
3 2088 796 742
3 2087 2089 2088
3 280 2090 2087
3 2088 2089 796
3 2089 794 796
3 2087 2090 2089
3 2090 2091 2089
3 2089 2091 794
3 2091 791 794
3 280 279 2090
3 279 2092 2090
3 2090 2092 2091
3 2092 2093 2091
3 2091 2093 791
3 2093 672 791
3 1791 279 278
3 1790 2094 1791
3 277 2095 1790
3 1791 2094 279
3 2094 2092 279
3 1790 2095 2094
3 2095 2096 2094
3 2094 2096 2092
3 2096 2093 2092
3 277 276 2095
3 276 2097 2095
3 2095 2097 2096
3 2097 2098 2096
3 2096 2098 2093
3 2098 672 2093
3 2098 673 672
3 2097 2099 2098
3 276 2100 2097
3 2098 2099 673
3 2099 731 673
3 2097 2100 2099
3 2100 2101 2099
3 2099 2101 731
3 2101 732 731
3 276 275 2100
3 275 2102 2100
3 2100 2102 2101
3 2102 2103 2101
3 2101 2103 732
3 2103 726 732
3 1807 275 274
3 1810 2104 1807
3 273 2105 1810
3 1807 2104 275
3 2104 2102 275
3 1810 2105 2104
3 2105 2106 2104
3 2104 2106 2102
3 2106 2103 2102
3 273 272 2105
3 272 2107 2105
3 2105 2107 2106
3 2107 2108 2106
3 2106 2108 2103
3 2108 726 2103
3 1932 272 271
3 1935 2109 1932
3 270 2110 1935
3 1932 2109 272
3 2109 2107 272
3 1935 2110 2109
3 2110 2111 2109
3 2109 2111 2107
3 2111 2108 2107
3 270 269 2110
3 269 721 2110
3 2110 721 2111
3 721 723 2111
3 2111 723 2108
3 723 726 2108
3 1532 2112 215
3 1535 2113 1532
3 267 2114 1535
3 1532 2113 2112
3 2113 2115 2112
3 1535 2114 2113
3 2114 2116 2113
3 2113 2116 2115
3 2116 214 2115
3 267 266 2114
3 266 2117 2114
3 2114 2117 2116
3 2117 2118 2116
3 2116 2118 214
3 2118 212 214
3 2118 1023 212
3 2117 2119 2118
3 266 2120 2117
3 2118 2119 1023
3 2119 1021 1023
3 2117 2120 2119
3 2120 2121 2119
3 2119 2121 1021
3 2121 1018 1021
3 266 265 2120
3 265 2122 2120
3 2120 2122 2121
3 2122 2123 2121
3 2121 2123 1018
3 2123 1010 1018
3 1545 265 264
3 1548 2124 1545
3 263 2125 1548
3 1545 2124 265
3 2124 2122 265
3 1548 2125 2124
3 2125 2126 2124
3 2124 2126 2122
3 2126 2123 2122
3 263 262 2125
3 262 2127 2125
3 2125 2127 2126
3 2127 2128 2126
3 2126 2128 2123
3 2128 1010 2123
3 2128 1007 1010
3 2127 2129 2128
3 262 2130 2127
3 2128 2129 1007
3 2129 1005 1007
3 2127 2130 2129
3 2130 2131 2129
3 2129 2131 1005
3 2131 1002 1005
3 262 261 2130
3 261 2132 2130
3 2130 2132 2131
3 2132 2133 2131
3 2131 2133 1002
3 2133 1001 1002
3 1557 261 260
3 1556 2134 1557
3 259 2135 1556
3 1557 2134 261
3 2134 2132 261
3 1556 2135 2134
3 2135 2136 2134
3 2134 2136 2132
3 2136 2133 2132
3 259 258 2135
3 258 2137 2135
3 2135 2137 2136
3 2137 2138 2136
3 2136 2138 2133
3 2138 1001 2133
3 2138 998 1001
3 2137 2139 2138
3 258 2140 2137
3 2138 2139 998
3 2139 996 998
3 2137 2140 2139
3 2140 2141 2139
3 2139 2141 996
3 2141 993 996
3 258 257 2140
3 257 2142 2140
3 2140 2142 2141
3 2142 2143 2141
3 2141 2143 993
3 2143 587 993
3 1558 257 256
3 1561 2144 1558
3 255 2145 1561
3 1558 2144 257
3 2144 2142 257
3 1561 2145 2144
3 2145 2146 2144
3 2144 2146 2142
3 2146 2143 2142
3 255 254 2145
3 254 2147 2145
3 2145 2147 2146
3 2147 2148 2146
3 2146 2148 2143
3 2148 587 2143
3 2148 588 587
3 2147 2149 2148
3 254 2150 2147
3 2148 2149 588
3 2149 991 588
3 2147 2150 2149
3 2150 2151 2149
3 2149 2151 991
3 2151 992 991
3 254 253 2150
3 253 2152 2150
3 2150 2152 2151
3 2152 2153 2151
3 2151 2153 992
3 2153 986 992
3 1565 253 252
3 1568 2154 1565
3 251 2155 1568
3 1565 2154 253
3 2154 2152 253
3 1568 2155 2154
3 2155 2156 2154
3 2154 2156 2152
3 2156 2153 2152
3 251 250 2155
3 250 2157 2155
3 2155 2157 2156
3 2157 2158 2156
3 2156 2158 2153
3 2158 986 2153
3 2158 983 986
3 2157 2159 2158
3 250 2160 2157
3 2158 2159 983
3 2159 981 983
3 2157 2160 2159
3 2160 2161 2159
3 2159 2161 981
3 2161 978 981
3 250 249 2160
3 249 2162 2160
3 2160 2162 2161
3 2162 2163 2161
3 2161 2163 978
3 2163 970 978
3 1583 249 248
3 1582 2164 1583
3 247 2165 1582
3 1583 2164 249
3 2164 2162 249
3 1582 2165 2164
3 2165 2166 2164
3 2164 2166 2162
3 2166 2163 2162
3 247 246 2165
3 246 2167 2165
3 2165 2167 2166
3 2167 2168 2166
3 2166 2168 2163
3 2168 970 2163
3 1942 246 245
3 1945 2169 1942
3 244 2170 1945
3 1942 2169 246
3 2169 2167 246
3 1945 2170 2169
3 2170 2171 2169
3 2169 2171 2167
3 2171 2168 2167
3 244 243 2170
3 243 965 2170
3 2170 965 2171
3 965 967 2171
3 2171 967 2168
3 967 970 2168
3 477 2172 189
3 1475 2173 477
3 241 2174 1475
3 477 2173 2172
3 2173 2175 2172
3 1475 2174 2173
3 2174 2176 2173
3 2173 2176 2175
3 2176 188 2175
3 241 240 2174
3 240 2177 2174
3 2174 2177 2176
3 2177 2178 2176
3 2176 2178 188
3 2178 186 188
3 2178 1102 186
3 2177 2179 2178
3 240 2180 2177
3 2178 2179 1102
3 2179 1100 1102
3 2177 2180 2179
3 2180 2181 2179
3 2179 2181 1100
3 2181 1097 1100
3 240 239 2180
3 239 2182 2180
3 2180 2182 2181
3 2182 2183 2181
3 2181 2183 1097
3 2183 1089 1097
3 1479 239 238
3 1482 2184 1479
3 237 2185 1482
3 1479 2184 239
3 2184 2182 239
3 1482 2185 2184
3 2185 2186 2184
3 2184 2186 2182
3 2186 2183 2182
3 237 236 2185
3 236 2187 2185
3 2185 2187 2186
3 2187 2188 2186
3 2186 2188 2183
3 2188 1089 2183
3 2188 1086 1089
3 2187 2189 2188
3 236 2190 2187
3 2188 2189 1086
3 2189 1084 1086
3 2187 2190 2189
3 2190 2191 2189
3 2189 2191 1084
3 2191 1081 1084
3 236 235 2190
3 235 2192 2190
3 2190 2192 2191
3 2192 2193 2191
3 2191 2193 1081
3 2193 1080 1081
3 1486 235 234
3 1489 2194 1486
3 233 2195 1489
3 1486 2194 235
3 2194 2192 235
3 1489 2195 2194
3 2195 2196 2194
3 2194 2196 2192
3 2196 2193 2192
3 233 232 2195
3 232 2197 2195
3 2195 2197 2196
3 2197 2198 2196
3 2196 2198 2193
3 2198 1080 2193
3 2198 1077 1080
3 2197 2199 2198
3 232 2200 2197
3 2198 2199 1077
3 2199 1075 1077
3 2197 2200 2199
3 2200 2201 2199
3 2199 2201 1075
3 2201 1072 1075
3 232 231 2200
3 231 2202 2200
3 2200 2202 2201
3 2202 2203 2201
3 2201 2203 1072
3 2203 1064 1072
3 1504 231 230
3 1503 2204 1504
3 229 2205 1503
3 1504 2204 231
3 2204 2202 231
3 1503 2205 2204
3 2205 2206 2204
3 2204 2206 2202
3 2206 2203 2202
3 229 228 2205
3 228 2207 2205
3 2205 2207 2206
3 2207 2208 2206
3 2206 2208 2203
3 2208 1064 2203
3 2208 1061 1064
3 2207 2209 2208
3 228 2210 2207
3 2208 2209 1061
3 2209 1059 1061
3 2207 2210 2209
3 2210 2211 2209
3 2209 2211 1059
3 2211 1056 1059
3 228 227 2210
3 227 2212 2210
3 2210 2212 2211
3 2212 2213 2211
3 2211 2213 1056
3 2213 1055 1056
3 1505 227 226
3 1508 2214 1505
3 225 2215 1508
3 1505 2214 227
3 2214 2212 227
3 1508 2215 2214
3 2215 2216 2214
3 2214 2216 2212
3 2216 2213 2212
3 225 224 2215
3 224 2217 2215
3 2215 2217 2216
3 2217 2218 2216
3 2216 2218 2213
3 2218 1055 2213
3 2218 1052 1055
3 2217 2219 2218
3 224 2220 2217
3 2218 2219 1052
3 2219 1050 1052
3 2217 2220 2219
3 2220 2221 2219
3 2219 2221 1050
3 2221 1047 1050
3 224 223 2220
3 223 2222 2220
3 2220 2222 2221
3 2222 2223 2221
3 2221 2223 1047
3 2223 573 1047
3 1512 223 222
3 1515 2224 1512
3 221 2225 1515
3 1512 2224 223
3 2224 2222 223
3 1515 2225 2224
3 2225 2226 2224
3 2224 2226 2222
3 2226 2223 2222
3 221 220 2225
3 220 2227 2225
3 2225 2227 2226
3 2227 2228 2226
3 2226 2228 2223
3 2228 573 2223
3 2228 574 573
3 2227 2229 2228
3 220 2230 2227
3 2228 2229 574
3 2229 1045 574
3 2227 2230 2229
3 2230 2231 2229
3 2229 2231 1045
3 2231 1046 1045
3 220 219 2230
3 219 2232 2230
3 2230 2232 2231
3 2232 2233 2231
3 2231 2233 1046
3 2233 1033 1046
3 1525 219 218
3 1528 2234 1525
3 217 2235 1528
3 1525 2234 219
3 2234 2232 219
3 1528 2235 2234
3 2235 2236 2234
3 2234 2236 2232
3 2236 2233 2232
3 217 216 2235
3 216 2237 2235
3 2235 2237 2236
3 2237 2238 2236
3 2236 2238 2233
3 2238 1033 2233
3 2112 216 215
3 2115 2239 2112
3 214 2240 2115
3 2112 2239 216
3 2239 2237 216
3 2115 2240 2239
3 2240 2241 2239
3 2239 2241 2237
3 2241 2238 2237
3 214 213 2240
3 213 1028 2240
3 2240 1028 2241
3 1028 1030 2241
3 2241 1030 2238
3 1030 1033 2238
3 1420 2242 167
3 1423 2243 1420
3 211 2244 1423
3 1420 2243 2242
3 2243 2245 2242
3 1423 2244 2243
3 2244 2246 2243
3 2243 2246 2245
3 2246 166 2245
3 211 210 2244
3 210 2247 2244
3 2244 2247 2246
3 2247 2248 2246
3 2246 2248 166
3 2248 164 166
3 2248 1185 164
3 2247 2249 2248
3 210 2250 2247
3 2248 2249 1185
3 2249 1186 1185
3 2247 2250 2249
3 2250 2251 2249
3 2249 2251 1186
3 2251 542 1186
3 210 209 2250
3 209 2252 2250
3 2250 2252 2251
3 2252 2253 2251
3 2251 2253 542
3 2253 540 542
3 1427 209 208
3 1430 2254 1427
3 207 2255 1430
3 1427 2254 209
3 2254 2252 209
3 1430 2255 2254
3 2255 2256 2254
3 2254 2256 2252
3 2256 2253 2252
3 207 206 2255
3 206 2257 2255
3 2255 2257 2256
3 2257 2258 2256
3 2256 2258 2253
3 2258 540 2253
3 2258 1156 540
3 2257 2259 2258
3 206 2260 2257
3 2258 2259 1156
3 2259 1154 1156
3 2257 2260 2259
3 2260 2261 2259
3 2259 2261 1154
3 2261 1151 1154
3 206 205 2260
3 205 2262 2260
3 2260 2262 2261
3 2262 2263 2261
3 2261 2263 1151
3 2263 1143 1151
3 1439 205 204
3 1438 2264 1439
3 203 2265 1438
3 1439 2264 205
3 2264 2262 205
3 1438 2265 2264
3 2265 2266 2264
3 2264 2266 2262
3 2266 2263 2262
3 203 202 2265
3 202 2267 2265
3 2265 2267 2266
3 2267 2268 2266
3 2266 2268 2263
3 2268 1143 2263
3 2268 1140 1143
3 2267 2269 2268
3 202 2270 2267
3 2268 2269 1140
3 2269 1138 1140
3 2267 2270 2269
3 2270 2271 2269
3 2269 2271 1138
3 2271 1135 1138
3 202 201 2270
3 201 2272 2270
3 2270 2272 2271
3 2272 2273 2271
3 2271 2273 1135
3 2273 1134 1135
3 1440 201 200
3 1443 2274 1440
3 199 2275 1443
3 1440 2274 201
3 2274 2272 201
3 1443 2275 2274
3 2275 2276 2274
3 2274 2276 2272
3 2276 2273 2272
3 199 198 2275
3 198 2277 2275
3 2275 2277 2276
3 2277 2278 2276
3 2276 2278 2273
3 2278 1134 2273
3 2278 1131 1134
3 2277 2279 2278
3 198 2280 2277
3 2278 2279 1131
3 2279 1129 1131
3 2277 2280 2279
3 2280 2281 2279
3 2279 2281 1129
3 2281 1126 1129
3 198 197 2280
3 197 2282 2280
3 2280 2282 2281
3 2282 2283 2281
3 2281 2283 1126
3 2283 555 1126
3 1447 197 196
3 1450 2284 1447
3 195 2285 1450
3 1447 2284 197
3 2284 2282 197
3 1450 2285 2284
3 2285 2286 2284
3 2284 2286 2282
3 2286 2283 2282
3 195 194 2285
3 194 2287 2285
3 2285 2287 2286
3 2287 2288 2286
3 2286 2288 2283
3 2288 555 2283
3 2288 556 555
3 2287 2289 2288
3 194 2290 2287
3 2288 2289 556
3 2289 1124 556
3 2287 2290 2289
3 2290 2291 2289
3 2289 2291 1124
3 2291 1125 1124
3 194 193 2290
3 193 2292 2290
3 2290 2292 2291
3 2292 2293 2291
3 2291 2293 1125
3 2293 1112 1125
3 1460 193 192
3 1459 2294 1460
3 191 2295 1459
3 1460 2294 193
3 2294 2292 193
3 1459 2295 2294
3 2295 2296 2294
3 2294 2296 2292
3 2296 2293 2292
3 191 190 2295
3 190 2297 2295
3 2295 2297 2296
3 2297 2298 2296
3 2296 2298 2293
3 2298 1112 2293
3 2172 190 189
3 2175 2299 2172
3 188 2300 2175
3 2172 2299 190
3 2299 2297 190
3 2175 2300 2299
3 2300 2301 2299
3 2299 2301 2297
3 2301 2298 2297
3 188 187 2300
3 187 1107 2300
3 2300 1107 2301
3 1107 1109 2301
3 2301 1109 2298
3 1109 1112 2298
3 1355 2302 161
3 1359 2303 1355
3 185 2304 1359
3 1355 2303 2302
3 2303 2305 2302
3 1359 2304 2303
3 2304 2306 2303
3 2303 2306 2305
3 2306 160 2305
3 185 184 2304
3 184 2307 2304
3 2304 2307 2306
3 2307 2308 2306
3 2306 2308 160
3 2308 158 160
3 2308 1272 158
3 2307 2309 2308
3 184 2310 2307
3 2308 2309 1272
3 2309 1270 1272
3 2307 2310 2309
3 2310 2311 2309
3 2309 2311 1270
3 2311 1267 1270
3 184 183 2310
3 183 2312 2310
3 2310 2312 2311
3 2312 2313 2311
3 2311 2313 1267
3 2313 1245 1267
3 1381 183 182
3 1384 2314 1381
3 181 2315 1384
3 1381 2314 183
3 2314 2312 183
3 1384 2315 2314
3 2315 2316 2314
3 2314 2316 2312
3 2316 2313 2312
3 181 180 2315
3 180 2317 2315
3 2315 2317 2316
3 2317 2318 2316
3 2316 2318 2313
3 2318 1245 2313
3 2318 1242 1245
3 2317 2319 2318
3 180 2320 2317
3 2318 2319 1242
3 2319 1240 1242
3 2317 2320 2319
3 2320 2321 2319
3 2319 2321 1240
3 2321 1237 1240
3 180 179 2320
3 179 2322 2320
3 2320 2322 2321
3 2322 2323 2321
3 2321 2323 1237
3 2323 1229 1237
3 1394 179 178
3 1397 2324 1394
3 177 2325 1397
3 1394 2324 179
3 2324 2322 179
3 1397 2325 2324
3 2325 2326 2324
3 2324 2326 2322
3 2326 2323 2322
3 177 176 2325
3 176 2327 2325
3 2325 2327 2326
3 2327 2328 2326
3 2326 2328 2323
3 2328 1229 2323
3 2328 1226 1229
3 2327 2329 2328
3 176 2330 2327
3 2328 2329 1226
3 2329 1224 1226
3 2327 2330 2329
3 2330 2331 2329
3 2329 2331 1224
3 2331 1221 1224
3 176 175 2330
3 175 2332 2330
3 2330 2332 2331
3 2332 2333 2331
3 2331 2333 1221
3 2333 1220 1221
3 1401 175 174
3 1404 2334 1401
3 173 2335 1404
3 1401 2334 175
3 2334 2332 175
3 1404 2335 2334
3 2335 2336 2334
3 2334 2336 2332
3 2336 2333 2332
3 173 172 2335
3 172 2337 2335
3 2335 2337 2336
3 2337 2338 2336
3 2336 2338 2333
3 2338 1220 2333
3 2338 1217 1220
3 2337 2339 2338
3 172 2340 2337
3 2338 2339 1217
3 2339 1215 1217
3 2337 2340 2339
3 2340 2341 2339
3 2339 2341 1215
3 2341 1212 1215
3 172 171 2340
3 171 2342 2340
3 2340 2342 2341
3 2342 2343 2341
3 2341 2343 1212
3 2343 536 1212
3 1419 171 170
3 1418 2344 1419
3 169 2345 1418
3 1419 2344 171
3 2344 2342 171
3 1418 2345 2344
3 2345 2346 2344
3 2344 2346 2342
3 2346 2343 2342
3 169 168 2345
3 168 2347 2345
3 2345 2347 2346
3 2347 2348 2346
3 2346 2348 2343
3 2348 536 2343
3 2242 168 167
3 2245 2349 2242
3 166 2350 2245
3 2242 2349 168
3 2349 2347 168
3 2245 2350 2349
3 2350 2351 2349
3 2349 2351 2347
3 2351 2348 2347
3 166 165 2350
3 165 1208 2350
3 2350 1208 2351
3 1208 1207 2351
3 2351 1207 2348
3 1207 536 2348
3 384 1877 377
3 1853 2352 384
3 163 2353 1853
3 384 2352 1877
3 2352 1878 1877
3 1853 2353 2352
3 2353 2354 2352
3 2352 2354 1878
3 2354 376 1878
3 163 162 2353
3 162 2355 2353
3 2353 2355 2354
3 2355 2356 2354
3 2354 2356 376
3 2356 374 376
3 2302 162 161
3 2305 2357 2302
3 160 2358 2305
3 2302 2357 162
3 2357 2355 162
3 2305 2358 2357
3 2358 2359 2357
3 2357 2359 2355
3 2359 2356 2355
3 160 159 2358
3 159 1291 2358
3 2358 1291 2359
3 1291 1293 2359
3 2359 1293 2356
3 1293 374 2356
3 1846 2360 133
3 1849 2361 1846
3 157 2362 1849
3 1846 2361 2360
3 2361 2363 2360
3 1849 2362 2361
3 2362 2364 2361
3 2361 2364 2363
3 2364 132 2363
3 157 156 2362
3 156 2365 2362
3 2362 2365 2364
3 2365 2366 2364
3 2364 2366 132
3 2366 130 132
3 2367 156 155
3 2368 2369 2367
3 154 2370 2368
3 2367 2369 156
3 2369 2365 156
3 2368 2370 2369
3 2370 2371 2369
3 2369 2371 2365
3 2371 2366 2365
3 154 153 2370
3 153 1283 2370
3 2370 1283 2371
3 1283 1282 2371
3 2371 1282 2366
3 1282 130 2366
3 494 2372 107
3 1388 2373 494
3 151 2374 1388
3 494 2373 2372
3 2373 2375 2372
3 1388 2374 2373
3 2374 2376 2373
3 2373 2376 2375
3 2376 106 2375
3 151 150 2374
3 150 2377 2374
3 2374 2377 2376
3 2377 2378 2376
3 2376 2378 106
3 2378 104 106
3 2378 1230 104
3 2377 2379 2378
3 150 2380 2377
3 2378 2379 1230
3 2379 1231 1230
3 2377 2380 2379
3 2380 2381 2379
3 2379 2381 1231
3 2381 531 1231
3 150 149 2380
3 149 2382 2380
3 2380 2382 2381
3 2382 2383 2381
3 2381 2383 531
3 2383 528 531
3 497 149 148
3 1375 2384 497
3 147 2385 1375
3 497 2384 149
3 2384 2382 149
3 1375 2385 2384
3 2385 2386 2384
3 2384 2386 2382
3 2386 2383 2382
3 147 146 2385
3 146 2387 2385
3 2385 2387 2386
3 2387 2388 2386
3 2386 2388 2383
3 2388 528 2383
3 2388 1246 528
3 2387 2389 2388
3 146 2390 2387
3 2388 2389 1246
3 2389 1247 1246
3 2387 2390 2389
3 2390 2391 2389
3 2389 2391 1247
3 2391 527 1247
3 146 145 2390
3 145 2392 2390
3 2390 2392 2391
3 2392 2393 2391
3 2391 2393 527
3 2393 525 527
3 499 145 144
3 1369 2394 499
3 143 2395 1369
3 499 2394 145
3 2394 2392 145
3 1369 2395 2394
3 2395 2396 2394
3 2394 2396 2392
3 2396 2393 2392
3 143 142 2395
3 142 2397 2395
3 2395 2397 2396
3 2397 2398 2396
3 2396 2398 2393
3 2398 525 2393
3 2398 1253 525
3 2397 2399 2398
3 142 2400 2397
3 2398 2399 1253
3 2399 1254 1253
3 2397 2400 2399
3 2400 2401 2399
3 2399 2401 1254
3 2401 524 1254
3 142 141 2400
3 141 2402 2400
3 2400 2402 2401
3 2402 2403 2401
3 2401 2403 524
3 2403 522 524
3 501 141 140
3 1363 2404 501
3 139 2405 1363
3 501 2404 141
3 2404 2402 141
3 1363 2405 2404
3 2405 2406 2404
3 2404 2406 2402
3 2406 2403 2402
3 139 138 2405
3 138 2407 2405
3 2405 2407 2406
3 2407 2408 2406
3 2406 2408 2403
3 2408 522 2403
3 2408 1260 522
3 2407 2409 2408
3 138 2410 2407
3 2408 2409 1260
3 2409 1261 1260
3 2407 2410 2409
3 2410 2411 2409
3 2409 2411 1261
3 2411 521 1261
3 138 137 2410
3 137 2412 2410
3 2410 2412 2411
3 2412 2413 2411
3 2411 2413 521
3 2413 518 521
3 1839 137 136
3 1842 2414 1839
3 135 2415 1842
3 1839 2414 137
3 2414 2412 137
3 1842 2415 2414
3 2415 2416 2414
3 2414 2416 2412
3 2416 2413 2412
3 135 134 2415
3 134 2417 2415
3 2415 2417 2416
3 2417 2418 2416
3 2416 2418 2413
3 2418 518 2413
3 2360 134 133
3 2363 2419 2360
3 132 2420 2363
3 2360 2419 134
3 2419 2417 134
3 2363 2420 2419
3 2420 2421 2419
3 2419 2421 2417
3 2421 2418 2417
3 132 131 2420
3 131 1276 2420
3 2420 1276 2421
3 1276 1275 2421
3 2421 1275 2418
3 1275 518 2418
3 1335 2422 81
3 1338 2423 1335
3 129 2424 1338
3 1335 2423 2422
3 2423 2425 2422
3 1338 2424 2423
3 2424 2426 2423
3 2423 2426 2425
3 2426 80 2425
3 129 128 2424
3 128 2427 2424
3 2424 2427 2426
3 2427 2428 2426
3 2426 2428 80
3 2428 78 80
3 2428 1144 78
3 2427 2429 2428
3 128 2430 2427
3 2428 2429 1144
3 2429 1145 1144
3 2427 2430 2429
3 2430 2431 2429
3 2429 2431 1145
3 2431 551 1145
3 128 127 2430
3 127 2432 2430
3 2430 2432 2431
3 2432 2433 2431
3 2431 2433 551
3 2433 548 551
3 1342 127 126
3 1345 2434 1342
3 125 2435 1345
3 1342 2434 127
3 2434 2432 127
3 1345 2435 2434
3 2435 2436 2434
3 2434 2436 2432
3 2436 2433 2432
3 125 124 2435
3 124 2437 2435
3 2435 2437 2436
3 2437 2438 2436
3 2436 2438 2433
3 2438 548 2433
3 2438 1159 548
3 2437 2439 2438
3 124 2440 2437
3 2438 2439 1159
3 2439 1160 1159
3 2437 2440 2439
3 2440 2441 2439
3 2439 2441 1160
3 2441 547 1160
3 124 123 2440
3 123 2442 2440
3 2440 2442 2441
3 2442 2443 2441
3 2441 2443 547
3 2443 545 547
3 1354 123 122
3 1353 2444 1354
3 121 2445 1353
3 1354 2444 123
3 2444 2442 123
3 1353 2445 2444
3 2445 2446 2444
3 2444 2446 2442
3 2446 2443 2442
3 121 120 2445
3 120 2447 2445
3 2445 2447 2446
3 2447 2448 2446
3 2446 2448 2443
3 2448 545 2443
3 2448 1182 545
3 2447 2449 2448
3 120 2450 2447
3 2448 2449 1182
3 2449 1180 1182
3 2447 2450 2449
3 2450 2451 2449
3 2449 2451 1180
3 2451 1177 1180
3 120 119 2450
3 119 2452 2450
3 2450 2452 2451
3 2452 2453 2451
3 2451 2453 1177
3 2453 1176 1177
3 1461 119 118
3 1464 2454 1461
3 117 2455 1464
3 1461 2454 119
3 2454 2452 119
3 1464 2455 2454
3 2455 2456 2454
3 2454 2456 2452
3 2456 2453 2452
3 117 116 2455
3 116 2457 2455
3 2455 2457 2456
3 2457 2458 2456
3 2456 2458 2453
3 2458 1176 2453
3 2458 1173 1176
3 2457 2459 2458
3 116 2460 2457
3 2458 2459 1173
3 2459 1171 1173
3 2457 2460 2459
3 2460 2461 2459
3 2459 2461 1171
3 2461 1166 1171
3 116 115 2460
3 115 2462 2460
3 2460 2462 2461
3 2462 2463 2461
3 2461 2463 1166
3 2463 1167 1166
3 1468 115 114
3 1471 2464 1468
3 113 2465 1471
3 1468 2464 115
3 2464 2462 115
3 1471 2465 2464
3 2465 2466 2464
3 2464 2466 2462
3 2466 2463 2462
3 113 112 2465
3 112 2467 2465
3 2465 2467 2466
3 2467 2468 2466
3 2466 2468 2463
3 2468 1167 2463
3 2468 1204 1167
3 2467 2469 2468
3 112 2470 2467
3 2468 2469 1204
3 2469 1202 1204
3 2467 2470 2469
3 2470 2471 2469
3 2469 2471 1202
3 2471 1199 1202
3 112 111 2470
3 111 2472 2470
3 2470 2472 2471
3 2472 2473 2471
3 2471 2473 1199
3 2473 1198 1199
3 490 111 110
3 1408 2474 490
3 109 2475 1408
3 490 2474 111
3 2474 2472 111
3 1408 2475 2474
3 2475 2476 2474
3 2474 2476 2472
3 2476 2473 2472
3 109 108 2475
3 108 2477 2475
3 2475 2477 2476
3 2477 2478 2476
3 2476 2478 2473
3 2478 1198 2473
3 2372 108 107
3 2375 2479 2372
3 106 2480 2375
3 2372 2479 108
3 2479 2477 108
3 2375 2480 2479
3 2480 2481 2479
3 2479 2481 2477
3 2481 2478 2477
3 106 105 2480
3 105 1193 2480
3 2480 1193 2481
3 1193 1195 2481
3 2481 1195 2478
3 1195 1198 2478
3 455 2482 15
3 1572 2483 455
3 103 2484 1572
3 455 2483 2482
3 2483 2485 2482
3 1572 2484 2483
3 2484 2486 2483
3 2483 2486 2485
3 2486 14 2485
3 103 102 2484
3 102 2487 2484
3 2484 2487 2486
3 2487 2488 2486
3 2486 2488 14
3 2488 12 14
3 2488 971 12
3 2487 2489 2488
3 102 2490 2487
3 2488 2489 971
3 2489 972 971
3 2487 2490 2489
3 2490 2491 2489
3 2489 2491 972
3 2491 592 972
3 102 101 2490
3 101 2492 2490
3 2490 2492 2491
3 2492 2493 2491
3 2491 2493 592
3 2493 583 592
3 462 101 100
3 1539 2494 462
3 99 2495 1539
3 462 2494 101
3 2494 2492 101
3 1539 2495 2494
3 2495 2496 2494
3 2494 2496 2492
3 2496 2493 2492
3 99 98 2495
3 98 2497 2495
3 2495 2497 2496
3 2497 2498 2496
3 2496 2498 2493
3 2498 583 2493
3 2498 1011 583
3 2497 2499 2498
3 98 2500 2497
3 2498 2499 1011
3 2499 1012 1011
3 2497 2500 2499
3 2500 2501 2499
3 2499 2501 1012
3 2501 582 1012
3 98 97 2500
3 97 2502 2500
3 2500 2502 2501
3 2502 2503 2501
3 2501 2503 582
3 2503 578 582
3 466 97 96
3 1519 2504 466
3 95 2505 1519
3 466 2504 97
3 2504 2502 97
3 1519 2505 2504
3 2505 2506 2504
3 2504 2506 2502
3 2506 2503 2502
3 95 94 2505
3 94 2507 2505
3 2505 2507 2506
3 2507 2508 2506
3 2506 2508 2503
3 2508 578 2503
3 2508 1034 578
3 2507 2509 2508
3 94 2510 2507
3 2508 2509 1034
3 2509 1035 1034
3 2507 2510 2509
3 2510 2511 2509
3 2509 2511 1035
3 2511 577 1035
3 94 93 2510
3 93 2512 2510
3 2510 2512 2511
3 2512 2513 2511
3 2511 2513 577
3 2513 569 577
3 472 93 92
3 1493 2514 472
3 91 2515 1493
3 472 2514 93
3 2514 2512 93
3 1493 2515 2514
3 2515 2516 2514
3 2514 2516 2512
3 2516 2513 2512
3 91 90 2515
3 90 2517 2515
3 2515 2517 2516
3 2517 2518 2516
3 2516 2518 2513
3 2518 569 2513
3 2518 1065 569
3 2517 2519 2518
3 90 2520 2517
3 2518 2519 1065
3 2519 1066 1065
3 2517 2520 2519
3 2520 2521 2519
3 2519 2521 1066
3 2521 568 1066
3 90 89 2520
3 89 2522 2520
3 2520 2522 2521
3 2522 2523 2521
3 2521 2523 568
3 2523 564 568
3 1321 89 88
3 1325 2524 1321
3 87 2525 1325
3 1321 2524 89
3 2524 2522 89
3 1325 2525 2524
3 2525 2526 2524
3 2524 2526 2522
3 2526 2523 2522
3 87 86 2525
3 86 2527 2525
3 2525 2527 2526
3 2527 2528 2526
3 2526 2528 2523
3 2528 564 2523
3 2528 1090 564
3 2527 2529 2528
3 86 2530 2527
3 2528 2529 1090
3 2529 1091 1090
3 2527 2530 2529
3 2530 2531 2529
3 2529 2531 1091
3 2531 563 1091
3 86 85 2530
3 85 2532 2530
3 2530 2532 2531
3 2532 2533 2531
3 2531 2533 563
3 2533 559 563
3 1334 85 84
3 1333 2534 1334
3 83 2535 1333
3 1334 2534 85
3 2534 2532 85
3 1333 2535 2534
3 2535 2536 2534
3 2534 2536 2532
3 2536 2533 2532
3 83 82 2535
3 82 2537 2535
3 2535 2537 2536
3 2537 2538 2536
3 2536 2538 2533
3 2538 559 2533
3 2422 82 81
3 2425 2539 2422
3 80 2540 2425
3 2422 2539 82
3 2539 2537 82
3 2425 2540 2539
3 2540 2541 2539
3 2539 2541 2537
3 2541 2538 2537
3 80 79 2540
3 79 1114 2540
3 2540 1114 2541
3 1114 1113 2541
3 2541 1113 2538
3 1113 559 2538
3 402 2542 9
3 1769 2543 402
3 77 2544 1769
3 402 2543 2542
3 2543 2545 2542
3 1769 2544 2543
3 2544 2546 2543
3 2543 2546 2545
3 2546 8 2545
3 77 76 2544
3 76 2547 2544
3 2544 2547 2546
3 2547 2548 2546
3 2546 2548 8
3 2548 6 8
3 2548 804 6
3 2547 2549 2548
3 76 2550 2547
3 2548 2549 804
3 2549 805 804
3 2547 2550 2549
3 2550 2551 2549
3 2549 2551 805
3 2551 651 805
3 76 75 2550
3 75 2552 2550
3 2550 2552 2551
3 2552 2553 2551
3 2551 2553 651
3 2553 649 651
3 404 75 74
3 1763 2554 404
3 73 2555 1763
3 404 2554 75
3 2554 2552 75
3 1763 2555 2554
3 2555 2556 2554
3 2554 2556 2552
3 2556 2553 2552
3 73 72 2555
3 72 2557 2555
3 2555 2557 2556
3 2557 2558 2556
3 2556 2558 2553
3 2558 649 2553
3 2558 811 649
3 2557 2559 2558
3 72 2560 2557
3 2558 2559 811
3 2559 812 811
3 2557 2560 2559
3 2560 2561 2559
3 2559 2561 812
3 2561 648 812
3 72 71 2560
3 71 2562 2560
3 2560 2562 2561
3 2562 2563 2561
3 2561 2563 648
3 2563 646 648
3 406 71 70
3 1757 2564 406
3 69 2565 1757
3 406 2564 71
3 2564 2562 71
3 1757 2565 2564
3 2565 2566 2564
3 2564 2566 2562
3 2566 2563 2562
3 69 68 2565
3 68 2567 2565
3 2565 2567 2566
3 2567 2568 2566
3 2566 2568 2563
3 2568 646 2563
3 2568 818 646
3 2567 2569 2568
3 68 2570 2567
3 2568 2569 818
3 2569 819 818
3 2567 2570 2569
3 2570 2571 2569
3 2569 2571 819
3 2571 645 819
3 68 67 2570
3 67 2572 2570
3 2570 2572 2571
3 2572 2573 2571
3 2571 2573 645
3 2573 643 645
3 408 67 66
3 1751 2574 408
3 65 2575 1751
3 408 2574 67
3 2574 2572 67
3 1751 2575 2574
3 2575 2576 2574
3 2574 2576 2572
3 2576 2573 2572
3 65 64 2575
3 64 2577 2575
3 2575 2577 2576
3 2577 2578 2576
3 2576 2578 2573
3 2578 643 2573
3 2578 825 643
3 2577 2579 2578
3 64 2580 2577
3 2578 2579 825
3 2579 826 825
3 2577 2580 2579
3 2580 2581 2579
3 2579 2581 826
3 2581 642 826
3 64 63 2580
3 63 2582 2580
3 2580 2582 2581
3 2582 2583 2581
3 2581 2583 642
3 2583 640 642
3 410 63 62
3 1745 2584 410
3 61 2585 1745
3 410 2584 63
3 2584 2582 63
3 1745 2585 2584
3 2585 2586 2584
3 2584 2586 2582
3 2586 2583 2582
3 61 60 2585
3 60 2587 2585
3 2585 2587 2586
3 2587 2588 2586
3 2586 2588 2583
3 2588 640 2583
3 2588 832 640
3 2587 2589 2588
3 60 2590 2587
3 2588 2589 832
3 2589 833 832
3 2587 2590 2589
3 2590 2591 2589
3 2589 2591 833
3 2591 639 833
3 60 59 2590
3 59 2592 2590
3 2590 2592 2591
3 2592 2593 2591
3 2591 2593 639
3 2593 637 639
3 412 59 58
3 1739 2594 412
3 57 2595 1739
3 412 2594 59
3 2594 2592 59
3 1739 2595 2594
3 2595 2596 2594
3 2594 2596 2592
3 2596 2593 2592
3 57 56 2595
3 56 2597 2595
3 2595 2597 2596
3 2597 2598 2596
3 2596 2598 2593
3 2598 637 2593
3 2598 839 637
3 2597 2599 2598
3 56 2600 2597
3 2598 2599 839
3 2599 840 839
3 2597 2600 2599
3 2600 2601 2599
3 2599 2601 840
3 2601 636 840
3 56 55 2600
3 55 2602 2600
3 2600 2602 2601
3 2602 2603 2601
3 2601 2603 636
3 2603 634 636
3 414 55 54
3 1733 2604 414
3 53 2605 1733
3 414 2604 55
3 2604 2602 55
3 1733 2605 2604
3 2605 2606 2604
3 2604 2606 2602
3 2606 2603 2602
3 53 52 2605
3 52 2607 2605
3 2605 2607 2606
3 2607 2608 2606
3 2606 2608 2603
3 2608 634 2603
3 2608 846 634
3 2607 2609 2608
3 52 2610 2607
3 2608 2609 846
3 2609 847 846
3 2607 2610 2609
3 2610 2611 2609
3 2609 2611 847
3 2611 633 847
3 52 51 2610
3 51 2612 2610
3 2610 2612 2611
3 2612 2613 2611
3 2611 2613 633
3 2613 631 633
3 416 51 50
3 1727 2614 416
3 49 2615 1727
3 416 2614 51
3 2614 2612 51
3 1727 2615 2614
3 2615 2616 2614
3 2614 2616 2612
3 2616 2613 2612
3 49 48 2615
3 48 2617 2615
3 2615 2617 2616
3 2617 2618 2616
3 2616 2618 2613
3 2618 631 2613
3 2618 853 631
3 2617 2619 2618
3 48 2620 2617
3 2618 2619 853
3 2619 854 853
3 2617 2620 2619
3 2620 2621 2619
3 2619 2621 854
3 2621 630 854
3 48 47 2620
3 47 2622 2620
3 2620 2622 2621
3 2622 2623 2621
3 2621 2623 630
3 2623 628 630
3 418 47 46
3 1721 2624 418
3 45 2625 1721
3 418 2624 47
3 2624 2622 47
3 1721 2625 2624
3 2625 2626 2624
3 2624 2626 2622
3 2626 2623 2622
3 45 44 2625
3 44 2627 2625
3 2625 2627 2626
3 2627 2628 2626
3 2626 2628 2623
3 2628 628 2623
3 2628 860 628
3 2627 2629 2628
3 44 2630 2627
3 2628 2629 860
3 2629 861 860
3 2627 2630 2629
3 2630 2631 2629
3 2629 2631 861
3 2631 627 861
3 44 43 2630
3 43 2632 2630
3 2630 2632 2631
3 2632 2633 2631
3 2631 2633 627
3 2633 625 627
3 420 43 42
3 1715 2634 420
3 41 2635 1715
3 420 2634 43
3 2634 2632 43
3 1715 2635 2634
3 2635 2636 2634
3 2634 2636 2632
3 2636 2633 2632
3 41 40 2635
3 40 2637 2635
3 2635 2637 2636
3 2637 2638 2636
3 2636 2638 2633
3 2638 625 2633
3 2638 867 625
3 2637 2639 2638
3 40 2640 2637
3 2638 2639 867
3 2639 868 867
3 2637 2640 2639
3 2640 2641 2639
3 2639 2641 868
3 2641 624 868
3 40 39 2640
3 39 2642 2640
3 2640 2642 2641
3 2642 2643 2641
3 2641 2643 624
3 2643 622 624
3 422 39 38
3 1709 2644 422
3 37 2645 1709
3 422 2644 39
3 2644 2642 39
3 1709 2645 2644
3 2645 2646 2644
3 2644 2646 2642
3 2646 2643 2642
3 37 36 2645
3 36 2647 2645
3 2645 2647 2646
3 2647 2648 2646
3 2646 2648 2643
3 2648 622 2643
3 2648 874 622
3 2647 2649 2648
3 36 2650 2647
3 2648 2649 874
3 2649 875 874
3 2647 2650 2649
3 2650 2651 2649
3 2649 2651 875
3 2651 621 875
3 36 35 2650
3 35 2652 2650
3 2650 2652 2651
3 2652 2653 2651
3 2651 2653 621
3 2653 619 621
3 424 35 34
3 1703 2654 424
3 33 2655 1703
3 424 2654 35
3 2654 2652 35
3 1703 2655 2654
3 2655 2656 2654
3 2654 2656 2652
3 2656 2653 2652
3 33 32 2655
3 32 2657 2655
3 2655 2657 2656
3 2657 2658 2656
3 2656 2658 2653
3 2658 619 2653
3 2658 881 619
3 2657 2659 2658
3 32 2660 2657
3 2658 2659 881
3 2659 882 881
3 2657 2660 2659
3 2660 2661 2659
3 2659 2661 882
3 2661 618 882
3 32 31 2660
3 31 2662 2660
3 2660 2662 2661
3 2662 2663 2661
3 2661 2663 618
3 2663 616 618
3 426 31 30
3 1697 2664 426
3 29 2665 1697
3 426 2664 31
3 2664 2662 31
3 1697 2665 2664
3 2665 2666 2664
3 2664 2666 2662
3 2666 2663 2662
3 29 28 2665
3 28 2667 2665
3 2665 2667 2666
3 2667 2668 2666
3 2666 2668 2663
3 2668 616 2663
3 2668 888 616
3 2667 2669 2668
3 28 2670 2667
3 2668 2669 888
3 2669 889 888
3 2667 2670 2669
3 2670 2671 2669
3 2669 2671 889
3 2671 615 889
3 28 27 2670
3 27 2672 2670
3 2670 2672 2671
3 2672 2673 2671
3 2671 2673 615
3 2673 613 615
3 428 27 26
3 1691 2674 428
3 25 2675 1691
3 428 2674 27
3 2674 2672 27
3 1691 2675 2674
3 2675 2676 2674
3 2674 2676 2672
3 2676 2673 2672
3 25 24 2675
3 24 2677 2675
3 2675 2677 2676
3 2677 2678 2676
3 2676 2678 2673
3 2678 613 2673
3 2678 895 613
3 2677 2679 2678
3 24 2680 2677
3 2678 2679 895
3 2679 896 895
3 2677 2680 2679
3 2680 2681 2679
3 2679 2681 896
3 2681 612 896
3 24 23 2680
3 23 2682 2680
3 2680 2682 2681
3 2682 2683 2681
3 2681 2683 612
3 2683 610 612
3 430 23 22
3 1685 2684 430
3 21 2685 1685
3 430 2684 23
3 2684 2682 23
3 1685 2685 2684
3 2685 2686 2684
3 2684 2686 2682
3 2686 2683 2682
3 21 20 2685
3 20 2687 2685
3 2685 2687 2686
3 2687 2688 2686
3 2686 2688 2683
3 2688 610 2683
3 2688 902 610
3 2687 2689 2688
3 20 2690 2687
3 2688 2689 902
3 2689 903 902
3 2687 2690 2689
3 2690 2691 2689
3 2689 2691 903
3 2691 609 903
3 20 19 2690
3 19 2692 2690
3 2690 2692 2691
3 2692 2693 2691
3 2691 2693 609
3 2693 600 609
3 449 19 18
3 1598 2694 449
3 17 2695 1598
3 449 2694 19
3 2694 2692 19
3 1598 2695 2694
3 2695 2696 2694
3 2694 2696 2692
3 2696 2693 2692
3 17 16 2695
3 16 2697 2695
3 2695 2697 2696
3 2697 2698 2696
3 2696 2698 2693
3 2698 600 2693
3 2482 16 15
3 2485 2699 2482
3 14 2700 2485
3 2482 2699 16
3 2699 2697 16
3 2485 2700 2699
3 2700 2701 2699
3 2699 2701 2697
3 2701 2698 2697
3 14 13 2700
3 13 943 2700
3 2700 943 2701
3 943 942 2701
3 2701 942 2698
3 942 600 2698
3 400 2702 3
3 1775 2703 400
3 11 2704 1775
3 400 2703 2702
3 2703 2705 2702
3 1775 2704 2703
3 2704 2706 2703
3 2703 2706 2705
3 2706 2 2705
3 11 10 2704
3 10 2707 2704
3 2704 2707 2706
3 2707 2708 2706
3 2706 2708 2
3 2708 0 2
3 2542 10 9
3 2545 2709 2542
3 8 2710 2545
3 2542 2709 10
3 2709 2707 10
3 2545 2710 2709
3 2710 2711 2709
3 2709 2711 2707
3 2711 2708 2707
3 8 7 2710
3 7 685 2710
3 2710 685 2711
3 685 683 2711
3 2711 683 2708
3 683 0 2708
3 1859 2367 155
3 1862 2712 1859
3 5 2713 1862
3 1859 2712 2367
3 2712 2368 2367
3 1862 2713 2712
3 2713 2714 2712
3 2712 2714 2368
3 2714 154 2368
3 5 4 2713
3 4 2715 2713
3 2713 2715 2714
3 2715 2716 2714
3 2714 2716 154
3 2716 152 154
3 2702 4 3
3 2705 2717 2702
3 2 2718 2705
3 2702 2717 4
3 2717 2715 4
3 2705 2718 2717
3 2718 2719 2717
3 2717 2719 2715
3 2719 2716 2715
3 2 1 2718
3 1 1297 2718
3 2718 1297 2719
3 1297 1296 2719
3 2719 1296 2716
3 1296 152 2716
